 M =        25000
   1.2451782822608948E-006
   5.5236741900444031E-006
   6.6380016505718231E-006
   6.6407956182956696E-006
   7.6387077569961548E-006
   7.8030861914157867E-006
   1.0204501450061798E-005
   1.0691117495298386E-005
   1.1510215699672699E-005
   1.2444797903299332E-005
   1.5242025256156921E-005
   1.9087921828031540E-005
   2.2660940885543823E-005
   2.3015774786472321E-005
   2.3539178073406219E-005
   3.1753443181514740E-005
   3.3237971365451813E-005
   3.9324164390563965E-005
   4.1628722101449966E-005
   4.1754916310310364E-005
   4.3858308345079422E-005
   4.4111628085374832E-005
   4.7957990318536758E-005
   4.8963818699121475E-005
   5.1964540034532547E-005
   5.2090734243392944E-005
   5.3675845265388489E-005
   6.1507336795330048E-005
   6.1914790421724319E-005
   6.3926447182893753E-005
   6.6818203777074814E-005
   6.7229848355054855E-005
   6.9161877036094666E-005
   6.9758854806423187E-005
   7.6727475970983505E-005
   7.6849479228258133E-005
   7.8147277235984802E-005
   7.9223420470952988E-005
   8.7061896920204163E-005
   9.1947149485349655E-005
   9.6141826361417770E-005
   1.0384479537606239E-004
   1.0469835251569748E-004
   1.0483711957931519E-004
   1.0815449059009552E-004
   1.0871142148971558E-004
   1.0941270738840103E-004
   1.1029513552784920E-004
   1.1131074279546738E-004
   1.1304533109068871E-004
   1.1786352843046188E-004
   1.1833431199193001E-004
   1.1891126632690430E-004
   1.1996785178780556E-004
   1.2081814929842949E-004
   1.2275995686650276E-004
   1.2323725968599319E-004
   1.2400327250361443E-004
   1.2419419363141060E-004
   1.2634787708520889E-004
   1.2803170830011368E-004
   1.2871669605374336E-004
   1.2873765081167221E-004
   1.2933835387229919E-004
   1.2959446758031845E-004
   1.2982776388525963E-004
   1.3387715443968773E-004
   1.3420172035694122E-004
   1.3589533045887947E-004
   1.3787206262350082E-004
   1.4792056754231453E-004
   1.5178928151726723E-004
   1.5228521078824997E-004
   1.5694461762905121E-004
   1.6430160030722618E-004
   1.6634492203593254E-004
   1.6867276281118393E-004
   1.6907602548599243E-004
   1.6976566985249519E-004
   1.7173774540424347E-004
   1.7313193529844284E-004
   1.7483718693256378E-004
   1.8003210425376892E-004
   1.8975045531988144E-004
   1.9014906138181686E-004
   1.9104313105344772E-004
   1.9265664741396904E-004
   1.9514840096235275E-004
   1.9682757556438446E-004
   1.9898451864719391E-004
   2.0212819799780846E-004
   2.0645000040531158E-004
   2.1156482398509979E-004
   2.1246401593089104E-004
   2.1392153576016426E-004
   2.1404121071100235E-004
   2.1420093253254890E-004
   2.1529849618673325E-004
   2.1592527627944946E-004
   2.1654041483998299E-004
   2.2125616669654846E-004
   2.2442452609539032E-004
   2.2622151300311089E-004
   2.2647902369499207E-004
   2.2673467174172401E-004
   2.2761616855859756E-004
   2.2784015163779259E-004
   2.2957101464271545E-004
   2.2990535944700241E-004
   2.3014610633254051E-004
   2.3279059678316116E-004
   2.3352308198809624E-004
   2.3518502712249756E-004
   2.3716781288385391E-004
   2.3732939735054970E-004
   2.3993430659174919E-004
   2.4029333144426346E-004
   2.4267984554171562E-004
   2.4270685389637947E-004
   2.4569360539317131E-004
   2.4853926151990891E-004
   2.5500031188130379E-004
   2.5669066235423088E-004
   2.6048906147480011E-004
   2.6437640190124512E-004
   2.6870705187320709E-004
   2.7062976732850075E-004
   2.7126632630825043E-004
   2.7668988332152367E-004
   2.7913507074117661E-004
   2.7998769655823708E-004
   2.8568226844072342E-004
   2.8947461396455765E-004
   2.9045902192592621E-004
   2.9109418392181396E-004
   2.9174098744988441E-004
   2.9206322506070137E-004
   2.9280874878168106E-004
   2.9568048194050789E-004
   2.9979459941387177E-004
   3.0377926304936409E-004
   3.0439952388405800E-004
   3.0545331537723541E-004
   3.0980352312326431E-004
   3.1060166656970978E-004
   3.1072646379470825E-004
   3.1147245317697525E-004
   3.1518051400780678E-004
   3.1519914045929909E-004
   3.1707808375358582E-004
   3.1745387241244316E-004
   3.2028090208768845E-004
   3.2301666215062141E-004
   3.2562576234340668E-004
   3.2585393637418747E-004
   3.2853335142135620E-004
   3.3100228756666183E-004
   3.3108051866292953E-004
   3.3135246485471725E-004
   3.3224141225218773E-004
   3.3480953425168991E-004
   3.3807661384344101E-004
   3.3893994987010956E-004
   3.4089758992195129E-004
   3.4095672890543938E-004
   3.4366361796855927E-004
   3.4443102777004242E-004
   3.4443521872162819E-004
   3.5185925662517548E-004
   3.5342527553439140E-004
   3.5344390198588371E-004
   3.5362131893634796E-004
   3.5489723086357117E-004
   3.5515846684575081E-004
   3.6344118416309357E-004
   3.6962982267141342E-004
   3.7371553480625153E-004
   3.7430878728628159E-004
   3.7700729444622993E-004
   3.7707714363932610E-004
   3.7766061723232269E-004
   3.7886761128902435E-004
   3.8256682455539703E-004
   3.8790563121438026E-004
   3.8964534178376198E-004
   3.9135012775659561E-004
   3.9194338023662567E-004
   3.9241183549165726E-004
   3.9425352588295937E-004
   3.9778137579560280E-004
   4.0142610669136047E-004
   4.0441378951072693E-004
   4.0551042184233665E-004
   4.0669320151209831E-004
   4.0701450780034065E-004
   4.1106250137090683E-004
   4.1282176971435547E-004
   4.1338149458169937E-004
   4.1421921923756599E-004
   4.1439151391386986E-004
   4.1638175025582314E-004
   4.1853683069348335E-004
   4.2003998532891273E-004
   4.2282370850443840E-004
   4.2287120595574379E-004
   4.2565492913126945E-004
   4.2579090222716331E-004
   4.2708078399300575E-004
   4.3283682316541672E-004
   4.3355254456400871E-004
   4.3543754145503044E-004
   4.3699052184820175E-004
   4.3801171705126762E-004
   4.4288998469710350E-004
   4.6049105003476143E-004
   4.6068755909800529E-004
   4.6291481703519821E-004
   4.6606594696640968E-004
   4.6701775863766670E-004
   4.6865502372384071E-004
   4.7033093869686127E-004
   4.7103082761168480E-004
   4.8045720905065536E-004
   4.8099458217620850E-004
   4.8172287642955780E-004
   4.8741372302174568E-004
   4.8942770808935165E-004
   4.9040280282497406E-004
   4.9386126920580864E-004
   4.9499422311782837E-004
   4.9605313688516617E-004
   4.9676140770316124E-004
   5.0091929733753204E-004
   5.0225341692566872E-004
   5.0333654507994652E-004
   5.0372118130326271E-004
   5.0397217273712158E-004
   5.0953030586242676E-004
   5.0999829545617104E-004
   5.1031680777668953E-004
   5.1254779100418091E-004
   5.2767572924494743E-004
   5.2902149036526680E-004
   5.2973721176385880E-004
   5.3603248670697212E-004
   5.3646368905901909E-004
   5.3934426978230476E-004
   5.4065277799963951E-004
   5.4121576249599457E-004
   5.4283067584037781E-004
   5.4569076746702194E-004
   5.4954504594206810E-004
   5.5044563487172127E-004
   5.5075576528906822E-004
   5.5995211005210876E-004
   5.6285737082362175E-004
   5.6435493752360344E-004
   5.6695239618420601E-004
   5.6816497817635536E-004
   5.6961597874760628E-004
   5.7155033573508263E-004
   5.7246163487434387E-004
   5.7792104780673981E-004
   5.7793036103248596E-004
   5.8029592037200928E-004
   5.8178789913654327E-004
   5.8368686586618423E-004
   5.9014465659856796E-004
   5.9311510995030403E-004
   5.9360126033425331E-004
   5.9643760323524475E-004
   6.0353567823767662E-004
   6.0464348644018173E-004
   6.0504535213112831E-004
   6.0563394799828529E-004
   6.0747517272830009E-004
   6.0871383175253868E-004
   6.1089871451258659E-004
   6.1346637085080147E-004
   6.1423936858773232E-004
   6.1512971296906471E-004
   6.2195630744099617E-004
   6.2222033739089966E-004
   6.2709208577871323E-004
   6.2849512323737144E-004
   6.2924204394221306E-004
   6.2974495813250542E-004
   6.3015706837177277E-004
   6.3028465956449509E-004
   6.3078710809350014E-004
   6.3122017309069633E-004
   6.3366722315549850E-004
   6.3485605642199516E-004
   6.3517829403281212E-004
   6.3593592494726181E-004
   6.3954154029488564E-004
   6.4170593395829201E-004
   6.4256507903337479E-004
   6.4263632521033287E-004
   6.4321933314204216E-004
   6.4441701397299767E-004
   6.4553227275609970E-004
   6.4594810828566551E-004
   6.4641470089554787E-004
   6.5040029585361481E-004
   6.5260566771030426E-004
   6.5599055960774422E-004
   6.5645575523376465E-004
   6.6028023138642311E-004
   6.6186115145683289E-004
   6.6266162320971489E-004
   6.6338293254375458E-004
   6.6690798848867416E-004
   6.7242188379168510E-004
   6.7443400621414185E-004
   6.7542167380452156E-004
   6.7556044086813927E-004
   6.7656394094228745E-004
   6.7970901727676392E-004
   6.8031484261155128E-004
   6.8085314705967903E-004
   6.8351160734891891E-004
   6.8948697298765182E-004
   6.9031631574034691E-004
   6.9230748340487480E-004
   6.9283694028854370E-004
   6.9615989923477173E-004
   6.9639971479773521E-004
   6.9650448858737946E-004
   6.9984328001737595E-004
   7.0128310471773148E-004
   7.0508103817701340E-004
   7.0673646405339241E-004
   7.0741027593612671E-004
   7.1220006793737411E-004
   7.1310205385088921E-004
   7.1503501385450363E-004
   7.1547552943229675E-004
   7.1619544178247452E-004
   7.1881990879774094E-004
   7.1979220956563950E-004
   7.2092376649379730E-004
   7.2104483842849731E-004
   7.2326743975281715E-004
   7.2496943175792694E-004
   7.2771636769175529E-004
   7.2784163057804108E-004
   7.2814431041479111E-004
   7.4132438749074936E-004
   7.4141239747405052E-004
   7.4258586391806602E-004
   7.4395304545760155E-004
   7.4464594945311546E-004
   7.4480660259723663E-004
   7.4536725878715515E-004
   7.4548227712512016E-004
   7.4872467666864395E-004
   7.4916100129485130E-004
   7.5200200080871582E-004
   7.5472006574273109E-004
   7.5587164610624313E-004
   7.6041230931878090E-004
   7.6209567487239838E-004
   7.6363701373338699E-004
   7.6392805203795433E-004
   7.6472945511341095E-004
   7.6735718175768852E-004
   7.6763750985264778E-004
   7.6947128400206566E-004
   7.7028013765811920E-004
   7.7219866216182709E-004
   7.7841058373451233E-004
   7.7913003042340279E-004
   7.7987695112824440E-004
   7.8137079253792763E-004
   7.8156776726245880E-004
   7.8186113387346268E-004
   7.8302389010787010E-004
   7.8371539711952209E-004
   7.8794872388243675E-004
   7.8860390931367874E-004
   7.9191243276000023E-004
   7.9739280045032501E-004
   8.0243451520800591E-004
   8.1224320456385612E-004
   8.1478385254740715E-004
   8.1484159454703331E-004
   8.2676019519567490E-004
   8.2738464698195457E-004
   8.2910060882568359E-004
   8.3011202514171600E-004
   8.3031924441456795E-004
   8.3215255290269852E-004
   8.3894282579421997E-004
   8.4063969552516937E-004
   8.4090791642665863E-004
   8.4115564823150635E-004
   8.4177777171134949E-004
   8.4369257092475891E-004
   8.4746116772294044E-004
   8.4830680862069130E-004
   8.4842508658766747E-004
   8.4869144484400749E-004
   8.5099367424845695E-004
   8.5554365068674088E-004
   8.5770431905984879E-004
   8.5890386253595352E-004
   8.5932854562997818E-004
   8.6211506277322769E-004
   8.6311111226677895E-004
   8.6389761418104172E-004
   8.6611555889248848E-004
   8.6805596947669983E-004
   8.6995866149663925E-004
   8.7179383262991905E-004
   8.7337335571646690E-004
   8.7467394769191742E-004
   8.8109867647290230E-004
   8.8518392294645309E-004
   8.8730594143271446E-004
   8.8994624093174934E-004
   8.9013576507568359E-004
   8.9466338977217674E-004
   8.9535862207412720E-004
   9.0357474982738495E-004
   9.0675940737128258E-004
   9.1032544150948524E-004
   9.1199763119220734E-004
   9.1726519167423248E-004
   9.2072552070021629E-004
   9.2099187895655632E-004
   9.2203216627240181E-004
   9.2610670253634453E-004
   9.2699332162737846E-004
   9.2732114717364311E-004
   9.2777982354164124E-004
   9.2862173914909363E-004
   9.3313027173280716E-004
   9.3414774164557457E-004
   9.3574402853846550E-004
   9.3729607760906219E-004
   9.3799410387873650E-004
   9.3908933922648430E-004
   9.4360951334238052E-004
   9.4498554244637489E-004
   9.4640720635652542E-004
   9.4658974558115005E-004
   9.4777857884764671E-004
   9.4917928799986839E-004
   9.5350062474608421E-004
   9.5541635528206825E-004
   9.5622194930911064E-004
   9.5856189727783203E-004
   9.6700061112642288E-004
   9.7052706405520439E-004
   9.7279623150825500E-004
   9.7428681328892708E-004
   9.7551662474870682E-004
   9.7898207604885101E-004
   9.7907707095146179E-004
   9.8123820498585701E-004
   9.8177045583724976E-004
   9.8370248451828957E-004
   9.8474882543087006E-004
   9.9075492471456528E-004
   9.9164946004748344E-004
   9.9221104755997658E-004
   9.9763227626681328E-004
   9.9808908998966217E-004
   1.0004923678934574E-003
   1.0006367228925228E-003
   1.0042591020464897E-003
   1.0086302645504475E-003
   1.0094502940773964E-003
   1.0100798681378365E-003
   1.0106442496180534E-003
   1.0107522830367088E-003
   1.0131578892469406E-003
   1.0175858624279499E-003
   1.0200156830251217E-003
   1.0280031710863113E-003
   1.0340190492570400E-003
   1.0350430384278297E-003
   1.0352008976042271E-003
   1.0364996269345284E-003
   1.0406416840851307E-003
   1.0450789704918861E-003
   1.0475590825080872E-003
   1.0485816746950150E-003
   1.0495809838175774E-003
   1.0508187115192413E-003
   1.0556327179074287E-003
   1.0559493675827980E-003
   1.0580820962786674E-003
   1.0588443838059902E-003
   1.0592499747872353E-003
   1.0609338060021400E-003
   1.0609896853566170E-003
   1.0699257254600525E-003
   1.0706926696002483E-003
   1.0709166526794434E-003
   1.0710032656788826E-003
   1.0718675330281258E-003
   1.0755821131169796E-003
   1.0789199732244015E-003
   1.0797074064612389E-003
   1.0808273218572140E-003
   1.0859547182917595E-003
   1.0872678831219673E-003
   1.0879910551011562E-003
   1.0887808166444302E-003
   1.0950407013297081E-003
   1.0971263982355595E-003
   1.0971575975418091E-003
   1.0980549268424511E-003
   1.1013993062078953E-003
   1.1048433370888233E-003
   1.1135232634842396E-003
   1.1151432991027832E-003
   1.1177537962794304E-003
   1.1215428821742535E-003
   1.1221920140087605E-003
   1.1222292669117451E-003
   1.1245217174291611E-003
   1.1271457187831402E-003
   1.1275229044258595E-003
   1.1286144144833088E-003
   1.1296193115413189E-003
   1.1297534219920635E-003
   1.1298740282654762E-003
   1.1339522898197174E-003
   1.1342042125761509E-003
   1.1358722113072872E-003
   1.1385884135961533E-003
   1.1441358365118504E-003
   1.1469293385744095E-003
   1.1473335325717926E-003
   1.1501112021505833E-003
   1.1501596309244633E-003
   1.1530760675668716E-003
   1.1541829444468021E-003
   1.1548660695552826E-003
   1.1555510573089123E-003
   1.1612875387072563E-003
   1.1617946438491344E-003
   1.1623483151197433E-003
   1.1652405373752117E-003
   1.1673723347485065E-003
   1.1687185615301132E-003
   1.1718221940100193E-003
   1.1718370951712132E-003
   1.1764429509639740E-003
   1.1779745109379292E-003
   1.1830711737275124E-003
   1.1839489452540874E-003
   1.1873790062963963E-003
   1.1881287209689617E-003
   1.1896784417331219E-003
   1.1902060359716415E-003
   1.1914861388504505E-003
   1.1997898109257221E-003
   1.2004845775663853E-003
   1.2013358063995838E-003
   1.2034741230309010E-003
   1.2038229033350945E-003
   1.2044319882988930E-003
   1.2071044184267521E-003
   1.2089023366570473E-003
   1.2108231894671917E-003
   1.2155524455010891E-003
   1.2177755124866962E-003
   1.2221471406519413E-003
   1.2242444790899754E-003
   1.2255776673555374E-003
   1.2267702259123325E-003
   1.2281937524676323E-003
   1.2298617511987686E-003
   1.2314156629145145E-003
   1.2324401177465916E-003
   1.2328200973570347E-003
   1.2364583089947701E-003
   1.2408918701112270E-003
   1.2431931681931019E-003
   1.2449184432625771E-003
   1.2465296313166618E-003
   1.2475564144551754E-003
   1.2476621195673943E-003
   1.2483396567404270E-003
   1.2490730732679367E-003
   1.2504826299846172E-003
   1.2505734339356422E-003
   1.2507676146924496E-003
   1.2535890564322472E-003
   1.2541664764285088E-003
   1.2545348145067692E-003
   1.2551690451800823E-003
   1.2560081668198109E-003
   1.2566945515573025E-003
   1.2598088942468166E-003
   1.2605004012584686E-003
   1.2720539234578609E-003
   1.2754090130329132E-003
   1.2759715318679810E-003
   1.2773978523910046E-003
   1.2785573489964008E-003
   1.2798616662621498E-003
   1.2801708653569221E-003
   1.2801974080502987E-003
   1.2824865989387035E-003
   1.2922510504722595E-003
   1.2949127703905106E-003
   1.2971302494406700E-003
   1.3011111877858639E-003
   1.3062870129942894E-003
   1.3066153042018414E-003
   1.3068122789263725E-003
   1.3079545460641384E-003
   1.3094474561512470E-003
   1.3135354965925217E-003
   1.3144281692802906E-003
   1.3175224885344505E-003
   1.3180202804505825E-003
   1.3216384686529636E-003
   1.3218400999903679E-003
   1.3275602832436562E-003
   1.3315589167177677E-003
   1.3349610380828381E-003
   1.3375733979046345E-003
   1.3384297490119934E-003
   1.3419492170214653E-003
   1.3455152511596680E-003
   1.3464968651533127E-003
   1.3481355272233486E-003
   1.3490798883140087E-003
   1.3493322767317295E-003
   1.3622464612126350E-003
   1.3626227155327797E-003
   1.3654963113367558E-003
   1.3663177378475666E-003
   1.3663577847182751E-003
   1.3677626848220825E-003
   1.3683405704796314E-003
   1.3690008781850338E-003
   1.3697762042284012E-003
   1.3700881972908974E-003
   1.3708518818020821E-003
   1.3730991631746292E-003
   1.3805339112877846E-003
   1.3820272870361805E-003
   1.3826140202581882E-003
   1.3839555904269218E-003
   1.3844650238752365E-003
   1.3870424591004848E-003
   1.3877050951123238E-003
   1.3878229074180126E-003
   1.3890517875552177E-003
   1.3973256573081017E-003
   1.3978993520140648E-003
   1.4005703851580620E-003
   1.4009736478328705E-003
   1.4048847369849682E-003
   1.4066789299249649E-003
   1.4085583388805389E-003
   1.4088144525885582E-003
   1.4091790653765202E-003
   1.4125853776931763E-003
   1.4127129688858986E-003
   1.4159465208649635E-003
   1.4225835911929607E-003
   1.4235749840736389E-003
   1.4238022267818451E-003
   1.4261966571211815E-003
   1.4266781508922577E-003
   1.4308537356555462E-003
   1.4311545528471470E-003
   1.4313096180558205E-003
   1.4317906461656094E-003
   1.4327242970466614E-003
   1.4385050162672997E-003
   1.4385445974767208E-003
   1.4389948919415474E-003
   1.4396011829376221E-003
   1.4418764039874077E-003
   1.4436389319598675E-003
   1.4464086852967739E-003
   1.4482466503977776E-003
   1.4496697112917900E-003
   1.4522699639201164E-003
   1.4540888369083405E-003
   1.4558159746229649E-003
   1.4575915411114693E-003
   1.4595957472920418E-003
   1.4606830663979053E-003
   1.4654281549155712E-003
   1.4656018465757370E-003
   1.4667636714875698E-003
   1.4683781191706657E-003
   1.4728265814483166E-003
   1.4730165712535381E-003
   1.4744619838893414E-003
   1.4747502282261848E-003
   1.4778273180127144E-003
   1.4786245301365852E-003
   1.4812117442488670E-003
   1.4836532063782215E-003
   1.4839647337794304E-003
   1.4883484691381454E-003
   1.4884928241372108E-003
   1.4920602552592754E-003
   1.4933682978153229E-003
   1.4958870597183704E-003
   1.4976989477872849E-003
   1.4981562271714211E-003
   1.4990461058914661E-003
   1.5031816437840462E-003
   1.5088883228600025E-003
   1.5098615549504757E-003
   1.5105376951396465E-003
   1.5113670378923416E-003
   1.5121768228709698E-003
   1.5134485438466072E-003
   1.5143952332437038E-003
   1.5146071091294289E-003
   1.5204912051558495E-003
   1.5257275663316250E-003
   1.5268526040017605E-003
   1.5305997803807259E-003
   1.5324233099818230E-003
   1.5389481559395790E-003
   1.5394962392747402E-003
   1.5398757532238960E-003
   1.5423358418047428E-003
   1.5424271114170551E-003
   1.5452541410923004E-003
   1.5458134002983570E-003
   1.5473314560949802E-003
   1.5480173751711845E-003
   1.5530064702033997E-003
   1.5541063621640205E-003
   1.5544369816780090E-003
   1.5554525889456272E-003
   1.5603862702846527E-003
   1.5642093494534492E-003
   1.5667998231947422E-003
   1.5670303255319595E-003
   1.5697134658694267E-003
   1.5698159113526344E-003
   1.5707821585237980E-003
   1.5718070790171623E-003
   1.5732529573142529E-003
   1.5773898921906948E-003
   1.5790280885994434E-003
   1.5812315978109837E-003
   1.5826765447854996E-003
   1.5856693498790264E-003
   1.5868041664361954E-003
   1.5868819318711758E-003
   1.5875268727540970E-003
   1.5882346779108047E-003
   1.5930454246699810E-003
   1.5968959778547287E-003
   1.5982668846845627E-003
   1.6074166633188725E-003
   1.6097468324005604E-003
   1.6128234565258026E-003
   1.6220537945628166E-003
   1.6225320287048817E-003
   1.6263280995190144E-003
   1.6283970326185226E-003
   1.6328194178640842E-003
   1.6353316605091095E-003
   1.6387444920837879E-003
   1.6410625539720058E-003
   1.6417796723544598E-003
   1.6426718793809414E-003
   1.6439631581306458E-003
   1.6455492004752159E-003
   1.6476525925099850E-003
   1.6494654119014740E-003
   1.6599213704466820E-003
   1.6613500192761421E-003
   1.6621984541416168E-003
   1.6625961288809776E-003
   1.6628103330731392E-003
   1.6679205000400543E-003
   1.6683693975210190E-003
   1.6756895929574966E-003
   1.6774600371718407E-003
   1.6787787899374962E-003
   1.6790349036455154E-003
   1.6803517937660217E-003
   1.6817590221762657E-003
   1.6832984983921051E-003
   1.6834205016493797E-003
   1.6836556605994701E-003
   1.6838312149047852E-003
   1.6850316897034645E-003
   1.6852626577019691E-003
   1.6874778084456921E-003
   1.6889818944036961E-003
   1.6901399940252304E-003
   1.6902955248951912E-003
   1.6986345872282982E-003
   1.7010862939059734E-003
   1.7023538239300251E-003
   1.7024409025907516E-003
   1.7074178904294968E-003
   1.7085825093090534E-003
   1.7129248008131981E-003
   1.7138961702585220E-003
   1.7149834893643856E-003
   1.7189998179674149E-003
   1.7210417427122593E-003
   1.7224336043000221E-003
   1.7252601683139801E-003
   1.7256480641663074E-003
   1.7322869971394539E-003
   1.7328686080873013E-003
   1.7376556061208248E-003
   1.7394679598510265E-003
   1.7406591214239597E-003
   1.7479215748608112E-003
   1.7501339316368103E-003
   1.7511667683720589E-003
   1.7526675947010517E-003
   1.7541316337883472E-003
   1.7607877962291241E-003
   1.7650593072175980E-003
   1.7670146189630032E-003
   1.7720637843012810E-003
   1.7727045342326164E-003
   1.7740125767886639E-003
   1.7761192284524441E-003
   1.7765290103852749E-003
   1.7793322913348675E-003
   1.7802808433771133E-003
   1.7802929505705833E-003
   1.7812475562095642E-003
   1.7815935425460339E-003
   1.7828573472797871E-003
   1.7832540906965733E-003
   1.7860457301139832E-003
   1.7861104570329189E-003
   1.7861407250165939E-003
   1.7875721678137779E-003
   1.7900513485074043E-003
   1.7956364899873734E-003
   1.7978050746023655E-003
   1.8025683239102364E-003
   1.8030586652457714E-003
   1.8041920848190784E-003
   1.8053515814244747E-003
   1.8061925657093525E-003
   1.8077520653605461E-003
   1.8200534395873547E-003
   1.8213405273854733E-003
   1.8236543983221054E-003
   1.8264683894813061E-003
   1.8274979665875435E-003
   1.8298109062016010E-003
   1.8319161608815193E-003
   1.8328949809074402E-003
   1.8335897475481033E-003
   1.8357369117438793E-003
   1.8388917669653893E-003
   1.8398105166852474E-003
   1.8408312462270260E-003
   1.8427963368594646E-003
   1.8442003056406975E-003
   1.8448429182171822E-003
   1.8453798256814480E-003
   1.8471363000571728E-003
   1.8473905511200428E-003
   1.8498250283300877E-003
   1.8507149070501328E-003
   1.8515530973672867E-003
   1.8520276062190533E-003
   1.8522599712014198E-003
   1.8523898907005787E-003
   1.8543582409620285E-003
   1.8564094789326191E-003
   1.8571950495243073E-003
   1.8586739897727966E-003
   1.8595084547996521E-003
   1.8604737706482410E-003
   1.8623564392328262E-003
   1.8641743808984756E-003
   1.8698032945394516E-003
   1.8698442727327347E-003
   1.8728012219071388E-003
   1.8744673579931259E-003
   1.8761502578854561E-003
   1.8802136182785034E-003
   1.8830318003892899E-003
   1.8835654482245445E-003
   1.8856460228562355E-003
   1.8890961073338985E-003
   1.8905950710177422E-003
   1.8934258259832859E-003
   1.8946207128465176E-003
   1.8964125774800777E-003
   1.8990985117852688E-003
   1.8995767459273338E-003
   1.9008778035640717E-003
   1.9019544124603271E-003
   1.9039539620280266E-003
   1.9042752683162689E-003
   1.9066389650106430E-003
   1.9069309346377850E-003
   1.9082874059677124E-003
   1.9125384278595448E-003
   1.9136141054332256E-003
   1.9210916943848133E-003
   1.9210996106266975E-003
   1.9241678528487682E-003
   1.9259806722402573E-003
   1.9276910461485386E-003
   1.9310307689011097E-003
   1.9353493116796017E-003
   1.9354969263076782E-003
   1.9359430298209190E-003
   1.9371723756194115E-003
   1.9389661028981209E-003
   1.9400850869715214E-003
   1.9401847384870052E-003
   1.9418084993958473E-003
   1.9435253925621510E-003
   1.9443053752183914E-003
   1.9457535818219185E-003
   1.9464576616883278E-003
   1.9470569677650928E-003
   1.9482658244669437E-003
   1.9488511607050896E-003
   1.9510868005454540E-003
   1.9519669003784657E-003
   1.9531766884028912E-003
   1.9597853533923626E-003
   1.9614961929619312E-003
   1.9638002850115299E-003
   1.9654231145977974E-003
   1.9655958749353886E-003
   1.9670799374580383E-003
   1.9715935923159122E-003
   1.9722185097634792E-003
   1.9734511151909828E-003
   1.9777589477598667E-003
   1.9790693186223507E-003
   1.9819564186036587E-003
   1.9841445609927177E-003
   1.9843261688947678E-003
   1.9856682047247887E-003
   1.9880565814673901E-003
   1.9881362095475197E-003
   1.9888863898813725E-003
   1.9938698969781399E-003
   1.9960757344961166E-003
   1.9965018145740032E-003
   1.9967411644756794E-003
   2.0002103410661221E-003
   2.0006303675472736E-003
   2.0042108371853828E-003
   2.0058783702552319E-003
   2.0082159899175167E-003
   2.0139482803642750E-003
   2.0144111476838589E-003
   2.0179031416773796E-003
   2.0181052386760712E-003
   2.0205373875796795E-003
   2.0254454575479031E-003
   2.0256261341273785E-003
   2.0273495465517044E-003
   2.0327251404523849E-003
   2.0335717126727104E-003
   2.0336359739303589E-003
   2.0338334143161774E-003
   2.0347144454717636E-003
   2.0397813059389591E-003
   2.0426521077752113E-003
   2.0442940294742584E-003
   2.0463559776544571E-003
   2.0528775639832020E-003
   2.0543280988931656E-003
   2.0633046515285969E-003
   2.0668520592153072E-003
   2.0693936385214329E-003
   2.0700315944850445E-003
   2.0773676224052906E-003
   2.0827935077250004E-003
   2.0834654569625854E-003
   2.0850067958235741E-003
   2.0884568803012371E-003
   2.0914506167173386E-003
   2.0960136316716671E-003
   2.0978157408535480E-003
   2.0998870022594929E-003
   2.1043531596660614E-003
   2.1094600670039654E-003
   2.1130321547389030E-003
   2.1134484559297562E-003
   2.1142703481018543E-003
   2.1153097040951252E-003
   2.1153874695301056E-003
   2.1175444126129150E-003
   2.1193213760852814E-003
   2.1200915798544884E-003
   2.1269135177135468E-003
   2.1310565061867237E-003
   2.1312301978468895E-003
   2.1340930834412575E-003
   2.1348637528717518E-003
   2.1367650479078293E-003
   2.1378193050622940E-003
   2.1389950998127460E-003
   2.1396027877926826E-003
   2.1409811452031136E-003
   2.1436028182506561E-003
   2.1464750170707703E-003
   2.1468880586326122E-003
   2.1475534886121750E-003
   2.1478594280779362E-003
   2.1486910991370678E-003
   2.1503521129488945E-003
   2.1515847183763981E-003
   2.1515940316021442E-003
   2.1546203643083572E-003
   2.1576993167400360E-003
   2.1584918722510338E-003
   2.1584932692348957E-003
   2.1592457778751850E-003
   2.1616411395370960E-003
   2.1622390486299992E-003
   2.1623452194035053E-003
   2.1624048240482807E-003
   2.1627456881105900E-003
   2.1661021746695042E-003
   2.1663829684257507E-003
   2.1749190054833889E-003
   2.1761110983788967E-003
   2.1783844567835331E-003
   2.1841879934072495E-003
   2.1915156394243240E-003
   2.1937945857644081E-003
   2.1981950849294662E-003
   2.2007352672517300E-003
   2.2018747404217720E-003
   2.2046472877264023E-003
   2.2055595181882381E-003
   2.2064568474888802E-003
   2.2209468297660351E-003
   2.2235019132494926E-003
   2.2252001799643040E-003
   2.2256798110902309E-003
   2.2261813282966614E-003
   2.2274502553045750E-003
   2.2283107973635197E-003
   2.2297324612736702E-003
   2.2341758012771606E-003
   2.2381758317351341E-003
   2.2398903965950012E-003
   2.2432538680732250E-003
   2.2511412389576435E-003
   2.2558681666851044E-003
   2.2564190439879894E-003
   2.2564567625522614E-003
   2.2574951872229576E-003
   2.2583957761526108E-003
   2.2594006732106209E-003
   2.2611417807638645E-003
   2.2615357302129269E-003
   2.2630677558481693E-003
   2.2644959390163422E-003
   2.2664424031972885E-003
   2.2666379809379578E-003
   2.2668349556624889E-003
   2.2672479972243309E-003
   2.2685155272483826E-003
   2.2717667743563652E-003
   2.2727181203663349E-003
   2.2729774937033653E-003
   2.2776485420763493E-003
   2.2783619351685047E-003
   2.2787833586335182E-003
   2.2851377725601196E-003
   2.2852593101561069E-003
   2.2863955236971378E-003
   2.2864444181323051E-003
   2.2868178784847260E-003
   2.2873808629810810E-003
   2.2894684225320816E-003
   2.2948440164327621E-003
   2.2954843007028103E-003
   2.2973855957388878E-003
   2.3013083264231682E-003
   2.3016505874693394E-003
   2.3017735220491886E-003
   2.3093288764357567E-003
   2.3120483383536339E-003
   2.3144120350480080E-003
   2.3147887550294399E-003
   2.3154481314122677E-003
   2.3213545791804790E-003
   2.3219403810799122E-003
   2.3292112164199352E-003
   2.3307073861360550E-003
   2.3345723748207092E-003
   2.3386087268590927E-003
   2.3443968966603279E-003
   2.3447242565453053E-003
   2.3448267020285130E-003
   2.3465985432267189E-003
   2.3517487570643425E-003
   2.3524146527051926E-003
   2.3555024527013302E-003
   2.3629954084753990E-003
   2.3632235825061798E-003
   2.3640710860490799E-003
   2.3644440807402134E-003
   2.3652631789445877E-003
   2.3690732195973396E-003
   2.3702001199126244E-003
   2.3715118877589703E-003
   2.3734858259558678E-003
   2.3740115575492382E-003
   2.3741004988551140E-003
   2.3748581297695637E-003
   2.3762867785990238E-003
   2.3814430460333824E-003
   2.3821555078029633E-003
   2.3824796080589294E-003
   2.3869303986430168E-003
   2.3900759406387806E-003
   2.3920009844005108E-003
   2.3931865580379963E-003
   2.3959339596331120E-003
   2.3959651589393616E-003
   2.3961369879543781E-003
   2.3970194160938263E-003
   2.3973034694790840E-003
   2.3974310606718063E-003
   2.3977179080247879E-003
   2.3998944088816643E-003
   2.4001444689929485E-003
   2.4042343720793724E-003
   2.4095629341900349E-003
   2.4100099690258503E-003
   2.4103182367980480E-003
   2.4115722626447678E-003
   2.4118670262396336E-003
   2.4219094775617123E-003
   2.4240082129836082E-003
   2.4271481670439243E-003
   2.4273851886391640E-003
   2.4334080517292023E-003
   2.4339659139513969E-003
   2.4355468340218067E-003
   2.4355980567634106E-003
   2.4365764111280441E-003
   2.4392530322074890E-003
   2.4401037953794003E-003
   2.4418723769485950E-003
   2.4421317502856255E-003
   2.4421443231403828E-003
   2.4437191896140575E-003
   2.4475553072988987E-003
   2.4495478719472885E-003
   2.4567395448684692E-003
   2.4587907828390598E-003
   2.4588271044194698E-003
   2.4619689211249352E-003
   2.4623512290418148E-003
   2.4629556573927402E-003
   2.4639340117573738E-003
   2.4647554382681847E-003
   2.4682395160198212E-003
   2.4710185825824738E-003
   2.4715960025787354E-003
   2.4728579446673393E-003
   2.4728793650865555E-003
   2.4753613397479057E-003
   2.4766861461102962E-003
   2.4772798642516136E-003
   2.4787783622741699E-003
   2.4790875613689423E-003
   2.4844878353178501E-003
   2.4864217266440392E-003
   2.4866103194653988E-003
   2.4905242025852203E-003
   2.4935039691627026E-003
   2.4940674193203449E-003
   2.4964814074337482E-003
   2.4987924844026566E-003
   2.4990430101752281E-003
   2.4997089058160782E-003
   2.5005824863910675E-003
   2.5006365031003952E-003
   2.5131329894065857E-003
   2.5131935253739357E-003
   2.5174659676849842E-003
   2.5183027610182762E-003
   2.5258408859372139E-003
   2.5320155546069145E-003
   2.5358633138239384E-003
   2.5380295701324940E-003
   2.5430079549551010E-003
   2.5454112328588963E-003
   2.5461460463702679E-003
   2.5465344078838825E-003
   2.5476859882473946E-003
   2.5479895994067192E-003
   2.5484994985163212E-003
   2.5511300191283226E-003
   2.5517544709146023E-003
   2.5523337535560131E-003
   2.5533768348395824E-003
   2.5608148425817490E-003
   2.5624418631196022E-003
   2.5633443146944046E-003
   2.5645103305578232E-003
   2.5698477402329445E-003
   2.5735371746122837E-003
   2.5737262330949306E-003
   2.5743134319782257E-003
   2.5753644295036793E-003
   2.5776452384889126E-003
   2.5791754014790058E-003
   2.5802566669881344E-003
   2.5805402547121048E-003
   2.5844532065093517E-003
   2.5865007191896439E-003
   2.5867423973977566E-003
   2.5893566198647022E-003
   2.5970907881855965E-003
   2.6015122421085835E-003
   2.6046186685562134E-003
   2.6047374121844769E-003
   2.6073032058775425E-003
   2.6073195040225983E-003
   2.6077968068420887E-003
   2.6133921928703785E-003
   2.6137428358197212E-003
   2.6214611716568470E-003
   2.6250020600855350E-003
   2.6263757608830929E-003
   2.6276172138750553E-003
   2.6321779005229473E-003
   2.6335236616432667E-003
   2.6344996877014637E-003
   2.6378808543086052E-003
   2.6381085626780987E-003
   2.6392065919935703E-003
   2.6396121829748154E-003
   2.6418203487992287E-003
   2.6427563279867172E-003
   2.6455419138073921E-003
   2.6504946872591972E-003
   2.6520062237977982E-003
   2.6570656336843967E-003
   2.6598679833114147E-003
   2.6606735773384571E-003
   2.6670349761843681E-003
   2.6703383773565292E-003
   2.6709823869168758E-003
   2.6715858839452267E-003
   2.6723276823759079E-003
   2.6727961376309395E-003
   2.6746620424091816E-003
   2.6765060611069202E-003
   2.6812190189957619E-003
   2.6828898116946220E-003
   2.6835878379642963E-003
   2.6840870268642902E-003
   2.6842732913792133E-003
   2.6844171807169914E-003
   2.6875156909227371E-003
   2.6886193081736565E-003
   2.6894486509263515E-003
   2.6896703056991100E-003
   2.6903795078396797E-003
   2.6933597400784492E-003
   2.6979967951774597E-003
   2.6983153074979782E-003
   2.7016242966055870E-003
   2.7018152177333832E-003
   2.7026268653571606E-003
   2.7026636525988579E-003
   2.7032280340790749E-003
   2.7039190754294395E-003
   2.7060406282544136E-003
   2.7080406434834003E-003
   2.7090949006378651E-003
   2.7112918905913830E-003
   2.7129300870001316E-003
   2.7151168324053288E-003
   2.7155573479831219E-003
   2.7187857776880264E-003
   2.7286820113658905E-003
   2.7307546697556973E-003
   2.7327844873070717E-003
   2.7375873178243637E-003
   2.7380762621760368E-003
   2.7435268275439739E-003
   2.7444199658930302E-003
   2.7460716664791107E-003
   2.7463920414447784E-003
   2.7481527067720890E-003
   2.7483748272061348E-003
   2.7516675181686878E-003
   2.7538370341062546E-003
   2.7549862861633301E-003
   2.7592568658292294E-003
   2.7608107775449753E-003
   2.7645849622786045E-003
   2.7647763490676880E-003
   2.7661761268973351E-003
   2.7704718522727489E-003
   2.7747750282287598E-003
   2.7761263772845268E-003
   2.7776830829679966E-003
   2.7800370007753372E-003
   2.7804230339825153E-003
   2.7840160764753819E-003
   2.7857352979481220E-003
   2.7862000279128551E-003
   2.7863187715411186E-003
   2.7911695651710033E-003
   2.7918876148760319E-003
   2.7953968383371830E-003
   2.7978308498859406E-003
   2.8024041093885899E-003
   2.8025791980326176E-003
   2.8027305379509926E-003
   2.8034360148012638E-003
   2.8060739859938622E-003
   2.8125024400651455E-003
   2.8167217969894409E-003
   2.8171194717288017E-003
   2.8187292627990246E-003
   2.8207208961248398E-003
   2.8210119344294071E-003
   2.8210454620420933E-003
   2.8259935788810253E-003
   2.8267307206988335E-003
   2.8283423744142056E-003
   2.8290036134421825E-003
   2.8292271308600903E-003
   2.8293221257627010E-003
   2.8297253884375095E-003
   2.8308075852692127E-003
   2.8318227268755436E-003
   2.8324928134679794E-003
   2.8331866487860680E-003
   2.8350949287414551E-003
   2.8353417292237282E-003
   2.8383010067045689E-003
   2.8390954248607159E-003
   2.8398986905813217E-003
   2.8411415405571461E-003
   2.8425157070159912E-003
   2.8463760390877724E-003
   2.8508282266557217E-003
   2.8510862030088902E-003
   2.8511104173958302E-003
   2.8516850434243679E-003
   2.8549390845000744E-003
   2.8553376905620098E-003
   2.8592776507139206E-003
   2.8597721830010414E-003
   2.8622993268072605E-003
   2.8630541637539864E-003
   2.8659249655902386E-003
   2.8727753087878227E-003
   2.8731897473335266E-003
   2.8740386478602886E-003
   2.8742211870849133E-003
   2.8742607682943344E-003
   2.8764288872480392E-003
   2.8766323812305927E-003
   2.8816177509725094E-003
   2.8826836496591568E-003
   2.8860303573310375E-003
   2.8877612203359604E-003
   2.8897384181618690E-003
   2.8907689265906811E-003
   2.8986060060560703E-003
   2.9016737826168537E-003
   2.9023303650319576E-003
   2.9058828949928284E-003
   2.9071872122585773E-003
   2.9075550846755505E-003
   2.9139146208763123E-003
   2.9150117188692093E-003
   2.9220851138234138E-003
   2.9259040020406246E-003
   2.9266634956002235E-003
   2.9281261377036572E-003
   2.9288767836987972E-003
   2.9304684139788151E-003
   2.9316823929548264E-003
   2.9325708746910095E-003
   2.9350160621106625E-003
   2.9385820962488651E-003
   2.9390533454716206E-003
   2.9420382343232632E-003
   2.9445639811456203E-003
   2.9542916454374790E-003
   2.9567969031631947E-003
   2.9586153104901314E-003
   2.9594143852591515E-003
   2.9596197418868542E-003
   2.9606069438159466E-003
   2.9612374491989613E-003
   2.9617054387927055E-003
   2.9643210582435131E-003
   2.9652309603989124E-003
   2.9656123369932175E-003
   2.9662167653441429E-003
   2.9676598496735096E-003
   2.9688552021980286E-003
   2.9699155129492283E-003
   2.9712752439081669E-003
   2.9720938764512539E-003
   2.9727416113018990E-003
   2.9728026129305363E-003
   2.9730889946222305E-003
   2.9759001918137074E-003
   2.9759244062006474E-003
   2.9760450124740601E-003
   2.9764464125037193E-003
   2.9772296547889709E-003
   2.9820203781127930E-003
   2.9821894131600857E-003
   2.9892837628722191E-003
   2.9902379028499126E-003
   2.9926793649792671E-003
   2.9936842620372772E-003
   2.9989513568580151E-003
   3.0008507892489433E-003
   3.0010221526026726E-003
   3.0035143718123436E-003
   3.0058054253458977E-003
   3.0064042657613754E-003
   3.0100140720605850E-003
   3.0107744969427586E-003
   3.0121062882244587E-003
   3.0138865113258362E-003
   3.0150036327540874E-003
   3.0163065530359745E-003
   3.0186334624886513E-003
   3.0261552892625332E-003
   3.0316691845655441E-003
   3.0318694189190865E-003
   3.0337451025843620E-003
   3.0342433601617813E-003
   3.0357120558619499E-003
   3.0383686535060406E-003
   3.0399747192859650E-003
   3.0421973206102848E-003
   3.0428441241383553E-003
   3.0429405160248280E-003
   3.0443496070802212E-003
   3.0457265675067902E-003
   3.0500898137688637E-003
   3.0506709590554237E-003
   3.0508791096508503E-003
   3.0522029846906662E-003
   3.0526658520102501E-003
   3.0559911392629147E-003
   3.0571855604648590E-003
   3.0578761361539364E-003
   3.0590384267270565E-003
   3.0598528683185577E-003
   3.0623441562056541E-003
   3.0628666281700134E-003
   3.0638240277767181E-003
   3.0686543323099613E-003
   3.0724545940756798E-003
   3.0797235667705536E-003
   3.0824430286884308E-003
   3.0841436237096786E-003
   3.0873520299792290E-003
   3.0910847708582878E-003
   3.0940268188714981E-003
   3.0975122936069965E-003
   3.0976412817835808E-003
   3.0979150906205177E-003
   3.0997279100120068E-003
   3.1035793945193291E-003
   3.1043034978210926E-003
   3.1045004725456238E-003
   3.1053000129759312E-003
   3.1064478680491447E-003
   3.1070141121745110E-003
   3.1100213527679443E-003
   3.1119678169488907E-003
   3.1181061640381813E-003
   3.1191227026283741E-003
   3.1233453191816807E-003
   3.1236843205988407E-003
   3.1246249563992023E-003
   3.1270212493836880E-003
   3.1288643367588520E-003
   3.1324983574450016E-003
   3.1356085091829300E-003
   3.1358003616333008E-003
   3.1378022395074368E-003
   3.1398432329297066E-003
   3.1425133347511292E-003
   3.1453901901841164E-003
   3.1502940692007542E-003
   3.1522605568170547E-003
   3.1537911854684353E-003
   3.1568584963679314E-003
   3.1583178788423538E-003
   3.1596343033015728E-003
   3.1606196425855160E-003
   3.1617628410458565E-003
   3.1627682037651539E-003
   3.1646396964788437E-003
   3.1691971234977245E-003
   3.1709442846477032E-003
   3.1716949306428432E-003
   3.1731580384075642E-003
   3.1739724799990654E-003
   3.1743561848998070E-003
   3.1761997379362583E-003
   3.1773839145898819E-003
   3.1842258758842945E-003
   3.1907870434224606E-003
   3.1909286044538021E-003
   3.1909830868244171E-003
   3.1926752999424934E-003
   3.1972234137356281E-003
   3.1983470544219017E-003
   3.2020402140915394E-003
   3.2021468505263329E-003
   3.2023866660892963E-003
   3.2050339505076408E-003
   3.2077115029096603E-003
   3.2096020877361298E-003
   3.2099029049277306E-003
   3.2100994139909744E-003
   3.2122689299285412E-003
   3.2152109779417515E-003
   3.2169404439628124E-003
   3.2173353247344494E-003
   3.2230825163424015E-003
   3.2241423614323139E-003
   3.2243467867374420E-003
   3.2254108227789402E-003
   3.2255570404231548E-003
   3.2256706617772579E-003
   3.2280981540679932E-003
   3.2298699952661991E-003
   3.2306504435837269E-003
   3.2319379970431328E-003
   3.2330136746168137E-003
   3.2344656065106392E-003
   3.2351999543607235E-003
   3.2355380244553089E-003
   3.2355468720197678E-003
   3.2378169707953930E-003
   3.2389606349170208E-003
   3.2407320104539394E-003
   3.2418533228337765E-003
   3.2429057173430920E-003
   3.2467152923345566E-003
   3.2499479129910469E-003
   3.2519544474780560E-003
   3.2530114986002445E-003
   3.2532936893403530E-003
   3.2551568001508713E-003
   3.2581808045506477E-003
   3.2601733691990376E-003
   3.2621673308312893E-003
   3.2644686289131641E-003
   3.2678325660526752E-003
   3.2689254730939865E-003
   3.2696640118956566E-003
   3.2754316926002502E-003
   3.2773348502814770E-003
   3.2804305665194988E-003
   3.2807309180498123E-003
   3.2898266799747944E-003
   3.2903999090194702E-003
   3.2908893190324306E-003
   3.2910900190472603E-003
   3.2964688725769520E-003
   3.2974444329738617E-003
   3.2984726130962372E-003
   3.3007892780005932E-003
   3.3022356219589710E-003
   3.3029536716639996E-003
   3.3032898791134357E-003
   3.3036740496754646E-003
   3.3050612546503544E-003
   3.3051734790205956E-003
   3.3113984391093254E-003
   3.3140941523015499E-003
   3.3153346739709377E-003
   3.3178636804223061E-003
   3.3223335631191730E-003
   3.3223959617316723E-003
   3.3224066719412804E-003
   3.3224271610379219E-003
   3.3242376521229744E-003
   3.3248988911509514E-003
   3.3273971639573574E-003
   3.3283652737736702E-003
   3.3323992975056171E-003
   3.3342498354613781E-003
   3.3346451818943024E-003
   3.3347043208777905E-003
   3.3383793197572231E-003
   3.3388752490282059E-003
   3.3402382396161556E-003
   3.3407486043870449E-003
   3.3425879664719105E-003
   3.3435663208365440E-003
   3.3481945283710957E-003
   3.3485926687717438E-003
   3.3501535654067993E-003
   3.3525726757943630E-003
   3.3532157540321350E-003
   3.3545726910233498E-003
   3.3558085560798645E-003
   3.3572148531675339E-003
   3.3619371242821217E-003
   3.3658873289823532E-003
   3.3661099150776863E-003
   3.3680596388876438E-003
   3.3698999322950840E-003
   3.3706165850162506E-003
   3.3743693493306637E-003
   3.3750045113265514E-003
   3.3825198188424110E-003
   3.3829174935817719E-003
   3.3836858347058296E-003
   3.3864090219140053E-003
   3.3888383768498898E-003
   3.3889254555106163E-003
   3.3904700540006161E-003
   3.3920151181519032E-003
   3.3952454105019569E-003
   3.3957925625145435E-003
   3.3975220285356045E-003
   3.3998908475041389E-003
   3.4000198356807232E-003
   3.4005520865321159E-003
   3.4009194932878017E-003
   3.4023947082459927E-003
   3.4030880779027939E-003
   3.4074494615197182E-003
   3.4123724326491356E-003
   3.4130359999835491E-003
   3.4150127321481705E-003
   3.4163375385105610E-003
   3.4167291596531868E-003
   3.4181363880634308E-003
   3.4181945957243443E-003
   3.4202327951788902E-003
   3.4250579774379730E-003
   3.4255846403539181E-003
   3.4279245883226395E-003
   3.4289020113646984E-003
   3.4329476766288280E-003
   3.4345495514571667E-003
   3.4356438554823399E-003
   3.4390902146697044E-003
   3.4423223696649075E-003
   3.4426874481141567E-003
   3.4436867572367191E-003
   3.4443177282810211E-003
   3.4468602389097214E-003
   3.4484821371734142E-003
   3.4485859796404839E-003
   3.4498339518904686E-003
   3.4510060213506222E-003
   3.4514060243964195E-003
   3.4516840241849422E-003
   3.4525687806308270E-003
   3.4533389844000340E-003
   3.4600836224853992E-003
   3.4651849418878555E-003
   3.4655812196433544E-003
   3.4660170786082745E-003
   3.4684576094150543E-003
   3.4713852219283581E-003
   3.4734648652374744E-003
   3.4787841141223907E-003
   3.4800320863723755E-003
   3.4842025488615036E-003
   3.4861364401876926E-003
   3.4974212758243084E-003
   3.4995041787624359E-003
   3.5002259537577629E-003
   3.5009821876883507E-003
   3.5012159496545792E-003
   3.5025486722588539E-003
   3.5062772221863270E-003
   3.5064513795077801E-003
   3.5108653828501701E-003
   3.5113748162984848E-003
   3.5140747204422951E-003
   3.5163438878953457E-003
   3.5171327181160450E-003
   3.5177567042410374E-003
   3.5180766135454178E-003
   3.5243928432464600E-003
   3.5260808654129505E-003
   3.5263705067336559E-003
   3.5272790119051933E-003
   3.5307714715600014E-003
   3.5313670523464680E-003
   3.5342751070857048E-003
   3.5346653312444687E-003
   3.5397047176957130E-003
   3.5403384827077389E-003
   3.5427086986601353E-003
   3.5427515394985676E-003
   3.5429848358035088E-003
   3.5430374555289745E-003
   3.5431119613349438E-003
   3.5452404990792274E-003
   3.5453820601105690E-003
   3.5459296777844429E-003
   3.5462593659758568E-003
   3.5478412173688412E-003
   3.5490333102643490E-003
   3.5495785996317863E-003
   3.5506314598023891E-003
   3.5596690140664577E-003
   3.5610799677670002E-003
   3.5611824132502079E-003
   3.5649747587740421E-003
   3.5672290250658989E-003
   3.5676448605954647E-003
   3.5720332525670528E-003
   3.5726972855627537E-003
   3.5731759853661060E-003
   3.5736928693950176E-003
   3.5737901926040649E-003
   3.5739406011998653E-003
   3.5748346708714962E-003
   3.5760109312832355E-003
   3.5791615955531597E-003
   3.5794200375676155E-003
   3.5794712603092194E-003
   3.5804114304482937E-003
   3.5814796574413776E-003
   3.5830098204314709E-003
   3.5842848010361195E-003
   3.5844198428094387E-003
   3.5899551585316658E-003
   3.5908049903810024E-003
   3.5921176895499229E-003
   3.5956478677690029E-003
   3.5964106209576130E-003
   3.5970960743725300E-003
   3.5983924753963947E-003
   3.6003319546580315E-003
   3.6038584075868130E-003
   3.6082374863326550E-003
   3.6087962798774242E-003
   3.6123478785157204E-003
   3.6131599918007851E-003
   3.6135716363787651E-003
   3.6135935224592686E-003
   3.6142580211162567E-003
   3.6143539473414421E-003
   3.6160377785563469E-003
   3.6174324341118336E-003
   3.6193830892443657E-003
   3.6242343485355377E-003
   3.6253384314477444E-003
   3.6258022300899029E-003
   3.6259857006371021E-003
   3.6291596479713917E-003
   3.6305524408817291E-003
   3.6327573470771313E-003
   3.6333086900413036E-003
   3.6408943124115467E-003
   3.6426847800612450E-003
   3.6443020217120647E-003
   3.6443872377276421E-003
   3.6449534818530083E-003
   3.6456459201872349E-003
   3.6504282616078854E-003
   3.6519165150821209E-003
   3.6570425145328045E-003
   3.6606364883482456E-003
   3.6616567522287369E-003
   3.6631170660257339E-003
   3.6647040396928787E-003
   3.6678821779787540E-003
   3.6750026047229767E-003
   3.6760894581675529E-003
   3.6772051826119423E-003
   3.6772158928215504E-003
   3.6797299981117249E-003
   3.6804135888814926E-003
   3.6838459782302380E-003
   3.6842562258243561E-003
   3.6845444701611996E-003
   3.6849663592875004E-003
   3.6852597258985043E-003
   3.6871158517897129E-003
   3.6910427734255791E-003
   3.6910581402480602E-003
   3.6911740899085999E-003
   3.6923317238688469E-003
   3.6943475715816021E-003
   3.6997948773205280E-003
   3.6998642608523369E-003
   3.7011178210377693E-003
   3.7015075795352459E-003
   3.7031038664281368E-003
   3.7031816318631172E-003
   3.7067099474370480E-003
   3.7112059071660042E-003
   3.7134080193936825E-003
   3.7141982465982437E-003
   3.7163761444389820E-003
   3.7228334695100784E-003
   3.7280153483152390E-003
   3.7291580811142921E-003
   3.7292889319360256E-003
   3.7316693924367428E-003
   3.7357448600232601E-003
   3.7369634956121445E-003
   3.7435293197631836E-003
   3.7439707666635513E-003
   3.7461789324879646E-003
   3.7468601949512959E-003
   3.7531368434429169E-003
   3.7535745650529861E-003
   3.7538022734224796E-003
   3.7576537579298019E-003
   3.7585506215691566E-003
   3.7594800814986229E-003
   3.7598684430122375E-003
   3.7615909241139889E-003
   3.7633320316672325E-003
   3.7636607885360718E-003
   3.7651709280908108E-003
   3.7674610503017902E-003
   3.7684994749724865E-003
   3.7707109004259109E-003
   3.7729172036051750E-003
   3.7738173268735409E-003
   3.7773088552057743E-003
   3.7787496112287045E-003
   3.7795435637235641E-003
   3.7796455435454845E-003
   3.7810350768268108E-003
   3.7813987582921982E-003
   3.7821875885128975E-003
   3.7827631458640099E-003
   3.7864069454371929E-003
   3.7878560833632946E-003
   3.7884926423430443E-003
   3.7886868230998516E-003
   3.7903240881860256E-003
   3.7918603047728539E-003
   3.7923678755760193E-003
   3.7954975850880146E-003
   3.7965551018714905E-003
   3.7983879446983337E-003
   3.8026561960577965E-003
   3.8035809993743896E-003
   3.8058138452470303E-003
   3.8062636740505695E-003
   3.8072518073022366E-003
   3.8074585609138012E-003
   3.8112630136311054E-003
   3.8116490468382835E-003
   3.8124676793813705E-003
   3.8135820068418980E-003
   3.8165315054357052E-003
   3.8181953132152557E-003
   3.8220915012061596E-003
   3.8252184167504311E-003
   3.8262573070824146E-003
   3.8267178460955620E-003
   3.8297479040920734E-003
   3.8336711004376411E-003
   3.8347123190760612E-003
   3.8369335234165192E-003
   3.8375644944608212E-003
   3.8378522731363773E-003
   3.8393302820622921E-003
   3.8406997919082642E-003
   3.8439552299678326E-003
   3.8489815779030323E-003
   3.8524619303643703E-003
   3.8542486727237701E-003
   3.8551646284759045E-003
   3.8555189967155457E-003
   3.8557113148272038E-003
   3.8558803498744965E-003
   3.8587539456784725E-003
   3.8620578125119209E-003
   3.8620945997536182E-003
   3.8627381436526775E-003
   3.8670804351568222E-003
   3.8815210573375225E-003
   3.8828272372484207E-003
   3.8867215625941753E-003
   3.8887066766619682E-003
   3.8930648006498814E-003
   3.8930908776819706E-003
   3.8932859897613525E-003
   3.8941092789173126E-003
   3.8943099789321423E-003
   3.8945190608501434E-003
   3.8962401449680328E-003
   3.8973963819444180E-003
   3.8993177004158497E-003
   3.9016357623040676E-003
   3.9042057469487190E-003
   3.9045871235430241E-003
   3.9066504687070847E-003
   3.9070532657206059E-003
   3.9192102849483490E-003
   3.9234282448887825E-003
   3.9288774132728577E-003
   3.9333417080342770E-003
   3.9343615062534809E-003
   3.9344858378171921E-003
   3.9344886317849159E-003
   3.9390386082231998E-003
   3.9411736652255058E-003
   3.9420272223651409E-003
   3.9448980242013931E-003
   3.9449157193303108E-003
   3.9454740472137928E-003
   3.9457585662603378E-003
   3.9464393630623817E-003
   3.9464854635298252E-003
   3.9479979313910007E-003
   3.9509520865976810E-003
   3.9513418450951576E-003
   3.9570704102516174E-003
   3.9589437656104565E-003
   3.9608785882592201E-003
   3.9674541912972927E-003
   3.9684711955487728E-003
   3.9696954190731049E-003
   3.9719282649457455E-003
   3.9729531854391098E-003
   3.9735771715641022E-003
   3.9759776555001736E-003
   3.9768409915268421E-003
   3.9802724495530128E-003
   3.9803287945687771E-003
   3.9830054156482220E-003
   3.9846892468631268E-003
   3.9849271997809410E-003
   3.9880643598735332E-003
   3.9883223362267017E-003
   3.9908247999846935E-003
   3.9920839481055737E-003
   3.9938734844326973E-003
   3.9985505864024162E-003
   3.9997710846364498E-003
   4.0001724846661091E-003
   4.0002781897783279E-003
   4.0010316297411919E-003
   4.0010954253375530E-003
   4.0080109611153603E-003
   4.0089702233672142E-003
   4.0103686042129993E-003
   4.0122903883457184E-003
   4.0126154199242592E-003
   4.0139341726899147E-003
   4.0170191787183285E-003
   4.0170229040086269E-003
   4.0203919634222984E-003
   4.0212706662714481E-003
   4.0240986272692680E-003
   4.0286649018526077E-003
   4.0297214873135090E-003
   4.0324432775378227E-003
   4.0337177924811840E-003
   4.0345666930079460E-003
   4.0366426110267639E-003
   4.0373150259256363E-003
   4.0378361009061337E-003
   4.0382170118391514E-003
   4.0413159877061844E-003
   4.0431856177747250E-003
   4.0476447902619839E-003
   4.0514501743018627E-003
   4.0582269430160522E-003
   4.0593431331217289E-003
   4.0616411715745926E-003
   4.0625897236168385E-003
   4.0625929832458496E-003
   4.0649566799402237E-003
   4.0669315494596958E-003
   4.0679448284208775E-003
   4.0681781247258186E-003
   4.0690447203814983E-003
   4.0720859542489052E-003
   4.0742536075413227E-003
   4.0748338215053082E-003
   4.0756789967417717E-003
   4.0770047344267368E-003
   4.0797684341669083E-003
   4.0840399451553822E-003
   4.0843281894922256E-003
   4.0844744071364403E-003
   4.0854713879525661E-003
   4.0865601040422916E-003
   4.0895389392971992E-003
   4.0904637426137924E-003
   4.0927906520664692E-003
   4.0957331657409668E-003
   4.0987543761730194E-003
   4.1021099314093590E-003
   4.1024852544069290E-003
   4.1034189052879810E-003
   4.1058133356273174E-003
   4.1061686351895332E-003
   4.1065956465899944E-003
   4.1076783090829849E-003
   4.1089789010584354E-003
   4.1110124439001083E-003
   4.1129579767584801E-003
   4.1136569343507290E-003
   4.1205142624676228E-003
   4.1212248615920544E-003
   4.1250800713896751E-003
   4.1270656511187553E-003
   4.1298284195363522E-003
   4.1331090033054352E-003
   4.1345953941345215E-003
   4.1354252025485039E-003
   4.1381590999662876E-003
   4.1403332725167274E-003
   4.1409921832382679E-003
   4.1436729952692986E-003
   4.1453191079199314E-003
   4.1623413562774658E-003
   4.1655721142888069E-003
   4.1670533828437328E-003
   4.1719642467796803E-003
   4.1722739115357399E-003
   4.1751917451620102E-003
   4.1774972341954708E-003
   4.1790236718952656E-003
   4.1812541894614697E-003
   4.1813994757831097E-003
   4.1838698089122772E-003
   4.1877496987581253E-003
   4.1886186227202415E-003
   4.1899564675986767E-003
   4.1931327432394028E-003
   4.1939150542020798E-003
   4.1966475546360016E-003
   4.1978349909186363E-003
   4.1984780691564083E-003
   4.1995109058916569E-003
   4.1998839005827904E-003
   4.2019006796181202E-003
   4.2066560126841068E-003
   4.2068432085216045E-003
   4.2087817564606667E-003
   4.2144814506173134E-003
   4.2149904184043407E-003
   4.2157541029155254E-003
   4.2183310724794865E-003
   4.2194277048110962E-003
   4.2215636931359768E-003
   4.2228205129504204E-003
   4.2243492789566517E-003
   4.2248014360666275E-003
   4.2258207686245441E-003
   4.2263302020728588E-003
   4.2285588569939137E-003
   4.2317816987633705E-003
   4.2340438812971115E-003
   4.2367749847471714E-003
   4.2372932657599449E-003
   4.2455391958355904E-003
   4.2501594871282578E-003
   4.2501981370151043E-003
   4.2565930634737015E-003
   4.2566270567476749E-003
   4.2596231214702129E-003
   4.2601698078215122E-003
   4.2627686634659767E-003
   4.2628566734492779E-003
   4.2638499289751053E-003
   4.2647309601306915E-003
   4.2655612342059612E-003
   4.2682383209466934E-003
   4.2701596394181252E-003
   4.2708967812359333E-003
   4.2750379070639610E-003
   4.2766472324728966E-003
   4.2775375768542290E-003
   4.2835846543312073E-003
   4.2857965454459190E-003
   4.2865970171988010E-003
   4.2871986515820026E-003
   4.2899744585156441E-003
   4.2912401258945465E-003
   4.2918883264064789E-003
   4.2920578271150589E-003
   4.2921467684209347E-003
   4.2928494513034821E-003
   4.2929989285767078E-003
   4.2937439866364002E-003
   4.2940243147313595E-003
   4.2951270006597042E-003
   4.2959772981703281E-003
   4.2970147915184498E-003
   4.2971665970981121E-003
   4.2996569536626339E-003
   4.3003452010452747E-003
   4.3046823702752590E-003
   4.3066814541816711E-003
   4.3094130232930183E-003
   4.3118330650031567E-003
   4.3170601129531860E-003
   4.3191649019718170E-003
   4.3200962245464325E-003
   4.3218084610998631E-003
   4.3259710073471069E-003
   4.3277377262711525E-003
   4.3279123492538929E-003
   4.3291589245200157E-003
   4.3336343951523304E-003
   4.3337740935385227E-003
   4.3352022767066956E-003
   4.3358686380088329E-003
   4.3364278972148895E-003
   4.3375114910304546E-003
   4.3383268639445305E-003
   4.3394938111305237E-003
   4.3396246619522572E-003
   4.3427622877061367E-003
   4.3449155054986477E-003
   4.3587191030383110E-003
   4.3595060706138611E-003
   4.3614865280687809E-003
   4.3664318509399891E-003
   4.3671452440321445E-003
   4.3677724897861481E-003
   4.3682274408638477E-003
   4.3682320974767208E-003
   4.3732048943638802E-003
   4.3816324323415756E-003
   4.3824538588523865E-003
   4.3831663206219673E-003
   4.3833302333950996E-003
   4.3835351243615150E-003
   4.3835598044097424E-003
   4.3836226686835289E-003
   4.3906224891543388E-003
   4.3982276692986488E-003
   4.3997489847242832E-003
   4.4022891670465469E-003
   4.4026477262377739E-003
   4.4029699638485909E-003
   4.4048251584172249E-003
   4.4062240049242973E-003
   4.4095753692090511E-003
   4.4101923704147339E-003
   4.4109104201197624E-003
   4.4206706807017326E-003
   4.4215852394700050E-003
   4.4216993264853954E-003
   4.4220830313861370E-003
   4.4312695972621441E-003
   4.4317040592432022E-003
   4.4359066523611546E-003
   4.4370195828378201E-003
   4.4374964199960232E-003
   4.4423998333513737E-003
   4.4456794857978821E-003
   4.4465065002441406E-003
   4.4527235440909863E-003
   4.4553657062351704E-003
   4.4566909782588482E-003
   4.4593224301934242E-003
   4.4600907713174820E-003
   4.4603249989449978E-003
   4.4615878723561764E-003
   4.4622658751904964E-003
   4.4642472639679909E-003
   4.4648307375609875E-003
   4.4649927876889706E-003
   4.4654700905084610E-003
   4.4661671854555607E-003
   4.4664288870990276E-003
   4.4674575328826904E-003
   4.4714673422276974E-003
   4.4780639000236988E-003
   4.4781151227653027E-003
   4.4784080237150192E-003
   4.4831605628132820E-003
   4.4891675934195518E-003
   4.4949036091566086E-003
   4.4963238760828972E-003
   4.4981823302805424E-003
   4.4985464774072170E-003
   4.4995113275945187E-003
   4.5002559199929237E-003
   4.5015094801783562E-003
   4.5041381381452084E-003
   4.5049255713820457E-003
   4.5077418908476830E-003
   4.5090257190167904E-003
   4.5098471455276012E-003
   4.5104133896529675E-003
   4.5116553083062172E-003
   4.5123002491891384E-003
   4.5156474225223064E-003
   4.5177708379924297E-003
   4.5227017253637314E-003
   4.5326561667025089E-003
   4.5392401516437531E-003
   4.5430189929902554E-003
   4.5439978130161762E-003
   4.5441412366926670E-003
   4.5445291325449944E-003
   4.5460727997124195E-003
   4.5533692464232445E-003
   4.5544174499809742E-003
   4.5547261834144592E-003
   4.5549198985099792E-003
   4.5550726354122162E-003
   4.5585641637444496E-003
   4.5595234259963036E-003
   4.5622121542692184E-003
   4.5646294020116329E-003
   4.5661679469048977E-003
   4.5672422274947166E-003
   4.5672757551074028E-003
   4.5673502609133720E-003
   4.5691891573369503E-003
   4.5723477378487587E-003
   4.5725740492343903E-003
   4.5743542723357677E-003
   4.5755319297313690E-003
   4.5800404623150826E-003
   4.5807934366166592E-003
   4.5817089267075062E-003
   4.5857843942940235E-003
   4.5915432274341583E-003
   4.5920363627374172E-003
   4.5953197404742241E-003
   4.5970897190272808E-003
   4.5972680673003197E-003
   4.5974133536219597E-003
   4.6033286489546299E-003
   4.6091834083199501E-003
   4.6136039309203625E-003
   4.6140877529978752E-003
   4.6181101351976395E-003
   4.6188342384994030E-003
   4.6218223869800568E-003
   4.6245274133980274E-003
   4.6252664178609848E-003
   4.6254727058112621E-003
   4.6257404610514641E-003
   4.6314275823533535E-003
   4.6316147781908512E-003
   4.6330760233104229E-003
   4.6343361027538776E-003
   4.6344469301402569E-003
   4.6361470595002174E-003
   4.6379445120692253E-003
   4.6386271715164185E-003
   4.6449922956526279E-003
   4.6459659934043884E-003
   4.6461368910968304E-003
   4.6483478508889675E-003
   4.6492200344800949E-003
   4.6501639299094677E-003
   4.6509858220815659E-003
   4.6510794200003147E-003
   4.6547916717827320E-003
   4.6550990082323551E-003
   4.6565299853682518E-003
   4.6576848253607750E-003
   4.6601961366832256E-003
   4.6607339754700661E-003
   4.6622427180409431E-003
   4.6640015207231045E-003
   4.6642422676086426E-003
   4.6674576587975025E-003
   4.6690637245774269E-003
   4.6697822399437428E-003
   4.6698562800884247E-003
   4.6703913249075413E-003
   4.6762442216277122E-003
   4.6896059066057205E-003
   4.6908692456781864E-003
   4.6921540051698685E-003
   4.6931561082601547E-003
   4.6931747347116470E-003
   4.6997442841529846E-003
   4.7002388164401054E-003
   4.7011347487568855E-003
   4.7014914453029633E-003
   4.7017722390592098E-003
   4.7066709958016872E-003
   4.7097811475396156E-003
   4.7098179347813129E-003
   4.7115180641412735E-003
   4.7152559272944927E-003
   4.7174757346510887E-003
   4.7197579406201839E-003
   4.7216648235917091E-003
   4.7220173291862011E-003
   4.7250399366021156E-003
   4.7251712530851364E-003
   4.7256331890821457E-003
   4.7257412225008011E-003
   4.7280150465667248E-003
   4.7285552136600018E-003
   4.7302208840847015E-003
   4.7304080799221992E-003
   4.7359871678054333E-003
   4.7373357228934765E-003
   4.7373403795063496E-003
   4.7375601716339588E-003
   4.7397767193615437E-003
   4.7447010874748230E-003
   4.7474601306021214E-003
   4.7519234940409660E-003
   4.7540795058012009E-003
   4.7551374882459641E-003
   4.7597354277968407E-003
   4.7605368308722973E-003
   4.7626388259232044E-003
   4.7642500139772892E-003
   4.7648493200540543E-003
   4.7686267644166946E-003
   4.7715157270431519E-003
   4.7723455354571342E-003
   4.7752838581800461E-003
   4.7763520851731300E-003
   4.7799665480852127E-003
   4.7814431600272655E-003
   4.7815870493650436E-003
   4.7816545702517033E-003
   4.7819842584431171E-003
   4.7859633341431618E-003
   4.7865575179457664E-003
   4.7874334268271923E-003
   4.7916998155415058E-003
   4.7944863326847553E-003
   4.7952909953892231E-003
   4.8023643903434277E-003
   4.8044533468782902E-003
   4.8093297518789768E-003
   4.8103109002113342E-003
   4.8169372603297234E-003
   4.8171812668442726E-003
   4.8178113065660000E-003
   4.8240185715258121E-003
   4.8240460455417633E-003
   4.8266262747347355E-003
   4.8277867026627064E-003
   4.8280605114996433E-003
   4.8286514356732368E-003
   4.8286924138665199E-003
   4.8292852006852627E-003
   4.8302621580660343E-003
   4.8313965089619160E-003
   4.8319692723453045E-003
   4.8322500661015511E-003
   4.8351488076150417E-003
   4.8375576734542847E-003
   4.8388531431555748E-003
   4.8388601280748844E-003
   4.8415223136544228E-003
   4.8422720283269882E-003
   4.8433272168040276E-003
   4.8438468948006630E-003
   4.8440508544445038E-003
   4.8446608707308769E-003
   4.8456620424985886E-003
   4.8479270190000534E-003
   4.8495521768927574E-003
   4.8499256372451782E-003
   4.8504485748708248E-003
   4.8508164472877979E-003
   4.8509356565773487E-003
   4.8527377657592297E-003
   4.8531307838857174E-003
   4.8544011078774929E-003
   4.8555824905633926E-003
   4.8558101989328861E-003
   4.8590111546218395E-003
   4.8609967343509197E-003
   4.8617683351039886E-003
   4.8625571653246880E-003
   4.8632319085299969E-003
   4.8677967861294746E-003
   4.8717390745878220E-003
   4.8724566586315632E-003
   4.8740408383309841E-003
   4.8762294463813305E-003
   4.8809107393026352E-003
   4.8810145817697048E-003
   4.8821987584233284E-003
   4.8866025172173977E-003
   4.8866835422813892E-003
   4.8912940546870232E-003
   4.8929993063211441E-003
   4.8946086317300797E-003
   4.8972992226481438E-003
   4.9013681709766388E-003
   4.9025733023881912E-003
   4.9058259464800358E-003
   4.9084913916885853E-003
   4.9127046950161457E-003
   4.9129696562886238E-003
   4.9132946878671646E-003
   4.9163782969117165E-003
   4.9190502613782883E-003
   4.9236803315579891E-003
   4.9241906963288784E-003
   4.9252668395638466E-003
   4.9254139885306358E-003
   4.9258377403020859E-003
   4.9265264533460140E-003
   4.9269255250692368E-003
   4.9284887500107288E-003
   4.9322042614221573E-003
   4.9327202141284943E-003
   4.9347495660185814E-003
   4.9359593540430069E-003
   4.9362820573151112E-003
   4.9384161829948425E-003
   4.9403239972889423E-003
   4.9442825838923454E-003
   4.9498644657433033E-003
   4.9501559697091579E-003
   4.9511957913637161E-003
   4.9525760114192963E-003
   4.9537732265889645E-003
   4.9591879360377789E-003
   4.9609048292040825E-003
   4.9619637429714203E-003
   4.9648634158074856E-003
   4.9652783200144768E-003
   4.9670604057610035E-003
   4.9684545956552029E-003
   4.9693244509398937E-003
   4.9701239913702011E-003
   4.9727004952728748E-003
   4.9773463979363441E-003
   4.9830032512545586E-003
   4.9832332879304886E-003
   4.9873818643391132E-003
   4.9883383326232433E-003
   4.9890354275703430E-003
   4.9925562925636768E-003
   4.9935658462345600E-003
   4.9939122982323170E-003
   4.9951258115470409E-003
   4.9972706474363804E-003
   5.0003994256258011E-003
   5.0030169077217579E-003
   5.0046299584209919E-003
   5.0070453435182571E-003
   5.0083873793482780E-003
   5.0107953138649464E-003
   5.0108265131711960E-003
   5.0127040594816208E-003
   5.0156507641077042E-003
   5.0157569348812103E-003
   5.0180852413177490E-003
   5.0199292600154877E-003
   5.0201183184981346E-003
   5.0212992355227470E-003
   5.0296029075980186E-003
   5.0296848639845848E-003
   5.0304536707699299E-003
   5.0310110673308372E-003
   5.0315293483436108E-003
   5.0403666682541370E-003
   5.0426051020622253E-003
   5.0452561117708683E-003
   5.0483136437833309E-003
   5.0515229813754559E-003
   5.0520617514848709E-003
   5.0530913285911083E-003
   5.0534126348793507E-003
   5.0538610666990280E-003
   5.0543318502604961E-003
   5.0597931258380413E-003
   5.0611696206033230E-003
   5.0645624287426472E-003
   5.0665377639234066E-003
   5.0685848109424114E-003
   5.0688758492469788E-003
   5.0698099657893181E-003
   5.0727943889796734E-003
   5.0772987306118011E-003
   5.0826864317059517E-003
   5.0852801650762558E-003
   5.0876722671091557E-003
   5.0893039442598820E-003
   5.0893039442598820E-003
   5.0908420234918594E-003
   5.0911619327962399E-003
   5.0926292315125465E-003
   5.0945468246936798E-003
   5.1029357127845287E-003
   5.1039685495197773E-003
   5.1043462008237839E-003
   5.1052551716566086E-003
   5.1108077168464661E-003
   5.1118955016136169E-003
   5.1132342778146267E-003
   5.1138941198587418E-003
   5.1149833016097546E-003
   5.1221689209342003E-003
   5.1259221509099007E-003
   5.1259901374578476E-003
   5.1288045942783356E-003
   5.1316223107278347E-003
   5.1358612254261971E-003
   5.1369075663387775E-003
   5.1402756944298744E-003
   5.1419879309833050E-003
   5.1521598361432552E-003
   5.1523488946259022E-003
   5.1532802172005177E-003
   5.1541985012590885E-003
   5.1556346006691456E-003
   5.1595428958535194E-003
   5.1595559343695641E-003
   5.1599596627056599E-003
   5.1600206643342972E-003
   5.1621124148368835E-003
   5.1624886691570282E-003
   5.1654605194926262E-003
   5.1656286232173443E-003
   5.1690153777599335E-003
   5.1691420376300812E-003
   5.1718559116125107E-003
   5.1747532561421394E-003
   5.1774317398667336E-003
   5.1820920780301094E-003
   5.1833381876349449E-003
   5.1856767386198044E-003
   5.1896274089813232E-003
   5.1940926350653172E-003
   5.1949168555438519E-003
   5.1971552893519402E-003
   5.1994170062243938E-003
   5.2000610157847404E-003
   5.2013103850185871E-003
   5.2023082971572876E-003
   5.2034594118595123E-003
   5.2053048275411129E-003
   5.2058254368603230E-003
   5.2058906294405460E-003
   5.2088452503085136E-003
   5.2090613171458244E-003
   5.2100177854299545E-003
   5.2104424685239792E-003
   5.2116578444838524E-003
   5.2123731002211571E-003
   5.2139181643724442E-003
   5.2167428657412529E-003
   5.2177826873958111E-003
   5.2190739661455154E-003
   5.2268560975790024E-003
   5.2276561036705971E-003
   5.2278731018304825E-003
   5.2284938283264637E-003
   5.2298051305115223E-003
   5.2312933839857578E-003
   5.2340887486934662E-003
   5.2341450937092304E-003
   5.2354033105075359E-003
   5.2390592172741890E-003
   5.2413395605981350E-003
   5.2431928925216198E-003
   5.2490248344838619E-003
   5.2492567338049412E-003
   5.2493321709334850E-003
   5.2502686157822609E-003
   5.2532027475535870E-003
   5.2547240629792213E-003
   5.2559990435838699E-003
   5.2577350288629532E-003
   5.2605858072638512E-003
   5.2612302824854851E-003
   5.2621182985603809E-003
   5.2626533433794975E-003
   5.2635297179222107E-003
   5.2674962207674980E-003
   5.2716559730470181E-003
   5.2717425860464573E-003
   5.2750911563634872E-003
   5.2818050608038902E-003
   5.2836425602436066E-003
   5.2847727201879025E-003
   5.2890847437083721E-003
   5.2893632091581821E-003
   5.2896672859787941E-003
   5.2901608869433403E-003
   5.2907587960362434E-003
   5.2916309796273708E-003
   5.2922852337360382E-003
   5.2941902540624142E-003
   5.2966224029660225E-003
   5.2971607074141502E-003
   5.2971732802689075E-003
   5.2975299768149853E-003
   5.3004119545221329E-003
   5.3045433014631271E-003
   5.3046578541398048E-003
   5.3051351569592953E-003
   5.3053591400384903E-003
   5.3066168911755085E-003
   5.3084883838891983E-003
   5.3087156265974045E-003
   5.3101223893463612E-003
   5.3137699142098427E-003
   5.3157699294388294E-003
   5.3161620162427425E-003
   5.3167552687227726E-003
   5.3200903348624706E-003
   5.3205979056656361E-003
   5.3207194432616234E-003
   5.3222263231873512E-003
   5.3255655802786350E-003
   5.3278999403119087E-003
   5.3318333812057972E-003
   5.3325109183788300E-003
   5.3334436379373074E-003
   5.3334506228566170E-003
   5.3337770514190197E-003
   5.3346306085586548E-003
   5.3350045345723629E-003
   5.3368783555924892E-003
   5.3377416916191578E-003
   5.3447936661541462E-003
   5.3493957966566086E-003
   5.3512318991124630E-003
   5.3517925553023815E-003
   5.3555984050035477E-003
   5.3566833958029747E-003
   5.3592724725604057E-003
   5.3629367612302303E-003
   5.3636441007256508E-003
   5.3654392249882221E-003
   5.3675337694585323E-003
   5.3699435666203499E-003
   5.3709540516138077E-003
   5.3711091168224812E-003
   5.3720069117844105E-003
   5.3722849115729332E-003
   5.3744795732200146E-003
   5.3757373243570328E-003
   5.3758090361952782E-003
   5.3773834370076656E-003
   5.3783403709530830E-003
   5.3794514387845993E-003
   5.3816684521734715E-003
   5.3858314640820026E-003
   5.3897961042821407E-003
   5.3905784152448177E-003
   5.3923507221043110E-003
   5.3991172462701797E-003
   5.4006008431315422E-003
   5.4058129899203777E-003
   5.4059438407421112E-003
   5.4071778431534767E-003
   5.4086875170469284E-003
   5.4096900857985020E-003
   5.4108207114040852E-003
   5.4117902182042599E-003
   5.4121688008308411E-003
   5.4134735837578773E-003
   5.4149022325873375E-003
   5.4170303046703339E-003
   5.4228203371167183E-003
   5.4237609729170799E-003
   5.4244673810899258E-003
   5.4249274544417858E-003
   5.4256953299045563E-003
   5.4269274696707726E-003
   5.4269814863801003E-003
   5.4364898242056370E-003
   5.4366961121559143E-003
   5.4371617734432220E-003
   5.4455990903079510E-003
   5.4468079470098019E-003
   5.4519618861377239E-003
   5.4522571153938770E-003
   5.4567926563322544E-003
   5.4580285213887691E-003
   5.4581263102591038E-003
   5.4586678743362427E-003
   5.4630842059850693E-003
   5.4643009789288044E-003
   5.4652285762131214E-003
   5.4667252115905285E-003
   5.4697981104254723E-003
   5.4702316410839558E-003
   5.4708551615476608E-003
   5.4708863608539104E-003
   5.4741692729294300E-003
   5.4857013747096062E-003
   5.4893726482987404E-003
   5.4916939698159695E-003
   5.4969349876046181E-003
   5.5013806559145451E-003
   5.5083245970308781E-003
   5.5089290253818035E-003
   5.5137062445282936E-003
   5.5180569179356098E-003
   5.5203940719366074E-003
   5.5205072276294231E-003
   5.5205156095325947E-003
   5.5223498493432999E-003
   5.5260327644646168E-003
   5.5279312655329704E-003
   5.5286106653511524E-003
   5.5301180109381676E-003
   5.5332547053694725E-003
   5.5340514518320560E-003
   5.5367448367178440E-003
   5.5443895980715752E-003
   5.5472319945693016E-003
   5.5477032437920570E-003
   5.5492259562015533E-003
   5.5494722910225391E-003
   5.5544241331517696E-003
   5.5562602356076241E-003
   5.5610551498830318E-003
   5.5621475912630558E-003
   5.5631753057241440E-003
   5.5641019716858864E-003
   5.5672503076493740E-003
   5.5701518431305885E-003
   5.5715418420732021E-003
   5.5790110491216183E-003
   5.5791814811527729E-003
   5.5836113169789314E-003
   5.5844117887318134E-003
   5.5875903926789761E-003
   5.5907065980136395E-003
   5.6016901507973671E-003
   5.6046363897621632E-003
   5.6057269684970379E-003
   5.6065064854919910E-003
   5.6065469980239868E-003
   5.6090033613145351E-003
   5.6092422455549240E-003
   5.6098052300512791E-003
   5.6103537790477276E-003
   5.6111989542841911E-003
   5.6183636188507080E-003
   5.6187952868640423E-003
   5.6189848110079765E-003
   5.6190560571849346E-003
   5.6194500066339970E-003
   5.6207058951258659E-003
   5.6225713342428207E-003
   5.6237387470901012E-003
   5.6274621747434139E-003
   5.6285513564944267E-003
   5.6322906166315079E-003
   5.6328317150473595E-003
   5.6332792155444622E-003
   5.6334869004786015E-003
   5.6343670003116131E-003
   5.6368685327470303E-003
   5.6385784409940243E-003
   5.6418278254568577E-003
   5.6448485702276230E-003
   5.6468523107469082E-003
   5.6492881849408150E-003
   5.6544239632785320E-003
   5.6566577404737473E-003
   5.6575527414679527E-003
   5.6587387807667255E-003
   5.6652254424989223E-003
   5.6662876158952713E-003
   5.6677213869988918E-003
   5.6677716784179211E-003
   5.6695751845836639E-003
   5.6745456531643867E-003
   5.6787654757499695E-003
   5.6796586140990257E-003
   5.6826923973858356E-003
   5.6828530505299568E-003
   5.6840023025870323E-003
   5.6844572536647320E-003
   5.6880121119320393E-003
   5.6882980279624462E-003
   5.6888810358941555E-003
   5.6934989988803864E-003
   5.6935213506221771E-003
   5.6943544186651707E-003
   5.6948084384202957E-003
   5.6950217112898827E-003
   5.6972051970660686E-003
   5.6989989243447781E-003
   5.7006161659955978E-003
   5.7024317793548107E-003
   5.7032662443816662E-003
   5.7054590433835983E-003
   5.7057593949139118E-003
   5.7060085237026215E-003
   5.7063815183937550E-003
   5.7089589536190033E-003
   5.7116262614727020E-003
   5.7170172221958637E-003
   5.7171764783561230E-003
   5.7179778814315796E-003
   5.7239304296672344E-003
   5.7265004143118858E-003
   5.7283900678157806E-003
   5.7299002073705196E-003
   5.7316124439239502E-003
   5.7340981438755989E-003
   5.7423193939030170E-003
   5.7426057755947113E-003
   5.7443487457931042E-003
   5.7477736845612526E-003
   5.7494589127600193E-003
   5.7561802677810192E-003
   5.7627907954156399E-003
   5.7634618133306503E-003
   5.7656127028167248E-003
   5.7670390233397484E-003
   5.7710539549589157E-003
   5.7715764269232750E-003
   5.7724076323211193E-003
   5.7727787643671036E-003
   5.7729659602046013E-003
   5.7731424458324909E-003
   5.7784393429756165E-003
   5.7788370177149773E-003
   5.7789064012467861E-003
   5.7803364470601082E-003
   5.7810284197330475E-003
   5.7833562605082989E-003
   5.7834889739751816E-003
   5.7859905064105988E-003
   5.7886545546352863E-003
   5.7896855287253857E-003
   5.7897302322089672E-003
   5.7953712530434132E-003
   5.8008995838463306E-003
   5.8026635088026524E-003
   5.8077536523342133E-003
   5.8081210590898991E-003
   5.8149956166744232E-003
   5.8212312869727612E-003
   5.8223647065460682E-003
   5.8260760270059109E-003
   5.8346721343696117E-003
   5.8356681838631630E-003
   5.8367261663079262E-003
   5.8392416685819626E-003
   5.8430498465895653E-003
   5.8437064290046692E-003
   5.8453874662518501E-003
   5.8462130837142467E-003
   5.8477367274463177E-003
   5.8483248576521873E-003
   5.8496417477726936E-003
   5.8522266335785389E-003
   5.8541074395179749E-003
   5.8542680926620960E-003
   5.8562532067298889E-003
   5.8587566018104553E-003
   5.8606383390724659E-003
   5.8634085580706596E-003
   5.8658821508288383E-003
   5.8678258210420609E-003
   5.8693671599030495E-003
   5.8711166493594646E-003
   5.8761863037943840E-003
   5.8795353397727013E-003
   5.8814533986151218E-003
   5.8823921717703342E-003
   5.8833300136029720E-003
   5.8841705322265625E-003
   5.8879894204437733E-003
   5.8886995539069176E-003
   5.8902748860418797E-003
   5.8933957479894161E-003
   5.8942167088389397E-003
   5.8943838812410831E-003
   5.8947186917066574E-003
   5.8951796963810921E-003
   5.8967587538063526E-003
   5.8972435072064400E-003
   5.9006386436522007E-003
   5.9038964100182056E-003
   5.9039494954049587E-003
   5.9073045849800110E-003
   5.9077362529933453E-003
   5.9081362560391426E-003
   5.9093572199344635E-003
   5.9125386178493500E-003
   5.9135952033102512E-003
   5.9143449179828167E-003
   5.9157484211027622E-003
   5.9175966307520866E-003
   5.9248371981084347E-003
   5.9270206838846207E-003
   5.9282099828124046E-003
   5.9303999878466129E-003
   5.9318454004824162E-003
   5.9337280690670013E-003
   5.9355767443776131E-003
   5.9371171519160271E-003
   5.9376554563641548E-003
   5.9424792416393757E-003
   5.9425570070743561E-003
   5.9476080350577831E-003
   5.9478692710399628E-003
   5.9498106129467487E-003
   5.9501533396542072E-003
   5.9502408839762211E-003
   5.9516923502087593E-003
   5.9526748955249786E-003
   5.9604295529425144E-003
   5.9636547230184078E-003
   5.9639764949679375E-003
   5.9665935114026070E-003
   5.9731667861342430E-003
   5.9739788994193077E-003
   5.9744766913354397E-003
   5.9767789207398891E-003
   5.9778867289423943E-003
   5.9830090031027794E-003
   5.9854513965547085E-003
   5.9871296398341656E-003
   5.9879207983613014E-003
   5.9887310490012169E-003
   5.9897042810916901E-003
   5.9927441179752350E-003
   5.9948619455099106E-003
   5.9959162026643753E-003
   5.9967832639813423E-003
   5.9986966662108898E-003
   6.0019241645932198E-003
   6.0058976523578167E-003
   6.0061854310333729E-003
   6.0062380507588387E-003
   6.0080159455537796E-003
   6.0080876573920250E-003
   6.0081705451011658E-003
   6.0099130496382713E-003
   6.0140523128211498E-003
   6.0173459351062775E-003
   6.0221576131880283E-003
   6.0224626213312149E-003
   6.0271127149462700E-003
   6.0345926322042942E-003
   6.0381302610039711E-003
   6.0383239760994911E-003
   6.0412506572902203E-003
   6.0508963651955128E-003
   6.0514751821756363E-003
   6.0529829934239388E-003
   6.0594999231398106E-003
   6.0616773553192616E-003
   6.0670138336718082E-003
   6.0679656453430653E-003
   6.0730054974555969E-003
   6.0751470737159252E-003
   6.0759331099689007E-003
   6.0769021511077881E-003
   6.0788397677242756E-003
   6.0802535153925419E-003
   6.0803969390690327E-003
   6.0814316384494305E-003
   6.0814511962234974E-003
   6.0827746056020260E-003
   6.0828197747468948E-003
   6.0902610421180725E-003
   6.0907788574695587E-003
   6.0940906405448914E-003
   6.1001586727797985E-003
   6.1038103885948658E-003
   6.1166514642536640E-003
   6.1168377287685871E-003
   6.1176973395049572E-003
   6.1210775747895241E-003
   6.1212927103042603E-003
   6.1221574433147907E-003
   6.1263618990778923E-003
   6.1264657415449619E-003
   6.1266217380762100E-003
   6.1276070773601532E-003
   6.1279274523258209E-003
   6.1285896226763725E-003
   6.1293998733162880E-003
   6.1294571496546268E-003
   6.1304490081965923E-003
   6.1421710997819901E-003
   6.1454782262444496E-003
   6.1457622796297073E-003
   6.1529031954705715E-003
   6.1534997075796127E-003
   6.1571435071527958E-003
   6.1577456071972847E-003
   6.1581181362271309E-003
   6.1586936935782433E-003
   6.1649354174733162E-003
   6.1650243587791920E-003
   6.1668031848967075E-003
   6.1676749028265476E-003
   6.1679161153733730E-003
   6.1689014546573162E-003
   6.1726546846330166E-003
   6.1754197813570499E-003
   6.1771203763782978E-003
   6.1774281784892082E-003
   6.1802626587450504E-003
   6.1805900186300278E-003
   6.1817383393645287E-003
   6.1840037815272808E-003
   6.1840983107686043E-003
   6.1871991492807865E-003
   6.1881248839199543E-003
   6.1892303638160229E-003
   6.1902585439383984E-003
   6.1912112869322300E-003
   6.1959098093211651E-003
   6.2012160196900368E-003
   6.2030199915170670E-003
   6.2067494727671146E-003
   6.2068146653473377E-003
   6.2068426050245762E-003
   6.2100640498101711E-003
   6.2133683823049068E-003
   6.2177306972444057E-003
   6.2183374539017677E-003
   6.2203304842114449E-003
   6.2206634320318699E-003
   6.2264590524137020E-003
   6.2299128621816635E-003
   6.2313745729625225E-003
   6.2327114865183830E-003
   6.2359753064811230E-003
   6.2379995360970497E-003
   6.2385429628193378E-003
   6.2394849956035614E-003
   6.2405746430158615E-003
   6.2465998344123363E-003
   6.2482361681759357E-003
   6.2514892779290676E-003
   6.2521793879568577E-003
   6.2593938782811165E-003
   6.2729348428547382E-003
   6.2778629362583160E-003
   6.2778778374195099E-003
   6.2793781980872154E-003
   6.2824534252285957E-003
   6.2831258401274681E-003
   6.2855021096765995E-003
   6.2868283130228519E-003
   6.2884078361093998E-003
   6.2926900573074818E-003
   6.2943450175225735E-003
   6.2955860048532486E-003
   6.2970817089080811E-003
   6.3004381954669952E-003
   6.3005760312080383E-003
   6.3020405359566212E-003
   6.3071306794881821E-003
   6.3089397735893726E-003
   6.3089900650084019E-003
   6.3093039207160473E-003
   6.3094715587794781E-003
   6.3130459748208523E-003
   6.3157859258353710E-003
   6.3158078119158745E-003
   6.3164280727505684E-003
   6.3169072382152081E-003
   6.3183526508510113E-003
   6.3204779289662838E-003
   6.3234423287212849E-003
   6.3247140496969223E-003
   6.3261971808969975E-003
   6.3264956697821617E-003
   6.3292467966675758E-003
   6.3312845304608345E-003
   6.3336472958326340E-003
   6.3345720991492271E-003
   6.3354591839015484E-003
   6.3356999307870865E-003
   6.3361604698002338E-003
   6.3364296220242977E-003
   6.3367416150867939E-003
   6.3382848165929317E-003
   6.3419202342629433E-003
   6.3444813713431358E-003
   6.3467086292803288E-003
   6.3474625349044800E-003
   6.3483333215117455E-003
   6.3516283407807350E-003
   6.3538551330566406E-003
   6.3581583090126514E-003
   6.3603501766920090E-003
   6.3618179410696030E-003
   6.3622347079217434E-003
   6.3659492880105972E-003
   6.3663879409432411E-003
   6.3670137897133827E-003
   6.3679539598524570E-003
   6.3690524548292160E-003
   6.3719456084072590E-003
   6.3740136101841927E-003
   6.3741244375705719E-003
   6.3775116577744484E-003
   6.3790208660066128E-003
   6.3798441551625729E-003
   6.3802287913858891E-003
   6.3820900395512581E-003
   6.3823787495493889E-003
   6.3824937678873539E-003
   6.3831247389316559E-003
   6.3854237087070942E-003
   6.3865780830383301E-003
   6.3945841975510120E-003
   6.3960473053157330E-003
   6.3976827077567577E-003
   6.3989222981035709E-003
   6.3990475609898567E-003
   6.3996776007115841E-003
   6.4019709825515747E-003
   6.4044333994388580E-003
   6.4044753089547157E-003
   6.4064869657158852E-003
   6.4105507917702198E-003
   6.4108418300747871E-003
   6.4111636020243168E-003
   6.4118877053260803E-003
   6.4120865426957607E-003
   6.4129214733839035E-003
   6.4145722426474094E-003
   6.4160805195569992E-003
   6.4180428162217140E-003
   6.4186220988631248E-003
   6.4196856692433357E-003
   6.4233518205583096E-003
   6.4243292436003685E-003
   6.4245183020830154E-003
   6.4253248274326324E-003
   6.4260819926857948E-003
   6.4267693087458611E-003
   6.4271022565662861E-003
   6.4287101849913597E-003
   6.4289956353604794E-003
   6.4307488501071930E-003
   6.4318305812776089E-003
   6.4320815727114677E-003
   6.4393896609544754E-003
   6.4411843195557594E-003
   6.4430017955601215E-003
   6.4460029825568199E-003
   6.4466875046491623E-003
   6.4477147534489632E-003
   6.4495354890823364E-003
   6.4517213031649590E-003
   6.4529227092862129E-003
   6.4552370458841324E-003
   6.4554712735116482E-003
   6.4585311338305473E-003
   6.4652878791093826E-003
   6.4675030298531055E-003
   6.4692432060837746E-003
   6.4696627669036388E-003
   6.4722658134996891E-003
   6.4732665196061134E-003
   6.4735580235719681E-003
   6.4769964665174484E-003
   6.4781736582517624E-003
   6.4797545783221722E-003
   6.4962892793118954E-003
   6.4993733540177345E-003
   6.5021985210478306E-003
   6.5061817876994610E-003
   6.5069566480815411E-003
   6.5142493695020676E-003
   6.5175578929483891E-003
   6.5177031792700291E-003
   6.5181506797671318E-003
   6.5210829488933086E-003
   6.5313656814396381E-003
   6.5326457843184471E-003
   6.5362667664885521E-003
   6.5369266085326672E-003
   6.5372129902243614E-003
   6.5379547886550426E-003
   6.5453802235424519E-003
   6.5459241159260273E-003
   6.5460163168609142E-003
   6.5463725477457047E-003
   6.5473588183522224E-003
   6.5478757023811340E-003
   6.5512228757143021E-003
   6.5512992441654205E-003
   6.5518231131136417E-003
   6.5534804016351700E-003
   6.5541756339371204E-003
   6.5549896098673344E-003
   6.5551120787858963E-003
   6.5560960210859776E-003
   6.5562045201659203E-003
   6.5611824393272400E-003
   6.5637482330203056E-003
   6.5642548725008965E-003
   6.5652215853333473E-003
   6.5664127469062805E-003
   6.5681189298629761E-003
   6.5694907680153847E-003
   6.5717678517103195E-003
   6.5719550475478172E-003
   6.5721049904823303E-003
   6.5730307251214981E-003
   6.5749655477702618E-003
   6.5814075060188770E-003
   6.5831374377012253E-003
   6.5907412208616734E-003
   6.5945228561758995E-003
   6.5959659405052662E-003
   6.5981349907815456E-003
   6.6068801097571850E-003
   6.6091506741940975E-003
   6.6100596450269222E-003
   6.6146953031420708E-003
   6.6210348159074783E-003
   6.6218017600476742E-003
   6.6220550797879696E-003
   6.6239573061466217E-003
   6.6269077360630035E-003
   6.6277668811380863E-003
   6.6278092563152313E-003
   6.6282642073929310E-003
   6.6339480690658092E-003
   6.6359611228108406E-003
   6.6362037323415279E-003
   6.6485693678259850E-003
   6.6497465595602989E-003
   6.6507239826023579E-003
   6.6515044309198856E-003
   6.6530234180390835E-003
   6.6535472869873047E-003
   6.6538508981466293E-003
   6.6608972847461700E-003
   6.6635282710194588E-003
   6.6636470146477222E-003
   6.6656125709414482E-003
   6.6681117750704288E-003
   6.6705867648124695E-003
   6.6710119135677814E-003
   6.6748722456395626E-003
   6.6776610910892487E-003
   6.6790496930480003E-003
   6.6823838278651237E-003
   6.6847205162048340E-003
   6.6857305355370045E-003
   6.6873310133814812E-003
   6.6892430186271667E-003
   6.6906916908919811E-003
   6.6914199851453304E-003
   6.6923317499458790E-003
   6.6927243024110794E-003
   6.6928188316524029E-003
   6.6948863677680492E-003
   6.6968817263841629E-003
   6.7053018137812614E-003
   6.7068738862872124E-003
   6.7070331424474716E-003
   6.7072929814457893E-003
   6.7113270051777363E-003
   6.7150956019759178E-003
   6.7193168215453625E-003
   6.7198560573160648E-003
   6.7207822576165199E-003
   6.7207999527454376E-003
   6.7210081033408642E-003
   6.7258938215672970E-003
   6.7262263037264347E-003
   6.7267217673361301E-003
   6.7279734648764133E-003
   6.7279799841344357E-003
   6.7322454415261745E-003
   6.7353672347962856E-003
   6.7359781824052334E-003
   6.7413621582090855E-003
   6.7420150153338909E-003
   6.7423940636217594E-003
   6.7442380823194981E-003
   6.7479945719242096E-003
   6.7511037923395634E-003
   6.7520532757043839E-003
   6.7594903521239758E-003
   6.7596207372844219E-003
   6.7599862813949585E-003
   6.7681940272450447E-003
   6.7704343236982822E-003
   6.7726438865065575E-003
   6.7727146670222282E-003
   6.7741512320935726E-003
   6.7749419249594212E-003
   6.7768665030598640E-003
   6.7783053964376450E-003
   6.7795943468809128E-003
   6.7809936590492725E-003
   6.7811552435159683E-003
   6.7852102220058441E-003
   6.7869704216718674E-003
   6.7874100059270859E-003
   6.7881415598094463E-003
   6.7889019846916199E-003
   6.7892591468989849E-003
   6.7897038534283638E-003
   6.7907753400504589E-003
   6.7944778129458427E-003
   6.7998166196048260E-003
   6.7999111488461494E-003
   6.8006645888090134E-003
   6.8050292320549488E-003
   6.8059186451137066E-003
   6.8079261109232903E-003
   6.8079447373747826E-003
   6.8091754801571369E-003
   6.8109766580164433E-003
   6.8122926168143749E-003
   6.8134423345327377E-003
   6.8136896006762981E-003
   6.8146213889122009E-003
   6.8197613582015038E-003
   6.8245576694607735E-003
   6.8279099650681019E-003
   6.8279625847935677E-003
   6.8313451483845711E-003
   6.8314205855131149E-003
   6.8345353938639164E-003
   6.8369819782674313E-003
   6.8376371636986732E-003
   6.8404269404709339E-003
   6.8404395133256912E-003
   6.8405694328248501E-003
   6.8420451134443283E-003
   6.8427091464400291E-003
   6.8433126434683800E-003
   6.8466085940599442E-003
   6.8475063890218735E-003
   6.8476041778922081E-003
   6.8502295762300491E-003
   6.8507762625813484E-003
   6.8521271459758282E-003
   6.8536163307726383E-003
   6.8557937629520893E-003
   6.8627661094069481E-003
   6.8642529658973217E-003
   6.8648965097963810E-003
   6.8674241192638874E-003
   6.8679698742926121E-003
   6.8700895644724369E-003
   6.8723540753126144E-003
   6.8724299781024456E-003
   6.8734595552086830E-003
   6.8750199861824512E-003
   6.8791196681559086E-003
   6.8861818872392178E-003
   6.8902471102774143E-003
   6.8911956623196602E-003
   6.8938350304961205E-003
   6.8959407508373260E-003
   6.8970206193625927E-003
   6.8979687057435513E-003
   6.8984078243374825E-003
   6.8990904837846756E-003
   6.8992809392511845E-003
   6.8994327448308468E-003
   6.8996823392808437E-003
   6.9002201780676842E-003
   6.9015966728329659E-003
   6.9022495299577713E-003
   6.9025927223265171E-003
   6.9035743363201618E-003
   6.9038388319313526E-003
   6.9067962467670441E-003
   6.9070830941200256E-003
   6.9102919660508633E-003
   6.9110859185457230E-003
   6.9113047793507576E-003
   6.9126226007938385E-003
   6.9156168028712273E-003
   6.9196727126836777E-003
   6.9223963655531406E-003
   6.9228084757924080E-003
   6.9234175607562065E-003
   6.9236680865287781E-003
   6.9258208386600018E-003
   6.9262343458831310E-003
   6.9277132861316204E-003
   6.9279512390494347E-003
   6.9324197247624397E-003
   6.9339014589786530E-003
   6.9378637708723545E-003
   6.9385562092065811E-003
   6.9399909116327763E-003
   6.9420007057487965E-003
   6.9420076906681061E-003
   6.9422516971826553E-003
   6.9426777772605419E-003
   6.9429934956133366E-003
   6.9433497264981270E-003
   6.9449311122298241E-003
   6.9474633783102036E-003
   6.9511076435446739E-003
   6.9555277004837990E-003
   6.9608353078365326E-003
   6.9631016813218594E-003
   6.9640041328966618E-003
   6.9659408181905746E-003
   6.9660604931414127E-003
   6.9667054340243340E-003
   6.9680083543062210E-003
   6.9685969501733780E-003
   6.9706323556602001E-003
   6.9713597185909748E-003
   6.9722929038107395E-003
   6.9735725410282612E-003
   6.9745844230055809E-003
   6.9784256629645824E-003
   6.9785048253834248E-003
   6.9788512773811817E-003
   6.9819353520870209E-003
   6.9840811192989349E-003
   6.9843716919422150E-003
   6.9884895347058773E-003
   6.9889971055090427E-003
   6.9909663870930672E-003
   6.9967354647815228E-003
   6.9967596791684628E-003
   6.9994213990867138E-003
   7.0048440247774124E-003
   7.0053259842097759E-003
   7.0092296227812767E-003
   7.0151616819202900E-003
   7.0162625052034855E-003
   7.0171551778912544E-003
   7.0197302848100662E-003
   7.0233368314802647E-003
   7.0237657055258751E-003
   7.0238886401057243E-003
   7.0240902714431286E-003
   7.0259156636893749E-003
   7.0270085707306862E-003
   7.0290034636855125E-003
   7.0298817008733749E-003
   7.0308754220604897E-003
   7.0308991707861423E-003
   7.0322654210031033E-003
   7.0392205379903316E-003
   7.0411344058811665E-003
   7.0449234917759895E-003
   7.0464522577822208E-003
   7.0465481840074062E-003
   7.0476280525326729E-003
   7.0490594953298569E-003
   7.0492709055542946E-003
   7.0533091202378273E-003
   7.0537813007831573E-003
   7.0622335188090801E-003
   7.0697292685508728E-003
   7.0737591013312340E-003
   7.0741404779255390E-003
   7.0744608528912067E-003
   7.0750745944678783E-003
   7.0751137100160122E-003
   7.0804809220135212E-003
   7.0824008435010910E-003
   7.0839119143784046E-003
   7.0847128517925739E-003
   7.0853778161108494E-003
   7.0870127528905869E-003
   7.0871538482606411E-003
   7.0905908942222595E-003
   7.0907725021243095E-003
   7.0926249027252197E-003
   7.0954775437712669E-003
   7.0971399545669556E-003
   7.0978701114654541E-003
   7.0987115614116192E-003
   7.0991329848766327E-003
   7.1011525578796864E-003
   7.1013588458299637E-003
   7.1069491095840931E-003
   7.1122734807431698E-003
   7.1122781373560429E-003
   7.1151000447571278E-003
   7.1182185783982277E-003
   7.1185235865414143E-003
   7.1216109208762646E-003
   7.1276705712080002E-003
   7.1350149810314178E-003
   7.1352138184010983E-003
   7.1375756524503231E-003
   7.1404464542865753E-003
   7.1409307420253754E-003
   7.1413819678127766E-003
   7.1427193470299244E-003
   7.1482295170426369E-003
   7.1532721631228924E-003
   7.1567101404070854E-003
   7.1608475409448147E-003
   7.1617700159549713E-003
   7.1620126254856586E-003
   7.1691595949232578E-003
   7.1704345755279064E-003
   7.1785352192819118E-003
   7.1822181344032288E-003
   7.1834344416856766E-003
   7.1853236295282841E-003
   7.1892319247126579E-003
   7.1893408894538879E-003
   7.1900198236107826E-003
   7.1931947022676468E-003
   7.1934992447495461E-003
   7.1974750608205795E-003
   7.1975789032876492E-003
   7.2000673972070217E-003
   7.2046760469675064E-003
   7.2099338285624981E-003
   7.2105480358004570E-003
   7.2111319750547409E-003
   7.2140512056648731E-003
   7.2240903973579407E-003
   7.2241052985191345E-003
   7.2245546616613865E-003
   7.2310534305870533E-003
   7.2330227121710777E-003
   7.2354385629296303E-003
   7.2366795502603054E-003
   7.2379028424620628E-003
   7.2403200902044773E-003
   7.2419908829033375E-003
   7.2431103326380253E-003
   7.2441492229700089E-003
   7.2446367703378201E-003
   7.2473217733204365E-003
   7.2504826821386814E-003
   7.2533427737653255E-003
   7.2539518587291241E-003
   7.2578140534460545E-003
   7.2583775036036968E-003
   7.2588655166327953E-003
   7.2613405063748360E-003
   7.2623183950781822E-003
   7.2639971040189266E-003
   7.2650350630283356E-003
   7.2696702554821968E-003
   7.2718597948551178E-003
   7.2723845951259136E-003
   7.2728521190583706E-003
   7.2729424573481083E-003
   7.2730574756860733E-003
   7.2745885699987411E-003
   7.2773029096424580E-003
   7.2837485931813717E-003
   7.2841811925172806E-003
   7.2848438285291195E-003
   7.2870198637247086E-003
   7.2876075282692909E-003
   7.2889281436800957E-003
   7.2905006818473339E-003
   7.2907460853457451E-003
   7.2933877818286419E-003
   7.2937593795359135E-003
   7.2948886081576347E-003
   7.2949971072375774E-003
   7.2961514815688133E-003
   7.2974241338670254E-003
   7.2990818880498409E-003
   7.3023056611418724E-003
   7.3053329251706600E-003
   7.3054651729762554E-003
   7.3068002238869667E-003
   7.3080928996205330E-003
   7.3084305040538311E-003
   7.3107588104903698E-003
   7.3126959614455700E-003
   7.3143313638865948E-003
   7.3144999332726002E-003
   7.3168342933058739E-003
   7.3180231265723705E-003
   7.3209581896662712E-003
   7.3248655535280704E-003
   7.3253763839602470E-003
   7.3303128592669964E-003
   7.3322812095284462E-003
   7.3341159150004387E-003
   7.3348931036889553E-003
   7.3406002484261990E-003
   7.3417476378381252E-003
   7.3431530036032200E-003
   7.3432195931673050E-003
   7.3439008556306362E-003
   7.3467809706926346E-003
   7.3470170609652996E-003
   7.3507633060216904E-003
   7.3527731001377106E-003
   7.3538073338568211E-003
   7.3544131591916084E-003
   7.3554059490561485E-003
   7.3566874489188194E-003
   7.3580821044743061E-003
   7.3614907450973988E-003
   7.3643061332404613E-003
   7.3678330518305302E-003
   7.3693362064659595E-003
   7.3709827847778797E-003
   7.3763532564043999E-003
   7.3770321905612946E-003
   7.3802853003144264E-003
   7.3804650455713272E-003
   7.3820776306092739E-003
   7.3821959085762501E-003
   7.3850033804774284E-003
   7.3918597772717476E-003
   7.3935170657932758E-003
   7.3962640017271042E-003
   7.3983022011816502E-003
   7.3985890485346317E-003
   7.4024591594934464E-003
   7.4042608030140400E-003
   7.4056638404726982E-003
   7.4122999794781208E-003
   7.4123544618487358E-003
   7.4153789319097996E-003
   7.4177640490233898E-003
   7.4187712743878365E-003
   7.4199726805090904E-003
   7.4199917726218700E-003
   7.4240788817405701E-003
   7.4292016215622425E-003
   7.4309287592768669E-003
   7.4328486807644367E-003
   7.4331485666334629E-003
   7.4334372766315937E-003
   7.4353138916194439E-003
   7.4354135431349277E-003
   7.4357404373586178E-003
   7.4372855015099049E-003
   7.4376552365720272E-003
   7.4417432770133018E-003
   7.4448576197028160E-003
   7.4475379660725594E-003
   7.4489428661763668E-003
   7.4503170326352119E-003
   7.4560488574206829E-003
   7.4561820365488529E-003
   7.4572511948645115E-003
   7.4643730185925961E-003
   7.4663525447249413E-003
   7.4671437032520771E-003
   7.4685560539364815E-003
   7.4689905159175396E-003
   7.4719218537211418E-003
   7.4732382781803608E-003
   7.4741640128195286E-003
   7.4744527228176594E-003
   7.4744950979948044E-003
   7.4776182882487774E-003
   7.4781617149710655E-003
   7.4819168075919151E-003
   7.4901748448610306E-003
   7.4931913986802101E-003
   7.4934614822268486E-003
   7.4955821037292480E-003
   7.4964915402233601E-003
   7.4979495257139206E-003
   7.5032236054539680E-003
   7.5034340843558311E-003
   7.5083058327436447E-003
   7.5090513564646244E-003
   7.5097335502505302E-003
   7.5130956247448921E-003
   7.5134043581783772E-003
   7.5166649185121059E-003
   7.5170136988162994E-003
   7.5185289606451988E-003
   7.5186099857091904E-003
   7.5189154595136642E-003
   7.5214183889329433E-003
   7.5219888240098953E-003
   7.5244898907840252E-003
   7.5246901251375675E-003
   7.5260470621287823E-003
   7.5292824767529964E-003
   7.5294952839612961E-003
   7.5297369621694088E-003
   7.5297653675079346E-003
   7.5305700302124023E-003
   7.5312294065952301E-003
   7.5340461917221546E-003
   7.5346417725086212E-003
   7.5359074398875237E-003
   7.5369845144450665E-003
   7.5377086177468300E-003
   7.5397454202175140E-003
   7.5410865247249603E-003
   7.5435237959027290E-003
   7.5441319495439529E-003
   7.5442637316882610E-003
   7.5455917976796627E-003
   7.5485184788703918E-003
   7.5515452772378922E-003
   7.5550535693764687E-003
   7.5558535754680634E-003
   7.5561669655144215E-003
   7.5691868551075459E-003
   7.5702471658587456E-003
   7.5725722126662731E-003
   7.5737973675131798E-003
   7.5738620944321156E-003
   7.5739882886409760E-003
   7.5811119750142097E-003
   7.5812824070453644E-003
   7.5836451724171638E-003
   7.5845038518309593E-003
   7.5851087458431721E-003
   7.5851543806493282E-003
   7.5898338109254837E-003
   7.5919805094599724E-003
   7.5944149866700172E-003
   7.5950822792947292E-003
   7.5994832441210747E-003
   7.6050362549722195E-003
   7.6071168296039104E-003
   7.6073966920375824E-003
   7.6110633090138435E-003
   7.6111527159810066E-003
   7.6112602837383747E-003
   7.6146177016198635E-003
   7.6172039844095707E-003
   7.6225269585847855E-003
   7.6234391890466213E-003
   7.6239216141402721E-003
   7.6253362931311131E-003
   7.6275924220681190E-003
   7.6367547735571861E-003
   7.6370509341359138E-003
   7.6375831849873066E-003
   7.6400204561650753E-003
   7.6413555070757866E-003
   7.6416200026869774E-003
   7.6443175785243511E-003
   7.6448158361017704E-003
   7.6462067663669586E-003
   7.6477709226310253E-003
   7.6487315818667412E-003
   7.6507227495312691E-003
   7.6512764208018780E-003
   7.6526035554707050E-003
   7.6532140374183655E-003
   7.6539167203009129E-003
   7.6567064970731735E-003
   7.6597137376666069E-003
   7.6630767434835434E-003
   7.6640234328806400E-003
   7.6641747727990150E-003
   7.6654125005006790E-003
   7.6674693264067173E-003
   7.6707755215466022E-003
   7.6712816953659058E-003
   7.6742712408304214E-003
   7.6751597225666046E-003
   7.6769902370870113E-003
   7.6816831715404987E-003
   7.6827849261462688E-003
   7.6835304498672485E-003
   7.6838601380586624E-003
   7.6852613128721714E-003
   7.6933857053518295E-003
   7.6940678991377354E-003
   7.6943095773458481E-003
   7.6950113289058208E-003
   7.6959142461419106E-003
   7.6966173946857452E-003
   7.6974048279225826E-003
   7.7025699429214001E-003
   7.7042905613780022E-003
   7.7065154910087585E-003
   7.7067688107490540E-003
   7.7071846462786198E-003
   7.7074915170669556E-003
   7.7081564813852310E-003
   7.7087217941880226E-003
   7.7128019183874130E-003
   7.7189467847347260E-003
   7.7221738174557686E-003
   7.7234301716089249E-003
   7.7256173826754093E-003
   7.7260583639144897E-003
   7.7288877218961716E-003
   7.7294884249567986E-003
   7.7313166111707687E-003
   7.7332528308033943E-003
   7.7334214001893997E-003
   7.7344761230051517E-003
   7.7353948727250099E-003
   7.7401935122907162E-003
   7.7428384684026241E-003
   7.7433502301573753E-003
   7.7469339594244957E-003
   7.7525149099528790E-003
   7.7526075765490532E-003
   7.7527859248220921E-003
   7.7587650157511234E-003
   7.7660940587520599E-003
   7.7670472674071789E-003
   7.7711143530905247E-003
   7.7714659273624420E-003
   7.7736154198646545E-003
   7.7922567725181580E-003
   7.7967778779566288E-003
   7.7987825497984886E-003
   7.8018796630203724E-003
   7.8037972562015057E-003
   7.8038838692009449E-003
   7.8039704822003841E-003
   7.8082862310111523E-003
   7.8091090545058250E-003
   7.8144096769392490E-003
   7.8152799978852272E-003
   7.8156194649636745E-003
   7.8176087699830532E-003
   7.8210574574768543E-003
   7.8248437494039536E-003
   7.8260595910251141E-003
   7.8294998966157436E-003
   7.8329285606741905E-003
   7.8343474306166172E-003
   7.8363223001360893E-003
   7.8373742289841175E-003
   7.8459330834448338E-003
   7.8489533625543118E-003
   7.8497128561139107E-003
   7.8508350998163223E-003
   7.8517766669392586E-003
   7.8519373200833797E-003
   7.8545412980020046E-003
   7.8579937107861042E-003
   7.8580039553344250E-003
   7.8580486588180065E-003
   7.8586949966847897E-003
   7.8601655550301075E-003
   7.8609739430248737E-003
   7.8630791977047920E-003
   7.8639187850058079E-003
   7.8692222014069557E-003
   7.8700156882405281E-003
   7.8704254701733589E-003
   7.8716911375522614E-003
   7.8718927688896656E-003
   7.8723500482738018E-003
   7.8737069852650166E-003
   7.8753242269158363E-003
   7.8759333118796349E-003
   7.8770625405013561E-003
   7.8794113360345364E-003
   7.8853573650121689E-003
   7.8866132535040379E-003
   7.8867529518902302E-003
   7.8871203586459160E-003
   7.8917616046965122E-003
   7.8923813998699188E-003
   7.8953052870929241E-003
   7.8956377692520618E-003
   7.8985486179590225E-003
   7.8994026407599449E-003
   7.9003656283020973E-003
   7.9011735506355762E-003
   7.9018310643732548E-003
   7.9037356190383434E-003
   7.9075451940298080E-003
   7.9104350879788399E-003
   7.9109030775725842E-003
   7.9118604771792889E-003
   7.9176910221576691E-003
   7.9187741503119469E-003
   7.9195490106940269E-003
   7.9275495372712612E-003
   7.9389750026166439E-003
   7.9406071454286575E-003
   7.9446411691606045E-003
   7.9446937888860703E-003
   7.9460712149739265E-003
   7.9465638846158981E-003
   7.9481611028313637E-003
   7.9505229368805885E-003
   7.9540060833096504E-003
   7.9554244875907898E-003
   7.9583581537008286E-003
   7.9636014997959137E-003
   7.9660573974251747E-003
   7.9692918807268143E-003
   7.9729720018804073E-003
   7.9820784740149975E-003
   7.9834465868771076E-003
   7.9868058674037457E-003
   7.9888897016644478E-003
   7.9922452569007874E-003
   7.9965940676629543E-003
   7.9970280639827251E-003
   8.0007668584585190E-003
   8.0045368522405624E-003
   8.0061317421495914E-003
   8.0125774256885052E-003
   8.0127939581871033E-003
   8.0129294656217098E-003
   8.0147772096097469E-003
   8.0210654996335506E-003
   8.0224247649312019E-003
   8.0227814614772797E-003
   8.0237849615514278E-003
   8.0265593715012074E-003
   8.0274394713342190E-003
   8.0290581099689007E-003
   8.0293025821447372E-003
   8.0296224914491177E-003
   8.0310753546655178E-003
   8.0326497554779053E-003
   8.0343838781118393E-003
   8.0351028591394424E-003
   8.0406335182487965E-003
   8.0441460013389587E-003
   8.0451639369130135E-003
   8.0458247102797031E-003
   8.0479052849113941E-003
   8.0541218630969524E-003
   8.0547318793833256E-003
   8.0624572001397610E-003
   8.0631324090063572E-003
   8.0631864257156849E-003
   8.0634271726012230E-003
   8.0783232115209103E-003
   8.0807427875697613E-003
   8.0843106843531132E-003
   8.0916183069348335E-003
   8.0917570739984512E-003
   8.0943568609654903E-003
   8.0952188000082970E-003
   8.0980970524251461E-003
   8.1005259416997433E-003
   8.1013157032430172E-003
   8.1018009223043919E-003
   8.1027974374592304E-003
   8.1028509885072708E-003
   8.1029017455875874E-003
   8.1105963326990604E-003
   8.1108147278428078E-003
   8.1113814376294613E-003
   8.1118508242070675E-003
   8.1121553666889668E-003
   8.1148198805749416E-003
   8.1188636831939220E-003
   8.1193153746426105E-003
   8.1214797683060169E-003
   8.1263002939522266E-003
   8.1271426752209663E-003
   8.1291794776916504E-003
   8.1306076608598232E-003
   8.1322500482201576E-003
   8.1380074843764305E-003
   8.1400349736213684E-003
   8.1402296200394630E-003
   8.1412768922746181E-003
   8.1437672488391399E-003
   8.1442361697554588E-003
   8.1455861218273640E-003
   8.1519708037376404E-003
   8.1531326286494732E-003
   8.1567545421421528E-003
   8.1579885445535183E-003
   8.1588258035480976E-003
   8.1588318571448326E-003
   8.1648156046867371E-003
   8.1688994541764259E-003
   8.1695946864783764E-003
   8.1706871278584003E-003
   8.1722266040742397E-003
   8.1766494549810886E-003
   8.1772594712674618E-003
   8.1795370206236839E-003
   8.1853503361344337E-003
   8.1874402239918709E-003
   8.1883529201149940E-003
   8.1907743588089943E-003
   8.1908889114856720E-003
   8.1915478222072124E-003
   8.1985825672745705E-003
   8.1994300708174706E-003
   8.2041374407708645E-003
   8.2075102254748344E-003
   8.2078250125050545E-003
   8.2146092317998409E-003
   8.2153985276818275E-003
   8.2171619869768620E-003
   8.2178520970046520E-003
   8.2185664214193821E-003
   8.2233943976461887E-003
   8.2248440012335777E-003
   8.2310494035482407E-003
   8.2317949272692204E-003
   8.2341427914798260E-003
   8.2357814535498619E-003
   8.2381954416632652E-003
   8.2391686737537384E-003
   8.2413079217076302E-003
   8.2424748688936234E-003
   8.2428809255361557E-003
   8.2430918700993061E-003
   8.2442713901400566E-003
   8.2442746497690678E-003
   8.2452958449721336E-003
   8.2455254159867764E-003
   8.2458276301622391E-003
   8.2504847086966038E-003
   8.2519943825900555E-003
   8.2520539872348309E-003
   8.2521187141537666E-003
   8.2545974291861057E-003
   8.2549490034580231E-003
   8.2570249214768410E-003
   8.2581699825823307E-003
   8.2593457773327827E-003
   8.2617225125432014E-003
   8.2623017951846123E-003
   8.2652685232460499E-003
   8.2658557221293449E-003
   8.2659986801445484E-003
   8.2691074348986149E-003
   8.2722459919750690E-003
   8.2735703326761723E-003
   8.2772281020879745E-003
   8.2772448658943176E-003
   8.2781044766306877E-003
   8.2784928381443024E-003
   8.2785193808376789E-003
   8.2785934209823608E-003
   8.2797920331358910E-003
   8.2798562943935394E-003
   8.2812076434493065E-003
   8.2812458276748657E-003
   8.2824653945863247E-003
   8.2869953475892544E-003
   8.2876528613269329E-003
   8.2877431996166706E-003
   8.2904309965670109E-003
   8.2934182137250900E-003
   8.2937693223357201E-003
   8.2942834123969078E-003
   8.2998322322964668E-003
   8.2999765872955322E-003
   8.3004231564700603E-003
   8.3018857985734940E-003
   8.3021526224911213E-003
   8.3027123473584652E-003
   8.3043854683637619E-003
   8.3065698854625225E-003
   8.3086737431585789E-003
   8.3111063577234745E-003
   8.3116851747035980E-003
   8.3119566552340984E-003
   8.3130053244531155E-003
   8.3133182488381863E-003
   8.3143357187509537E-003
   8.3176316693425179E-003
   8.3180363290011883E-003
   8.3188796415925026E-003
   8.3193997852504253E-003
   8.3202943205833435E-003
   8.3203860558569431E-003
   8.3220391534268856E-003
   8.3230063319206238E-003
   8.3230063319206238E-003
   8.3250217139720917E-003
   8.3268117159605026E-003
   8.3278883248567581E-003
   8.3343801088631153E-003
   8.3375764079391956E-003
   8.3378590643405914E-003
   8.3392332307994366E-003
   8.3404546603560448E-003
   8.3404812030494213E-003
   8.3410991355776787E-003
   8.3412802778184414E-003
   8.3421324379742146E-003
   8.3437450230121613E-003
   8.3450991660356522E-003
   8.3460221067070961E-003
   8.3477529697120190E-003
   8.3500929176807404E-003
   8.3504873327910900E-003
   8.3510563708841801E-003
   8.3526121452450752E-003
   8.3541506901383400E-003
   8.3542861975729465E-003
   8.3575597964227200E-003
   8.3591849543154240E-003
   8.3614392206072807E-003
   8.3618690259754658E-003
   8.3632855676114559E-003
   8.3634182810783386E-003
   8.3639579825103283E-003
   8.3674285560846329E-003
   8.3740721456706524E-003
   8.3744544535875320E-003
   8.3749988116323948E-003
   8.3752400241792202E-003
   8.3759417757391930E-003
   8.3781960420310497E-003
   8.3786952309310436E-003
   8.3804056048393250E-003
   8.3807329647243023E-003
   8.3819101564586163E-003
   8.3824521861970425E-003
   8.3829471841454506E-003
   8.3897518925368786E-003
   8.3912089467048645E-003
   8.3921249024569988E-003
   8.3929020911455154E-003
   8.3961728960275650E-003
   8.4002143703401089E-003
   8.4014702588319778E-003
   8.4019978530704975E-003
   8.4021287038922310E-003
   8.4045892581343651E-003
   8.4054996259510517E-003
   8.4071303717792034E-003
   8.4071345627307892E-003
   8.4099327214062214E-003
   8.4133837372064590E-003
   8.4164184518158436E-003
   8.4207546897232533E-003
   8.4215607494115829E-003
   8.4224101155996323E-003
   8.4284129552543163E-003
   8.4297205321490765E-003
   8.4308371879160404E-003
   8.4343980997800827E-003
   8.4350984543561935E-003
   8.4354281425476074E-003
   8.4374737925827503E-003
   8.4375566802918911E-003
   8.4489984437823296E-003
   8.4499139338731766E-003
   8.4514869377017021E-003
   8.4542254917323589E-003
   8.4550562314689159E-003
   8.4559866227209568E-003
   8.4576625376939774E-003
   8.4613449871540070E-003
   8.4685380570590496E-003
   8.4719969891011715E-003
   8.4725003689527512E-003
   8.4739010781049728E-003
   8.4766433574259281E-003
   8.4769721142947674E-003
   8.4776878356933594E-003
   8.4855440072715282E-003
   8.4858485497534275E-003
   8.4882020018994808E-003
   8.4914956241846085E-003
   8.4916157647967339E-003
   8.4921093657612801E-003
   8.4942504763603210E-003
   8.4974351339042187E-003
   8.5000768303871155E-003
   8.5011739283800125E-003
   8.5040242411196232E-003
   8.5052959620952606E-003
   8.5152043029665947E-003
   8.5185538046061993E-003
   8.5206674411892891E-003
   8.5222949273884296E-003
   8.5262046195566654E-003
   8.5274013690650463E-003
   8.5342777892947197E-003
   8.5383499972522259E-003
   8.5438764654099941E-003
   8.5456441156566143E-003
   8.5463710129261017E-003
   8.5539850406348705E-003
   8.5546202026307583E-003
   8.5561010055243969E-003
   8.5602481849491596E-003
   8.5609974339604378E-003
   8.5629532113671303E-003
   8.5656763985753059E-003
   8.5669136606156826E-003
   8.5670822300016880E-003
   8.5711316205561161E-003
   8.5750012658536434E-003
   8.5758934728801250E-003
   8.5759954527020454E-003
   8.5781202651560307E-003
   8.5782678797841072E-003
   8.5803959518671036E-003
   8.5833794437348843E-003
   8.5852760821580887E-003
   8.5926549509167671E-003
   8.5928174667060375E-003
   8.5955071263015270E-003
   8.5971439257264137E-003
   8.6007779464125633E-003
   8.6013069376349449E-003
   8.6015253327786922E-003
   8.6029954254627228E-003
   8.6069321259856224E-003
   8.6093130521476269E-003
   8.6128069087862968E-003
   8.6157056502997875E-003
   8.6163645610213280E-003
   8.6174770258367062E-003
   8.6236773058772087E-003
   8.6239175871014595E-003
   8.6244880221784115E-003
   8.6284368298947811E-003
   8.6296717636287212E-003
   8.6303800344467163E-003
   8.6307167075574398E-003
   8.6311479099094868E-003
   8.6332634091377258E-003
   8.6382487788796425E-003
   8.6397170089185238E-003
   8.6428872309625149E-003
   8.6449137888848782E-003
   8.6487308144569397E-003
   8.6490646935999393E-003
   8.6507122032344341E-003
   8.6556142196059227E-003
   8.6564198136329651E-003
   8.6588570848107338E-003
   8.6595858447253704E-003
   8.6605940014123917E-003
   8.6657637730240822E-003
   8.6670811288058758E-003
   8.6693763732910156E-003
   8.6698285304009914E-003
   8.6755752563476562E-003
   8.6796237155795097E-003
   8.6809461936354637E-003
   8.6835389956831932E-003
   8.6867390200495720E-003
   8.6933081038296223E-003
   8.6945272050797939E-003
   8.6952336132526398E-003
   8.7015996687114239E-003
   8.7059359066188335E-003
   8.7062013335525990E-003
   8.7080872617661953E-003
   8.7085547856986523E-003
   8.7087606079876423E-003
   8.7098646908998489E-003
   8.7116882205009460E-003
   8.7128658778965473E-003
   8.7140179239213467E-003
   8.7151452898979187E-003
   8.7189339101314545E-003
   8.7226950563490391E-003
   8.7242177687585354E-003
   8.7243486195802689E-003
   8.7244571186602116E-003
   8.7303686887025833E-003
   8.7360288016498089E-003
   8.7375026196241379E-003
   8.7391505949199200E-003
   8.7429084815084934E-003
   8.7471278384327888E-003
   8.7474011816084385E-003
   8.7477168999612331E-003
   8.7532624602317810E-003
   8.7569081224501133E-003
   8.7594739161431789E-003
   8.7619349360466003E-003
   8.7627363391220570E-003
   8.7639163248240948E-003
   8.7642674334347248E-003
   8.7661272846162319E-003
   8.7685505859553814E-003
   8.7694404646754265E-003
   8.7704090401530266E-003
   8.7722423486411572E-003
   8.7784174829721451E-003
   8.7789557874202728E-003
   8.7845050729811192E-003
   8.7929381988942623E-003
   8.7963747791945934E-003
   8.7982346303761005E-003
   8.8033704087138176E-003
   8.8051226921379566E-003
   8.8129858486354351E-003
   8.8131073862314224E-003
   8.8136177510023117E-003
   8.8144866749644279E-003
   8.8167781941592693E-003
   8.8168927468359470E-003
   8.8220061734318733E-003
   8.8234716095030308E-003
   8.8268304243683815E-003
   8.8284043595194817E-003
   8.8310986757278442E-003
   8.8343326933681965E-003
   8.8348435238003731E-003
   8.8370456360280514E-003
   8.8370963931083679E-003
   8.8379359804093838E-003
   8.8389739394187927E-003
   8.8425897993147373E-003
   8.8444873690605164E-003
   8.8481106795370579E-003
   8.8483048602938652E-003
   8.8500999845564365E-003
   8.8512036018073559E-003
   8.8530569337308407E-003
   8.8532664813101292E-003
   8.8575803674757481E-003
   8.8583691976964474E-003
   8.8585158810019493E-003
   8.8589228689670563E-003
   8.8645885698497295E-003
   8.8679767213761806E-003
   8.8683515787124634E-003
   8.8699683547019958E-003
   8.8704875670373440E-003
   8.8709779083728790E-003
   8.8723059743642807E-003
   8.8725048117339611E-003
   8.8743278756737709E-003
   8.8748428970575333E-003
   8.8751064613461494E-003
   8.8777579367160797E-003
   8.8781006634235382E-003
   8.8782003149390221E-003
   8.8824480772018433E-003
   8.8838045485317707E-003
   8.8859493844211102E-003
   8.8869864121079445E-003
   8.8890600018203259E-003
   8.8902711868286133E-003
   8.8966647163033485E-003
   8.8995755650103092E-003
   8.9031262323260307E-003
   8.9042121544480324E-003
   8.9055658318102360E-003
   8.9075434952974319E-003
   8.9085651561617851E-003
   8.9110410772264004E-003
   8.9171808212995529E-003
   8.9183649979531765E-003
   8.9197009801864624E-003
   8.9199766516685486E-003
   8.9228567667305470E-003
   8.9229950681328773E-003
   8.9233280159533024E-003
   8.9240781962871552E-003
   8.9263622649013996E-003
   8.9267236180603504E-003
   8.9279892854392529E-003
   8.9280502870678902E-003
   8.9307427406311035E-003
   8.9335045777261257E-003
   8.9362263679504395E-003
   8.9368391782045364E-003
   8.9381732977926731E-003
   8.9382915757596493E-003
   8.9444080367684364E-003
   8.9461645111441612E-003
   8.9465752243995667E-003
   8.9488108642399311E-003
   8.9488336816430092E-003
   8.9498646557331085E-003
   8.9510767720639706E-003
   8.9524467475712299E-003
   8.9533580467104912E-003
   8.9552942663431168E-003
   8.9574092999100685E-003
   8.9576146565377712E-003
   8.9578153565526009E-003
   8.9585343375802040E-003
   8.9591764844954014E-003
   8.9592416770756245E-003
   8.9665520936250687E-003
   8.9683006517589092E-003
   8.9684720151126385E-003
   8.9726303704082966E-003
   8.9760078117251396E-003
   8.9778709225356579E-003
   8.9783142320811749E-003
   8.9783989824354649E-003
   8.9785801246762276E-003
   8.9794914238154888E-003
   8.9815342798829079E-003
   8.9903417974710464E-003
   8.9908209629356861E-003
   8.9943595230579376E-003
   8.9948629029095173E-003
   8.9949974790215492E-003
   8.9960345067083836E-003
   8.9986352249979973E-003
   8.9987735264003277E-003
   9.0001532807946205E-003
   9.0011334978044033E-003
   9.0015125460922718E-003
   9.0021374635398388E-003
   9.0076262131333351E-003
   9.0088602155447006E-003
   9.0109761804342270E-003
   9.0113393962383270E-003
   9.0151848271489143E-003
   9.0167741291224957E-003
   9.0190409682691097E-003
   9.0237036347389221E-003
   9.0257618576288223E-003
   9.0285148471593857E-003
   9.0288328938186169E-003
   9.0325493365526199E-003
   9.0336725115776062E-003
   9.0342182666063309E-003
   9.0408674441277981E-003
   9.0439878404140472E-003
   9.0448078699409962E-003
   9.0467836707830429E-003
   9.0486109256744385E-003
   9.0487957932054996E-003
   9.0490481816232204E-003
   9.0504586696624756E-003
   9.0555530041456223E-003
   9.0607930906116962E-003
   9.0617220848798752E-003
   9.0653789229691029E-003
   9.0654972009360790E-003
   9.0697454288601875E-003
   9.0718101710081100E-003
   9.0730143710970879E-003
   9.0774307027459145E-003
   9.0828724205493927E-003
   9.0854601003229618E-003
   9.0864151716232300E-003
   9.0889134444296360E-003
   9.0891877189278603E-003
   9.0901553630828857E-003
   9.0911877341568470E-003
   9.0922568924725056E-003
   9.0937535278499126E-003
   9.0944771654903889E-003
   9.0945973061025143E-003
   9.1034071519970894E-003
   9.1035715304315090E-003
   9.1038057580590248E-003
   9.1038243845105171E-003
   9.1043184511363506E-003
   9.1053927317261696E-003
   9.1056586243212223E-003
   9.1062788851559162E-003
   9.1064455918967724E-003
   9.1080437414348125E-003
   9.1093601658940315E-003
   9.1150905936956406E-003
   9.1163902543485165E-003
   9.1238101013004780E-003
   9.1238999739289284E-003
   9.1280573979020119E-003
   9.1304983943700790E-003
   9.1305528767406940E-003
   9.1307698749005795E-003
   9.1324360109865665E-003
   9.1356378979980946E-003
   9.1376714408397675E-003
   9.1403606347739697E-003
   9.1413352638483047E-003
   9.1419271193444729E-003
   9.1446884907782078E-003
   9.1458326205611229E-003
   9.1470060870051384E-003
   9.1471429914236069E-003
   9.1481432318687439E-003
   9.1507192701101303E-003
   9.1508058831095695E-003
   9.1529255732893944E-003
   9.1538829728960991E-003
   9.1566466726362705E-003
   9.1568408533930779E-003
   9.1591468080878258E-003
   9.1597163118422031E-003
   9.1604650951921940E-003
   9.1624255292117596E-003
   9.1678532771766186E-003
   9.1726453974843025E-003
   9.1729802079498768E-003
   9.1769751161336899E-003
   9.1788354329764843E-003
   9.1807618737220764E-003
   9.1843791306018829E-003
   9.1845476999878883E-003
   9.1898241080343723E-003
   9.1914772056043148E-003
   9.1937878169119358E-003
   9.1939782723784447E-003
   9.1958348639309406E-003
   9.1989533975720406E-003
   9.2001724988222122E-003
   9.2005101032555103E-003
   9.2007108032703400E-003
   9.2050959356129169E-003
   9.2052547261118889E-003
   9.2055904679000378E-003
   9.2063955962657928E-003
   9.2185651883482933E-003
   9.2203989624977112E-003
   9.2306025326251984E-003
   9.2307566665112972E-003
   9.2331734485924244E-003
   9.2337750829756260E-003
   9.2367324978113174E-003
   9.2384503223001957E-003
   9.2385937459766865E-003
   9.2392144724726677E-003
   9.2419502325356007E-003
   9.2421588487923145E-003
   9.2441882006824017E-003
   9.2466427013278008E-003
   9.2468196526169777E-003
   9.2517044395208359E-003
   9.2550972476601601E-003
   9.2580150812864304E-003
   9.2589482665061951E-003
   9.2590665444731712E-003
   9.2603582888841629E-003
   9.2611592262983322E-003
   9.2635625042021275E-003
   9.2637739144265652E-003
   9.2662689276039600E-003
   9.2667951248586178E-003
   9.2677879147231579E-003
   9.2725143767893314E-003
   9.2738159000873566E-003
   9.2741581611335278E-003
   9.2761507257819176E-003
   9.2768701724708080E-003
   9.2797372490167618E-003
   9.2830476351082325E-003
   9.2858928255736828E-003
   9.2879817821085453E-003
   9.2894691042602062E-003
   9.2900102026760578E-003
   9.2918663285672665E-003
   9.2972097918391228E-003
   9.2976773157715797E-003
   9.2977029271423817E-003
   9.3004764057695866E-003
   9.3019092455506325E-003
   9.3025034293532372E-003
   9.3033970333635807E-003
   9.3034217134118080E-003
   9.3079535290598869E-003
   9.3117943033576012E-003
   9.3123526312410831E-003
   9.3140401877462864E-003
   9.3219610862433910E-003
   9.3223117291927338E-003
   9.3230176717042923E-003
   9.3243229202926159E-003
   9.3253543600440025E-003
   9.3256807886064053E-003
   9.3271904624998569E-003
   9.3326852656900883E-003
   9.3331169337034225E-003
   9.3347080983221531E-003
   9.3356533907353878E-003
   9.3375365249812603E-003
   9.3383188359439373E-003
   9.3402517959475517E-003
   9.3463268131017685E-003
   9.3489936552941799E-003
   9.3498211354017258E-003
   9.3542197719216347E-003
   9.3571394681930542E-003
   9.3573913909494877E-003
   9.3601155094802380E-003
   9.3611157499253750E-003
   9.3646394088864326E-003
   9.3660987913608551E-003
   9.3662203289568424E-003
   9.3667958863079548E-003
   9.3675232492387295E-003
   9.3707609921693802E-003
   9.3753011897206306E-003
   9.3771568499505520E-003
   9.3780844472348690E-003
   9.3835918232798576E-003
   9.3882982619106770E-003
   9.3884682282805443E-003
   9.3904174864292145E-003
   9.3907364644110203E-003
   9.3910791911184788E-003
   9.3912910670042038E-003
   9.3928733840584755E-003
   9.3939574435353279E-003
   9.3974317423999310E-003
   9.3985283747315407E-003
   9.3999346718192101E-003
   9.4066513702273369E-003
   9.4086369499564171E-003
   9.4121140427887440E-003
   9.4126178883016109E-003
   9.4145988114178181E-003
   9.4146677292883396E-003
   9.4153410755097866E-003
   9.4161815941333771E-003
   9.4166132621467113E-003
   9.4168004579842091E-003
   9.4196782447397709E-003
   9.4208125956356525E-003
   9.4216638244688511E-003
   9.4227846711874008E-003
   9.4232228584587574E-003
   9.4240428879857063E-003
   9.4250841066241264E-003
   9.4306413084268570E-003
   9.4326916150748730E-003
   9.4352657906711102E-003
   9.4373072497546673E-003
   9.4393058679997921E-003
   9.4440397806465626E-003
   9.4440965913236141E-003
   9.4511481001973152E-003
   9.4516850076615810E-003
   9.4530573114752769E-003
   9.4576152041554451E-003
   9.4586000777781010E-003
   9.4617996364831924E-003
   9.4619449228048325E-003
   9.4634704291820526E-003
   9.4653898850083351E-003
   9.4703231006860733E-003
   9.4717298634350300E-003
   9.4734160229563713E-003
   9.4763077795505524E-003
   9.4770346768200397E-003
   9.4812172465026379E-003
   9.4824377447366714E-003
   9.4864945858716965E-003
   9.4881528057157993E-003
   9.4917351379990578E-003
   9.4922566786408424E-003
   9.4927800819277763E-003
   9.4938408583402634E-003
   9.5028290525078773E-003
   9.5069375820457935E-003
   9.5089385285973549E-003
   9.5096621662378311E-003
   9.5110777765512466E-003
   9.5115508884191513E-003
   9.5193344168365002E-003
   9.5204804092645645E-003
   9.5259491354227066E-003
   9.5279370434582233E-003
   9.5287985168397427E-003
   9.5312665216624737E-003
   9.5355552621185780E-003
   9.5377694815397263E-003
   9.5383799634873867E-003
   9.5388502813875675E-003
   9.5394439995288849E-003
   9.5398086123168468E-003
   9.5408908091485500E-003
   9.5431106165051460E-003
   9.5441532321274281E-003
   9.5444312319159508E-003
   9.5450319349765778E-003
   9.5488270744681358E-003
   9.5516648143529892E-003
   9.5546902157366276E-003
   9.5562892965972424E-003
   9.5645994879305363E-003
   9.5649170689284801E-003
   9.5672733150422573E-003
   9.5673897303640842E-003
   9.5683052204549313E-003
   9.5693897455930710E-003
   9.5695615746080875E-003
   9.5707280561327934E-003
   9.5709511078894138E-003
   9.5722875557839870E-003
   9.5726503059267998E-003
   9.5745171420276165E-003
   9.5800627022981644E-003
   9.5822550356388092E-003
   9.5861847512423992E-003
   9.5904516056180000E-003
   9.5916837453842163E-003
   9.5923412591218948E-003
   9.5947212539613247E-003
   9.5957424491643906E-003
   9.5961503684520721E-003
   9.5969205722212791E-003
   9.5976986922323704E-003
   9.6018300391733646E-003
   9.6041439101099968E-003
   9.6051609143614769E-003
   9.6065141260623932E-003
   9.6073872409760952E-003
   9.6087967976927757E-003
   9.6090189181268215E-003
   9.6100098453462124E-003
   9.6102631650865078E-003
   9.6105337142944336E-003
   9.6118724904954433E-003
   9.6169486641883850E-003
   9.6171787008643150E-003
   9.6209626644849777E-003
   9.6220094710588455E-003
   9.6227126196026802E-003
   9.6254199743270874E-003
   9.6265915781259537E-003
   9.6266930922865868E-003
   9.6279294230043888E-003
   9.6294968388974667E-003
   9.6300165168941021E-003
   9.6301645971834660E-003
   9.6358763985335827E-003
   9.6361422911286354E-003
   9.6365511417388916E-003
   9.6388207748532295E-003
   9.6402578055858612E-003
   9.6440073102712631E-003
   9.6448836848139763E-003
   9.6451942808926105E-003
   9.6458890475332737E-003
   9.6462788060307503E-003
   9.6472222357988358E-003
   9.6472795121371746E-003
   9.6513857133686543E-003
   9.6575766801834106E-003
   9.6579473465681076E-003
   9.6612842753529549E-003
   9.6628614701330662E-003
   9.6629182808101177E-003
   9.6631539054214954E-003
   9.6654486842453480E-003
   9.6654761582612991E-003
   9.6668624319136143E-003
   9.6671972423791885E-003
   9.6677131950855255E-003
   9.6685187891125679E-003
   9.6689118072390556E-003
   9.6716908738017082E-003
   9.6761542372405529E-003
   9.6763451583683491E-003
   9.6767921932041645E-003
   9.6769514493644238E-003
   9.6801137551665306E-003
   9.6803926862776279E-003
   9.6809398382902145E-003
   9.6827456727623940E-003
   9.6859298646450043E-003
   9.6892341971397400E-003
   9.6892770379781723E-003
   9.6938768401741982E-003
   9.6955825574696064E-003
   9.6974088810384274E-003
   9.6994359046220779E-003
   9.7007257863879204E-003
   9.7059239633381367E-003
   9.7064650617539883E-003
   9.7077847458422184E-003
   9.7081018611788750E-003
   9.7091807983815670E-003
   9.7097656689584255E-003
   9.7150444053113461E-003
   9.7152246162295341E-003
   9.7161908634006977E-003
   9.7166732884943485E-003
   9.7193880937993526E-003
   9.7203725017607212E-003
   9.7220651805400848E-003
   9.7233941778540611E-003
   9.7261797636747360E-003
   9.7272144630551338E-003
   9.7293178550899029E-003
   9.7314394079148769E-003
   9.7324782982468605E-003
   9.7369784489274025E-003
   9.7388597205281258E-003
   9.7390492446720600E-003
   9.7394725307822227E-003
   9.7473077476024628E-003
   9.7494279034435749E-003
   9.7507163882255554E-003
   9.7566521726548672E-003
   9.7599998116493225E-003
   9.7606703639030457E-003
   9.7609576769173145E-003
   9.7611173987388611E-003
   9.7661619074642658E-003
   9.7688902169466019E-003
   9.7702359780669212E-003
   9.7734564915299416E-003
   9.7735598683357239E-003
   9.7752786241471767E-003
   9.7774779424071312E-003
   9.7793107852339745E-003
   9.7825205884873867E-003
   9.7843203693628311E-003
   9.7890738397836685E-003
   9.7893201746046543E-003
   9.7916433587670326E-003
   9.7947097383439541E-003
   9.7978133708238602E-003
   9.8005179315805435E-003
   9.8071140237152576E-003
   9.8096868023276329E-003
   9.8111592233181000E-003
   9.8113073036074638E-003
   9.8128663375973701E-003
   9.8129389807581902E-003
   9.8163699731230736E-003
   9.8167136311531067E-003
   9.8239998333156109E-003
   9.8248007707297802E-003
   9.8271965980529785E-003
   9.8277782090008259E-003
   9.8296306096017361E-003
   9.8318718373775482E-003
   9.8325372673571110E-003
   9.8332264460623264E-003
   9.8347486928105354E-003
   9.8386774770915508E-003
   9.8405689932405949E-003
   9.8422621376812458E-003
   9.8422924056649208E-003
   9.8430118523538113E-003
   9.8433182574808598E-003
   9.8442533053457737E-003
   9.8480591550469398E-003
   9.8482421599328518E-003
   9.8514324054121971E-003
   9.8581239581108093E-003
   9.8625766113400459E-003
   9.8645021207630634E-003
   9.8709245212376118E-003
   9.8721883259713650E-003
   9.8754442296922207E-003
   9.8801571875810623E-003
   9.8823029547929764E-003
   9.8890997469425201E-003
   9.8901186138391495E-003
   9.8953116685152054E-003
   9.8980539478361607E-003
   9.9012567661702633E-003
   9.9041848443448544E-003
   9.9089015275239944E-003
   9.9128107540309429E-003
   9.9150841124355793E-003
   9.9168787710368633E-003
   9.9168885499238968E-003
   9.9169565364718437E-003
   9.9177169613540173E-003
   9.9185532890260220E-003
   9.9196615628898144E-003
   9.9204578436911106E-003
   9.9268374033272266E-003
   9.9279675632715225E-003
   9.9282176233828068E-003
   9.9309212528169155E-003
   9.9326763302087784E-003
   9.9339499138295650E-003
   9.9359336309134960E-003
   9.9382349289953709E-003
   9.9385073408484459E-003
   9.9421138875186443E-003
   9.9426503293216228E-003
   9.9436729215085506E-003
   9.9470573477447033E-003
   9.9471630528569221E-003
   9.9478489719331264E-003
   9.9503668025135994E-003
   9.9518573842942715E-003
   9.9531481973826885E-003
   9.9533349275588989E-003
   9.9535379558801651E-003
   9.9542606621980667E-003
   9.9568678997457027E-003
   9.9571705795824528E-003
   9.9600953981280327E-003
   9.9621317349374294E-003
   9.9629573523998260E-003
   9.9654984660446644E-003
   9.9665643647313118E-003
   9.9717248231172562E-003
   9.9719162099063396E-003
   9.9734794348478317E-003
   9.9750310182571411E-003
   9.9794710986316204E-003
   9.9802385084331036E-003
   9.9805234931409359E-003
   9.9805719219148159E-003
   9.9814371205866337E-003
   9.9828867241740227E-003
   9.9843200296163559E-003
   9.9848038516938686E-003
   9.9850944243371487E-003
   9.9858278408646584E-003
   9.9872318096458912E-003
   9.9888062104582787E-003
   9.9898073822259903E-003
   9.9902371875941753E-003
   9.9907126277685165E-003
   9.9916420876979828E-003
   9.9942837841808796E-003
   9.9979108199477196E-003
   9.9986395798623562E-003
   1.0002008639276028E-002
   1.0003917384892702E-002
   1.0005380958318710E-002
   1.0007504839450121E-002
   1.0007848031818867E-002
   1.0009229648858309E-002
   1.0009614285081625E-002
   1.0012188926339149E-002
   1.0013430844992399E-002
   1.0025946423411369E-002
   1.0026079136878252E-002
   1.0027661919593811E-002
   1.0028020013123751E-002
   1.0029907803982496E-002
   1.0030287317931652E-002
   1.0032277088612318E-002
   1.0033683385699987E-002
   1.0034020058810711E-002
   1.0038009844720364E-002
   1.0039012879133224E-002
   1.0039088316261768E-002
   1.0041889268904924E-002
   1.0043501388281584E-002
   1.0043573100119829E-002
   1.0045066475868225E-002
   1.0050626471638680E-002
   1.0051271412521601E-002
   1.0051808319985867E-002
   1.0052380617707968E-002
   1.0057696606963873E-002
   1.0064416565001011E-002
   1.0065241251140833E-002
   1.0066285263746977E-002
   1.0069075506180525E-002
   1.0071853641420603E-002
   1.0072771925479174E-002
   1.0073087643831968E-002
   1.0075558908283710E-002
   1.0078515857458115E-002
   1.0080647654831409E-002
   1.0083898901939392E-002
   1.0084580164402723E-002
   1.0084779467433691E-002
   1.0087605100125074E-002
   1.0089043993502855E-002
   1.0090735740959644E-002
   1.0091819800436497E-002
   1.0092963464558125E-002
   1.0094099678099155E-002
   1.0097153950482607E-002
   1.0102367959916592E-002
   1.0108002927154303E-002
   1.0108075104653835E-002
   1.0110596194863319E-002
   1.0113602038472891E-002
   1.0122131090611219E-002
   1.0122206062078476E-002
   1.0122699197381735E-002
   1.0123490821570158E-002
   1.0123507119715214E-002
   1.0123564396053553E-002
   1.0128954891115427E-002
   1.0139444377273321E-002
   1.0139464400708675E-002
   1.0140915866941214E-002
   1.0142603889107704E-002
   1.0142930317670107E-002
   1.0142996907234192E-002
   1.0150257498025894E-002
   1.0150718968361616E-002
   1.0152106638997793E-002
   1.0152116883546114E-002
   1.0153770912438631E-002
   1.0154887568205595E-002
   1.0157268028706312E-002
   1.0157963726669550E-002
   1.0158971883356571E-002
   1.0160190053284168E-002
   1.0162536520510912E-002
   1.0162867140024900E-002
   1.0163591708987951E-002
   1.0164198465645313E-002
   1.0164458770304918E-002
   1.0164687409996986E-002
   1.0166919790208340E-002
   1.0167497675865889E-002
   1.0169427841901779E-002
   1.0170209221541882E-002
   1.0171155445277691E-002
   1.0171195026487112E-002
   1.0171260219067335E-002
   1.0173268150538206E-002
   1.0173494927585125E-002
   1.0174065362662077E-002
   1.0175293777137995E-002
   1.0178948286920786E-002
   1.0180030483752489E-002
   1.0180231649428606E-002
   1.0182804893702269E-002
   1.0184353683143854E-002
   1.0187516454607248E-002
   1.0187729727476835E-002
   1.0188281070441008E-002
   1.0189731139689684E-002
   1.0192817542701960E-002
   1.0193125344812870E-002
   1.0196582414209843E-002
   1.0199427139014006E-002
   1.0205435100942850E-002
   1.0208163876086473E-002
   1.0211477056145668E-002
   1.0212157387286425E-002
   1.0218522511422634E-002
   1.0218559298664331E-002
   1.0220537427812815E-002
   1.0222767479717731E-002
   1.0224150493741035E-002
   1.0224503930658102E-002
   1.0224948637187481E-002
   1.0225948877632618E-002
   1.0225950740277767E-002
   1.0226596146821976E-002
   1.0228260420262814E-002
   1.0228508617728949E-002
   1.0228612925857306E-002
   1.0228711646050215E-002
   1.0229332838207483E-002
   1.0229357052594423E-002
   1.0233006905764341E-002
   1.0236123576760292E-002
   1.0237595066428185E-002
   1.0240921285003424E-002
   1.0241694748401642E-002
   1.0242926888167858E-002
   1.0243278928101063E-002
   1.0244308505207300E-002
   1.0248132515698671E-002
   1.0249084793031216E-002
   1.0252082720398903E-002
   1.0257219430059195E-002
   1.0259915608912706E-002
   1.0264271870255470E-002
   1.0268833022564650E-002
   1.0269868653267622E-002
   1.0270903818309307E-002
   1.0271642357110977E-002
   1.0272221174091101E-002
   1.0275572538375854E-002
   1.0281081777065992E-002
   1.0288677178323269E-002
   1.0288769379258156E-002
   1.0290962643921375E-002
   1.0293442755937576E-002
   1.0301877744495869E-002
   1.0309969540685415E-002
   1.0311024263501167E-002
   1.0316382162272930E-002
   1.0321744717657566E-002
   1.0323156137019396E-002
   1.0323165450245142E-002
   1.0324099566787481E-002
   1.0324350558221340E-002
   1.0324543341994286E-002
   1.0328036732971668E-002
   1.0331464931368828E-002
   1.0332034435123205E-002
   1.0333548765629530E-002
   1.0334425605833530E-002
   1.0335108730942011E-002
   1.0336698032915592E-002
   1.0337325278669596E-002
   1.0337773710489273E-002
   1.0340345557779074E-002
   1.0345064103603363E-002
   1.0347611270844936E-002
   1.0347831528633833E-002
   1.0348056908696890E-002
   1.0349611751735210E-002
   1.0349626652896404E-002
   1.0352917481213808E-002
   1.0361293796449900E-002
   1.0364444926381111E-002
   1.0366429574787617E-002
   1.0366895701736212E-002
   1.0373780969530344E-002
   1.0376212187111378E-002
   1.0377118363976479E-002
   1.0381912346929312E-002
   1.0384134948253632E-002
   1.0385608300566673E-002
   1.0388169437646866E-002
   1.0393538977950811E-002
   1.0394447483122349E-002
   1.0395862162113190E-002
   1.0396010708063841E-002
   1.0398152749985456E-002
   1.0398752987384796E-002
   1.0400486178696156E-002
   1.0401200503110886E-002
   1.0403557680547237E-002
   1.0403786785900593E-002
   1.0405007749795914E-002
   1.0406918823719025E-002
   1.0412091389298439E-002
   1.0414625052362680E-002
   1.0416733101010323E-002
   1.0417866054922342E-002
   1.0420024860650301E-002
   1.0426274966448545E-002
   1.0432190261781216E-002
   1.0432522278279066E-002
   1.0433800518512726E-002
   1.0434276424348354E-002
   1.0434699244797230E-002
   1.0438204742968082E-002
   1.0445759166032076E-002
   1.0447550565004349E-002
   1.0449318215250969E-002
   1.0450341273099184E-002
   1.0450485628098249E-002
   1.0455492883920670E-002
   1.0457188822329044E-002
   1.0458828881382942E-002
   1.0460571385920048E-002
   1.0461139492690563E-002
   1.0461159981787205E-002
   1.0465165134519339E-002
   1.0465178638696671E-002
   1.0468574240803719E-002
   1.0472153313457966E-002
   1.0476365685462952E-002
   1.0477058123797178E-002
   1.0479093063622713E-002
   1.0485755279660225E-002
   1.0488992091268301E-002
   1.0489654727280140E-002
   1.0491124354302883E-002
   1.0493468493223190E-002
   1.0495563037693501E-002
   1.0496164672076702E-002
   1.0496835224330425E-002
   1.0497253388166428E-002
   1.0506492108106613E-002
   1.0507637169212103E-002
   1.0507774073630571E-002
   1.0509913321584463E-002
   1.0510287247598171E-002
   1.0510934982448816E-002
   1.0514422319829464E-002
   1.0516695212572813E-002
   1.0519410017877817E-002
   1.0520933195948601E-002
   1.0523300617933273E-002
   1.0525161400437355E-002
   1.0525301564484835E-002
   1.0525967460125685E-002
   1.0528512764722109E-002
   1.0529494844377041E-002
   1.0530774015933275E-002
   1.0533046443015337E-002
   1.0533698368817568E-002
   1.0537536814808846E-002
   1.0538033675402403E-002
   1.0543126147240400E-002
   1.0545860975980759E-002
   1.0548635851591825E-002
   1.0549196973443031E-002
   1.0554483160376549E-002
   1.0554701089859009E-002
   1.0555023327469826E-002
   1.0557354427874088E-002
   1.0561216622591019E-002
   1.0562465060502291E-002
   1.0562567505985498E-002
   1.0562901850789785E-002
   1.0565642733126879E-002
   1.0565877426415682E-002
   1.0566981509327888E-002
   1.0568476747721434E-002
   1.0568793397396803E-002
   1.0569899808615446E-002
   1.0569918900728226E-002
   1.0574383195489645E-002
   1.0575747583061457E-002
   1.0577459353953600E-002
   1.0577774140983820E-002
   1.0579281952232122E-002
   1.0581814218312502E-002
   1.0583437047898769E-002
   1.0584771633148193E-002
   1.0584831703454256E-002
   1.0587807744741440E-002
   1.0589030105620623E-002
   1.0589935816824436E-002
   1.0590813588351011E-002
   1.0592367034405470E-002
   1.0605670977383852E-002
   1.0606531519442797E-002
   1.0608475655317307E-002
   1.0610663797706366E-002
   1.0612171143293381E-002
   1.0613103862851858E-002
   1.0614068247377872E-002
   1.0617410298436880E-002
   1.0618225671350956E-002
   1.0619516484439373E-002
   1.0620447807013988E-002
   1.0621043387800455E-002
   1.0621469467878342E-002
   1.0622005444020033E-002
   1.0628337506204844E-002
   1.0629101190716028E-002
   1.0630055330693722E-002
   1.0632946621626616E-002
   1.0633417870849371E-002
   1.0633958037942648E-002
   1.0636183433234692E-002
   1.0636698454618454E-002
   1.0637033730745316E-002
   1.0638350155204535E-002
   1.0641174390912056E-002
   1.0642418172210455E-002
   1.0643982794135809E-002
   1.0647263377904892E-002
   1.0649456176906824E-002
   1.0650757700204849E-002
   1.0652266908437014E-002
   1.0652816854417324E-002
   1.0655341204255819E-002
   1.0658997576683760E-002
   1.0659851133823395E-002
   1.0662374552339315E-002
   1.0664703324437141E-002
   1.0664719156920910E-002
   1.0664743836969137E-002
   1.0670772287994623E-002
   1.0671862401068211E-002
   1.0671926196664572E-002
   1.0679014492779970E-002
   1.0680748615413904E-002
   1.0681365150958300E-002
   1.0682104621082544E-002
   1.0682229418307543E-002
   1.0691113304346800E-002
   1.0693955700844526E-002
   1.0697175748646259E-002
   1.0702318046241999E-002
   1.0704534593969584E-002
   1.0706141125410795E-002
   1.0710970032960176E-002
   1.0711029171943665E-002
   1.0713094379752874E-002
   1.0716678574681282E-002
   1.0720795020461082E-002
   1.0721861384809017E-002
   1.0723942890763283E-002
   1.0725499596446753E-002
   1.0726466774940491E-002
   1.0726918932050467E-002
   1.0727832093834877E-002
   1.0730008594691753E-002
   1.0730159003287554E-002
   1.0731985792517662E-002
   1.0732052382081747E-002
   1.0733179748058319E-002
   1.0735172312706709E-002
   1.0737533681094646E-002
   1.0738185141235590E-002
   1.0740153025835752E-002
   1.0740497615188360E-002
   1.0741909965872765E-002
   1.0742226149886847E-002
   1.0744611267000437E-002
   1.0745057370513678E-002
   1.0749775916337967E-002
   1.0752059519290924E-002
   1.0752193629741669E-002
   1.0756962001323700E-002
   1.0759699624031782E-002
   1.0760767385363579E-002
   1.0761086829006672E-002
   1.0761653538793325E-002
   1.0761755518615246E-002
   1.0764671023935080E-002
   1.0766655672341585E-002
   1.0767618194222450E-002
   1.0769553948193789E-002
   1.0771379806101322E-002
   1.0773773770779371E-002
   1.0776215698570013E-002
   1.0778176132589579E-002
   1.0779615491628647E-002
   1.0779700241982937E-002
   1.0783557780086994E-002
   1.0785769671201706E-002
   1.0785921942442656E-002
   1.0787473525851965E-002
   1.0795246809720993E-002
   1.0797807015478611E-002
   1.0799780022352934E-002
   1.0800639633089304E-002
   1.0802024509757757E-002
   1.0803502518683672E-002
   1.0803733486682177E-002
   1.0805012192577124E-002
   1.0805809404700994E-002
   1.0807045735418797E-002
   1.0807274840772152E-002
   1.0808381717652082E-002
   1.0809553787112236E-002
   1.0812287684530020E-002
   1.0814658366143703E-002
   1.0814781300723553E-002
   1.0816200636327267E-002
   1.0816980618983507E-002
   1.0818913578987122E-002
   1.0820356663316488E-002
   1.0827328544110060E-002
   1.0828461963683367E-002
   1.0828931350260973E-002
   1.0830496903508902E-002
   1.0831985156983137E-002
   1.0832498781383038E-002
   1.0836029890924692E-002
   1.0837335139513016E-002
   1.0838628746569157E-002
   1.0838754940778017E-002
   1.0839322116225958E-002
   1.0844101663678885E-002
   1.0844172444194555E-002
   1.0853002779185772E-002
   1.0853746440261602E-002
   1.0853926651179790E-002
   1.0855642613023520E-002
   1.0856132023036480E-002
   1.0861190501600504E-002
   1.0861210990697145E-002
   1.0861603077501059E-002
   1.0862200986593962E-002
   1.0865253861993551E-002
   1.0865303222090006E-002
   1.0871366132050753E-002
   1.0875192005187273E-002
   1.0875259991735220E-002
   1.0876055341213942E-002
   1.0879533365368843E-002
   1.0884977411478758E-002
   1.0886433534324169E-002
   1.0888436343520880E-002
   1.0890969075262547E-002
   1.0890981648117304E-002
   1.0891915764659643E-002
   1.0897613130509853E-002
   1.0898326057940722E-002
   1.0904360562562943E-002
   1.0906502604484558E-002
   1.0907247196882963E-002
   1.0907856281846762E-002
   1.0914060752838850E-002
   1.0917333420366049E-002
   1.0917769279330969E-002
   1.0920890606939793E-002
   1.0923637077212334E-002
   1.0926135350018740E-002
   1.0927065275609493E-002
   1.0928773786872625E-002
   1.0937968268990517E-002
   1.0938805993646383E-002
   1.0941180400550365E-002
   1.0946739930659533E-002
   1.0949636809527874E-002
   1.0951423086225986E-002
   1.0952190496027470E-002
   1.0953174903988838E-002
   1.0953801218420267E-002
   1.0954621713608503E-002
   1.0957617778331041E-002
   1.0957952123135328E-002
   1.0960104875266552E-002
   1.0963646695017815E-002
   1.0964581277221441E-002
   1.0966083034873009E-002
   1.0967569425702095E-002
   1.0968453716486692E-002
   1.0969092603772879E-002
   1.0970965493470430E-002
   1.0971958748996258E-002
   1.0975005105137825E-002
   1.0976635385304689E-002
   1.0981156956404448E-002
   1.0982479900121689E-002
   1.0984182357788086E-002
   1.0985570959746838E-002
   1.0987163521349430E-002
   1.0988813824951649E-002
   1.0989147704094648E-002
   1.0991385206580162E-002
   1.0996946133673191E-002
   1.0998014360666275E-002
   1.0999283753335476E-002
   1.1000231374055147E-002
   1.1000436730682850E-002
   1.1002274230122566E-002
   1.1011155322194099E-002
   1.1012637056410313E-002
   1.1013958137482405E-002
   1.1014237534254789E-002
   1.1014832649379969E-002
   1.1014963965862989E-002
   1.1017981916666031E-002
   1.1018352583050728E-002
   1.1021936777979136E-002
   1.1027109809219837E-002
   1.1029766406863928E-002
   1.1030372697860003E-002
   1.1030830908566713E-002
   1.1031234171241522E-002
   1.1033270508050919E-002
   1.1037613265216351E-002
   1.1037939693778753E-002
   1.1038266588002443E-002
   1.1038750410079956E-002
   1.1039118282496929E-002
   1.1040325276553631E-002
   1.1042880825698376E-002
   1.1044673155993223E-002
   1.1045698076486588E-002
   1.1047699488699436E-002
   1.1051318608224392E-002
   1.1054122820496559E-002
   1.1055343784391880E-002
   1.1057166848331690E-002
   1.1059017851948738E-002
   1.1060278862714767E-002
   1.1061950121074915E-002
   1.1065770871937275E-002
   1.1068168096244335E-002
   1.1068781372159719E-002
   1.1070588603615761E-002
   1.1072595603764057E-002
   1.1076083872467279E-002
   1.1076341848820448E-002
   1.1082279495894909E-002
   1.1085866950452328E-002
   1.1093002744019032E-002
   1.1097677517682314E-002
   1.1100916191935539E-002
   1.1106165591627359E-002
   1.1108018923550844E-002
   1.1108678765594959E-002
   1.1111687403172255E-002
   1.1111730244010687E-002
   1.1113286484032869E-002
   1.1115825269371271E-002
   1.1116787325590849E-002
   1.1116988025605679E-002
   1.1118207126855850E-002
   1.1123367119580507E-002
   1.1124490294605494E-002
   1.1126861907541752E-002
   1.1130546219646931E-002
   1.1131149716675282E-002
   1.1136102024465799E-002
   1.1136471293866634E-002
   1.1136938352137804E-002
   1.1139491107314825E-002
   1.1139957234263420E-002
   1.1140584945678711E-002
   1.1141306255012751E-002
   1.1144810356199741E-002
   1.1145488824695349E-002
   1.1148052290081978E-002
   1.1152192484587431E-002
   1.1153684929013252E-002
   1.1156664229929447E-002
   1.1157510802149773E-002
   1.1160001158714294E-002
   1.1163041926920414E-002
   1.1163149494677782E-002
   1.1164775583893061E-002
   1.1165633331984282E-002
   1.1167544871568680E-002
   1.1167821008712053E-002
   1.1167862918227911E-002
   1.1167950462549925E-002
   1.1172364931553602E-002
   1.1174459476023912E-002
   1.1176036670804024E-002
   1.1176585219800472E-002
   1.1176734697073698E-002
   1.1176938656717539E-002
   1.1178411077708006E-002
   1.1179161723703146E-002
   1.1183394584804773E-002
   1.1191079393029213E-002
   1.1200804729014635E-002
   1.1201281566172838E-002
   1.1202299036085606E-002
   1.1207174044102430E-002
   1.1207283008843660E-002
   1.1211711447685957E-002
   1.1212003882974386E-002
   1.1212574783712626E-002
   1.1213792022317648E-002
   1.1213824152946472E-002
   1.1214173398911953E-002
   1.1214248370379210E-002
   1.1216501239687204E-002
   1.1218763422220945E-002
   1.1219630017876625E-002
   1.1221924796700478E-002
   1.1222489178180695E-002
   1.1227298062294722E-002
   1.1231865733861923E-002
   1.1232072487473488E-002
   1.1232272721827030E-002
   1.1232422664761543E-002
   1.1233077384531498E-002
   1.1235439218580723E-002
   1.1235952377319336E-002
   1.1236297897994518E-002
   1.1236891150474548E-002
   1.1236984748393297E-002
   1.1239368002861738E-002
   1.1242710985243320E-002
   1.1243571061640978E-002
   1.1246835347265005E-002
   1.1251952499151230E-002
   1.1253285221755505E-002
   1.1254292912781239E-002
   1.1258463375270367E-002
   1.1258801911026239E-002
   1.1258868500590324E-002
   1.1259539052844048E-002
   1.1262727901339531E-002
   1.1268529109656811E-002
   1.1268544942140579E-002
   1.1269640177488327E-002
   1.1269767303019762E-002
   1.1270479299128056E-002
   1.1273751500993967E-002
   1.1273889802396297E-002
   1.1276625562459230E-002
   1.1279449332505465E-002
   1.1281857267022133E-002
   1.1281993240118027E-002
   1.1284949723631144E-002
   1.1285264045000076E-002
   1.1288334615528584E-002
   1.1288968380540609E-002
   1.1289551388472319E-002
   1.1290677357465029E-002
   1.1292025446891785E-002
   1.1293880175799131E-002
   1.1294549331068993E-002
   1.1297177523374557E-002
   1.1300128418952227E-002
   1.1300842277705669E-002
   1.1301061604171991E-002
   1.1301878839731216E-002
   1.1303701438009739E-002
   1.1307996697723866E-002
   1.1314215138554573E-002
   1.1316717602312565E-002
   1.1318716220557690E-002
   1.1319170705974102E-002
   1.1320014018565416E-002
   1.1322440579533577E-002
   1.1326345149427652E-002
   1.1326674837619066E-002
   1.1329267174005508E-002
   1.1331382207572460E-002
   1.1331435292959213E-002
   1.1334205511957407E-002
   1.1334244627505541E-002
   1.1335346382111311E-002
   1.1339263059198856E-002
   1.1339279357343912E-002
   1.1339404620230198E-002
   1.1339721269905567E-002
   1.1340688914060593E-002
   1.1343415360897779E-002
   1.1346586048603058E-002
   1.1347501073032618E-002
   1.1350569780915976E-002
   1.1351225897669792E-002
   1.1351440567523241E-002
   1.1353826150298119E-002
   1.1354702990502119E-002
   1.1356881354004145E-002
   1.1358700692653656E-002
   1.1358718387782574E-002
   1.1362729128450155E-002
   1.1363138444721699E-002
   1.1366684921085835E-002
   1.1369082611054182E-002
   1.1372520122677088E-002
   1.1378541588783264E-002
   1.1384124401956797E-002
   1.1384576093405485E-002
   1.1384909972548485E-002
   1.1387720238417387E-002
   1.1388872284442186E-002
   1.1389898136258125E-002
   1.1390914209187031E-002
   1.1391856707632542E-002
   1.1392585467547178E-002
   1.1392810381948948E-002
   1.1398957576602697E-002
   1.1401496361941099E-002
   1.1403600685298443E-002
   1.1403924319893122E-002
   1.1405243072658777E-002
   1.1405934114009142E-002
   1.1409372556954622E-002
   1.1411343235522509E-002
   1.1413138825446367E-002
   1.1414297390729189E-002
   1.1414951179176569E-002
   1.1418786365538836E-002
   1.1422425974160433E-002
   1.1426367796957493E-002
   1.1426967568695545E-002
   1.1428625322878361E-002
   1.1430781334638596E-002
   1.1431643739342690E-002
   1.1431727558374405E-002
   1.1435481254011393E-002
   1.1441099923104048E-002
   1.1441123671829700E-002
   1.1444797273725271E-002
   1.1445504147559404E-002
   1.1448525823652744E-002
   1.1455744039267302E-002
   1.1456030886620283E-002
   1.1456335894763470E-002
   1.1457050219178200E-002
   1.1459417641162872E-002
   1.1462199501693249E-002
   1.1462417896836996E-002
   1.1462870519608259E-002
   1.1463463772088289E-002
   1.1464111041277647E-002
   1.1464877054095268E-002
   1.1465283576399088E-002
   1.1466918978840113E-002
   1.1468050535768270E-002
   1.1474109254777431E-002
   1.1476945132017136E-002
   1.1477157939225435E-002
   1.1479124892503023E-002
   1.1479794979095459E-002
   1.1481184046715498E-002
   1.1486014351248741E-002
   1.1486368253827095E-002
   1.1488583404570818E-002
   1.1489104013890028E-002
   1.1495048180222511E-002
   1.1500107590109110E-002
   1.1501756962388754E-002
   1.1502392590045929E-002
   1.1506717186421156E-002
   1.1508287861943245E-002
   1.1509742122143507E-002
   1.1510097887367010E-002
   1.1510943993926048E-002
   1.1511763557791710E-002
   1.1514544952660799E-002
   1.1517766863107681E-002
   1.1519048828631639E-002
   1.1520869564265013E-002
   1.1525876354426146E-002
   1.1529522947967052E-002
   1.1534432414919138E-002
   1.1537339072674513E-002
   1.1537583079189062E-002
   1.1542894411832094E-002
   1.1548568028956652E-002
   1.1550016701221466E-002
   1.1550156865268946E-002
   1.1550194583833218E-002
   1.1554216034710407E-002
   1.1560868471860886E-002
   1.1561192106455564E-002
   1.1564254760742188E-002
   1.1566705536097288E-002
   1.1568366549909115E-002
   1.1572389397770166E-002
   1.1572456918656826E-002
   1.1579402722418308E-002
   1.1579460930079222E-002
   1.1579703073948622E-002
   1.1586212553083897E-002
   1.1587793938815594E-002
   1.1590247042477131E-002
   1.1590504553169012E-002
   1.1597339063882828E-002
   1.1597553733736277E-002
   1.1597971897572279E-002
   1.1600950267165899E-002
   1.1600952595472336E-002
   1.1600970290601254E-002
   1.1603032238781452E-002
   1.1604152154177427E-002
   1.1604581028223038E-002
   1.1606859043240547E-002
   1.1609957087785006E-002
   1.1616365518420935E-002
   1.1618907563388348E-002
   1.1620883829891682E-002
   1.1621016543358564E-002
   1.1622278485447168E-002
   1.1622859165072441E-002
   1.1628574226051569E-002
   1.1630910914391279E-002
   1.1632253415882587E-002
   1.1634976603090763E-002
   1.1636128183454275E-002
   1.1638286989182234E-002
   1.1638973839581013E-002
   1.1639043688774109E-002
   1.1639937292784452E-002
   1.1642226483672857E-002
   1.1644428595900536E-002
   1.1644809041172266E-002
   1.1645493563264608E-002
   1.1647772043943405E-002
   1.1650613043457270E-002
   1.1650975793600082E-002
   1.1651650536805391E-002
   1.1658935807645321E-002
   1.1660661548376083E-002
   1.1662413366138935E-002
   1.1662464123219252E-002
   1.1663012672215700E-002
   1.1666548904031515E-002
   1.1666618753224611E-002
   1.1666678823530674E-002
   1.1666897218674421E-002
   1.1669571045786142E-002
   1.1670611333101988E-002
   1.1672695167362690E-002
   1.1675963643938303E-002
   1.1678246781229973E-002
   1.1681821662932634E-002
   1.1686217505484819E-002
   1.1689649429172277E-002
   1.1694176588207483E-002
   1.1694625951349735E-002
   1.1697328649461269E-002
   1.1697563342750072E-002
   1.1698196176439524E-002
   1.1699571739882231E-002
   1.1702275834977627E-002
   1.1702450923621655E-002
   1.1707270983606577E-002
   1.1707838624715805E-002
   1.1709521058946848E-002
   1.1709807440638542E-002
   1.1711342725902796E-002
   1.1713237036019564E-002
   1.1719636619091034E-002
   1.1720072012394667E-002
   1.1725245974957943E-002
   1.1725659482181072E-002
   1.1727291624993086E-002
   1.1728201527148485E-002
   1.1728281620889902E-002
   1.1728400364518166E-002
   1.1732546146959066E-002
   1.1733480729162693E-002
   1.1739498469978571E-002
   1.1740080546587706E-002
   1.1741112452000380E-002
   1.1742615606635809E-002
   1.1743474286049604E-002
   1.1744020041078329E-002
   1.1744112707674503E-002
   1.1744636110961437E-002
   1.1747704818844795E-002
   1.1748113669455051E-002
   1.1748414952307940E-002
   1.1748767923563719E-002
   1.1752058286219835E-002
   1.1755463667213917E-002
   1.1756636667996645E-002
   1.1761697009205818E-002
   1.1763925198465586E-002
   1.1765839997678995E-002
   1.1767416261136532E-002
   1.1769308708608150E-002
   1.1771469842642546E-002
   1.1773487553000450E-002
   1.1774200014770031E-002
   1.1776529718190432E-002
   1.1777175590395927E-002
   1.1777908075600863E-002
   1.1783955618739128E-002
   1.1784392409026623E-002
   1.1789133772253990E-002
   1.1791097000241280E-002
   1.1792923789471388E-002
   1.1796581558883190E-002
   1.1797273997217417E-002
   1.1798370163887739E-002
   1.1798995546996593E-002
   1.1800637468695641E-002
   1.1800779495388269E-002
   1.1810084804892540E-002
   1.1813488788902760E-002
   1.1814820114523172E-002
   1.1818378232419491E-002
   1.1818399652838707E-002
   1.1823285371065140E-002
   1.1825290974229574E-002
   1.1825680732727051E-002
   1.1825995985418558E-002
   1.1826017405837774E-002
   1.1828546877950430E-002
   1.1829951778054237E-002
   1.1830375064164400E-002
   1.1833625379949808E-002
   1.1833714786916971E-002
   1.1834825854748487E-002
   1.1837156955152750E-002
   1.1841229163110256E-002
   1.1847025714814663E-002
   1.1849683243781328E-002
   1.1854640208184719E-002
   1.1861728504300117E-002
   1.1865633074194193E-002
   1.1868376284837723E-002
   1.1870688293129206E-002
   1.1871292255818844E-002
   1.1875845491886139E-002
   1.1876291595399380E-002
   1.1878475546836853E-002
   1.1880172416567802E-002
   1.1882124934345484E-002
   1.1882864404469728E-002
   1.1885027401149273E-002
   1.1885585263371468E-002
   1.1887504719197750E-002
   1.1888375040143728E-002
   1.1889367830008268E-002
   1.1892349459230900E-002
   1.1894093826413155E-002
   1.1895469389855862E-002
   1.1895627714693546E-002
   1.1896811425685883E-002
   1.1899102944880724E-002
   1.1901463381946087E-002
   1.1901671532541513E-002
   1.1906514875590801E-002
   1.1909590568393469E-002
   1.1910848319530487E-002
   1.1912860907614231E-002
   1.1917143594473600E-002
   1.1923226527869701E-002
   1.1923910118639469E-002
   1.1924281716346741E-002
   1.1927027255296707E-002
   1.1930110398679972E-002
   1.1933967471122742E-002
   1.1934342328459024E-002
   1.1934763286262751E-002
   1.1937025468796492E-002
   1.1938246898353100E-002
   1.1939932592213154E-002
   1.1941696051508188E-002
   1.1942056939005852E-002
   1.1942924931645393E-002
   1.1943455319851637E-002
   1.1944747064262629E-002
   1.1948238126933575E-002
   1.1951440945267677E-002
   1.1951727326959372E-002
   1.1952187400311232E-002
   1.1954000219702721E-002
   1.1954233516007662E-002
   1.1956128757447004E-002
   1.1959021911025047E-002
   1.1959448456764221E-002
   1.1965314392000437E-002
   1.1968560982495546E-002
   1.1968590784817934E-002
   1.1968922801315784E-002
   1.1970620136708021E-002
   1.1974950321018696E-002
   1.1975938454270363E-002
   1.1976176407188177E-002
   1.1976238340139389E-002
   1.1976416222751141E-002
   1.1981354560703039E-002
   1.1981761548668146E-002
   1.1984430253505707E-002
   1.1987334117293358E-002
   1.1987702921032906E-002
   1.1987906415015459E-002
   1.1992867570370436E-002
   1.1994045693427324E-002
   1.1994249653071165E-002
   1.1994701810181141E-002
   1.1995118111371994E-002
   1.1996045242995024E-002
   1.1997762136161327E-002
   1.1998767964541912E-002
   1.1998871341347694E-002
   1.2001278344541788E-002
   1.2003973592072725E-002
   1.2007458601146936E-002
   1.2012335006147623E-002
   1.2012758292257786E-002
   1.2013648170977831E-002
   1.2015800457447767E-002
   1.2018192093819380E-002
   1.2023560237139463E-002
   1.2026135344058275E-002
   1.2032232712954283E-002
   1.2033123522996902E-002
   1.2033174280077219E-002
   1.2036905623972416E-002
   1.2037280015647411E-002
   1.2038307730108500E-002
   1.2039078865200281E-002
   1.2040589936077595E-002
   1.2041904032230377E-002
   1.2042864691466093E-002
   1.2044433970004320E-002
   1.2044972274452448E-002
   1.2045504990965128E-002
   1.2054597958922386E-002
   1.2056809384375811E-002
   1.2057831976562738E-002
   1.2058212887495756E-002
   1.2058509979397058E-002
   1.2058691587299109E-002
   1.2065652292221785E-002
   1.2069482356309891E-002
   1.2072695884853601E-002
   1.2079069390892982E-002
   1.2080544140189886E-002
   1.2083127163350582E-002
   1.2086421716958284E-002
   1.2087683193385601E-002
   1.2088236398994923E-002
   1.2088388204574585E-002
   1.2088773772120476E-002
   1.2090533971786499E-002
   1.2098222970962524E-002
   1.2099290266633034E-002
   1.2100809719413519E-002
   1.2105817906558514E-002
   1.2106153182685375E-002
   1.2107605580240488E-002
   1.2108391616493464E-002
   1.2112495489418507E-002
   1.2113386765122414E-002
   1.2113504111766815E-002
   1.2113549280911684E-002
   1.2113556265830994E-002
   1.2114902492612600E-002
   1.2116985861212015E-002
   1.2119659688323736E-002
   1.2120388913899660E-002
   1.2122188229113817E-002
   1.2124737259000540E-002
   1.2124739121645689E-002
   1.2125261593610048E-002
   1.2126739602535963E-002
   1.2127247639000416E-002
   1.2133462820202112E-002
   1.2139615602791309E-002
   1.2140446808189154E-002
   1.2142136693000793E-002
   1.2143467087298632E-002
   1.2145083397626877E-002
   1.2145360000431538E-002
   1.2148498557507992E-002
   1.2149652000516653E-002
   1.2150625232607126E-002
   1.2150715570896864E-002
   1.2155611068010330E-002
   1.2155681848526001E-002
   1.2159991078078747E-002
   1.2165647931396961E-002
   1.2167534790933132E-002
   1.2169976253062487E-002
   1.2172686867415905E-002
   1.2176147662103176E-002
   1.2176968157291412E-002
   1.2177946977317333E-002
   1.2179969809949398E-002
   1.2181859463453293E-002
   1.2189841363579035E-002
   1.2191466987133026E-002
   1.2192691210657358E-002
   1.2200908735394478E-002
   1.2203841935843229E-002
   1.2206557206809521E-002
   1.2211140710860491E-002
   1.2213236186653376E-002
   1.2213720940053463E-002
   1.2215350288897753E-002
   1.2220711912959814E-002
   1.2220958713442087E-002
   1.2221612036228180E-002
   1.2222591787576675E-002
   1.2222696561366320E-002
   1.2228270061314106E-002
   1.2228665873408318E-002
   1.2229343876242638E-002
   1.2232182547450066E-002
   1.2237058952450752E-002
   1.2238179333508015E-002
   1.2239141855388880E-002
   1.2244911864399910E-002
   1.2245347723364830E-002
   1.2248595710843801E-002
   1.2249815277755260E-002
   1.2250495608896017E-002
   1.2250780127942562E-002
   1.2253670021891594E-002
   1.2254595756530762E-002
   1.2254974339157343E-002
   1.2255717068910599E-002
   1.2255896814167500E-002
   1.2256076559424400E-002
   1.2259396258741617E-002
   1.2261688709259033E-002
   1.2263044249266386E-002
   1.2266552541404963E-002
   1.2269583530724049E-002
   1.2270063627511263E-002
   1.2271437793970108E-002
   1.2271656189113855E-002
   1.2275083456188440E-002
   1.2278954032808542E-002
   1.2278994545340538E-002
   1.2282459065318108E-002
   1.2285912409424782E-002
   1.2290138751268387E-002
   1.2292094528675079E-002
   1.2297007720917463E-002
   1.2305564712733030E-002
   1.2305935844779015E-002
   1.2309383135288954E-002
   1.2311723083257675E-002
   1.2312457431107759E-002
   1.2314101215451956E-002
   1.2315134983509779E-002
   1.2317562475800514E-002
   1.2321829330176115E-002
   1.2321916874498129E-002
   1.2322548776865005E-002
   1.2324667535722256E-002
   1.2325359974056482E-002
   1.2328879442065954E-002
   1.2332864571362734E-002
   1.2335854582488537E-002
   1.2340887449681759E-002
   1.2343704700469971E-002
   1.2345675844699144E-002
   1.2346544302999973E-002
   1.2347099371254444E-002
   1.2347781565040350E-002
   1.2348107062280178E-002
   1.2352345511317253E-002
   1.2361783999949694E-002
   1.2362580746412277E-002
   1.2363580986857414E-002
   1.2365165632218122E-002
   1.2368308380246162E-002
   1.2368428520858288E-002
   1.2370579876005650E-002
   1.2372002936899662E-002
   1.2372285127639771E-002
   1.2374379672110081E-002
   1.2377538718283176E-002
   1.2378244660794735E-002
   1.2382238171994686E-002
   1.2388525996357203E-002
   1.2389558367431164E-002
   1.2390056625008583E-002
   1.2390487827360630E-002
   1.2392666656523943E-002
   1.2398105114698410E-002
   1.2405085843056440E-002
   1.2406921945512295E-002
   1.2412892654538155E-002
   1.2415426317602396E-002
   1.2417138554155827E-002
   1.2417962308973074E-002
   1.2423237320035696E-002
   1.2423316016793251E-002
   1.2423572130501270E-002
   1.2423862237483263E-002
   1.2424970045685768E-002
   1.2428115587681532E-002
   1.2429464608430862E-002
   1.2430153321474791E-002
   1.2432624585926533E-002
   1.2436666525900364E-002
   1.2438866775482893E-002
   1.2440151069313288E-002
   1.2441651429980993E-002
   1.2441738508641720E-002
   1.2442351784557104E-002
   1.2443567160516977E-002
   1.2446887325495481E-002
   1.2460895348340273E-002
   1.2463657651096582E-002
   1.2465253472328186E-002
   1.2472514063119888E-002
   1.2473503593355417E-002
   1.2475219555199146E-002
   1.2476482894271612E-002
   1.2477274052798748E-002
   1.2479773722589016E-002
   1.2480215169489384E-002
   1.2480662669986486E-002
   1.2480867095291615E-002
   1.2481592129915953E-002
   1.2481941841542721E-002
   1.2482533231377602E-002
   1.2484660372138023E-002
   1.2485620100051165E-002
   1.2487486470490694E-002
   1.2489364482462406E-002
   1.2489421758800745E-002
   1.2492060195654631E-002
   1.2496540322899818E-002
   1.2502662837505341E-002
   1.2504132930189371E-002
   1.2507428415119648E-002
   1.2508329935371876E-002
   1.2509261257946491E-002
   1.2509461492300034E-002
   1.2510957196354866E-002
   1.2513770721852779E-002
   1.2515172362327576E-002
   1.2515548150986433E-002
   1.2515579815953970E-002
   1.2516839429736137E-002
   1.2518087401986122E-002
   1.2518730014562607E-002
   1.2518975883722305E-002
   1.2521038297563791E-002
   1.2525901198387146E-002
   1.2526351492851973E-002
   1.2529918458312750E-002
   1.2532915454357862E-002
   1.2537426780909300E-002
   1.2538868468254805E-002
   1.2541915755718946E-002
   1.2541981879621744E-002
   1.2545151170343161E-002
   1.2549517676234245E-002
   1.2549879960715771E-002
   1.2550756335258484E-002
   1.2550768442451954E-002
   1.2551821302622557E-002
   1.2555652763694525E-002
   1.2560110539197922E-002
   1.2560398783534765E-002
   1.2560493312776089E-002
   1.2560900300741196E-002
   1.2565505225211382E-002
   1.2570958584547043E-002
   1.2572517152875662E-002
   1.2574542313814163E-002
   1.2576314620673656E-002
   1.2578119523823261E-002
   1.2581179849803448E-002
   1.2583489529788494E-002
   1.2586462311446667E-002
   1.2587997131049633E-002
   1.2590246275067329E-002
   1.2591713108122349E-002
   1.2592381797730923E-002
   1.2593192979693413E-002
   1.2593323830515146E-002
   1.2594259809702635E-002
   1.2600800953805447E-002
   1.2602281756699085E-002
   1.2602402828633785E-002
   1.2610276695340872E-002
   1.2613627128303051E-002
   1.2614337727427483E-002
   1.2614377308636904E-002
   1.2616505846381187E-002
   1.2618504930287600E-002
   1.2620629277080297E-002
   1.2622097507119179E-002
   1.2623993679881096E-002
   1.2626799754798412E-002
   1.2627021409571171E-002
   1.2632036115974188E-002
   1.2634112033993006E-002
   1.2634244747459888E-002
   1.2636483646929264E-002
   1.2637683190405369E-002
   1.2642828281968832E-002
   1.2642899528145790E-002
   1.2649754062294960E-002
   1.2651156168431044E-002
   1.2652614619582891E-002
   1.2653297744691372E-002
   1.2654887512326241E-002
   1.2655640020966530E-002
   1.2657632585614920E-002
   1.2663371395319700E-002
   1.2666804250329733E-002
   1.2668018694967031E-002
   1.2672266457229853E-002
   1.2672962620854378E-002
   1.2678618077188730E-002
   1.2680008541792631E-002
   1.2682419735938311E-002
   1.2682638596743345E-002
   1.2684434186667204E-002
   1.2684491928666830E-002
   1.2689488008618355E-002
   1.2690398376435041E-002
   1.2700528372079134E-002
   1.2701325584203005E-002
   1.2704704422503710E-002
   1.2705170549452305E-002
   1.2705685105174780E-002
   1.2707260902971029E-002
   1.2709234375506639E-002
   1.2711340561509132E-002
   1.2713402975350618E-002
   1.2716816272586584E-002
   1.2716991361230612E-002
   1.2717904057353735E-002
   1.2720580212771893E-002
   1.2722710147500038E-002
   1.2725927401334047E-002
   1.2726192362606525E-002
   1.2728654313832521E-002
   1.2730257119983435E-002
   1.2731037102639675E-002
   1.2734562624245882E-002
   1.2737066484987736E-002
   1.2738297227770090E-002
   1.2743312399834394E-002
   1.2744177598506212E-002
   1.2745121959596872E-002
   1.2746600434184074E-002
   1.2749807443469763E-002
   1.2751005589962006E-002
   1.2753300834447145E-002
   1.2756016105413437E-002
   1.2756773270666599E-002
   1.2762751430273056E-002
   1.2766899075359106E-002
   1.2768836691975594E-002
   1.2769412249326706E-002
   1.2770319823175669E-002
   1.2773894704878330E-002
   1.2775593437254429E-002
   1.2775652110576630E-002
   1.2775822542607784E-002
   1.2780025135725737E-002
   1.2782058678567410E-002
   1.2782478239387274E-002
   1.2785147409886122E-002
   1.2785973958671093E-002
   1.2788347899913788E-002
   1.2788358144462109E-002
   1.2789648491889238E-002
   1.2790203560143709E-002
   1.2795321177691221E-002
   1.2795746792107821E-002
   1.2796880211681128E-002
   1.2798530980944633E-002
   1.2799118179827929E-002
   1.2801435776054859E-002
   1.2803102377802134E-002
   1.2805536389350891E-002
   1.2807043269276619E-002
   1.2807118706405163E-002
   1.2812352739274502E-002
   1.2813792563974857E-002
   1.2814738322049379E-002
   1.2818233110010624E-002
   1.2822001706808805E-002
   1.2822204269468784E-002
   1.2822576798498631E-002
   1.2827739585191011E-002
   1.2828669976443052E-002
   1.2830458115786314E-002
   1.2832232750952244E-002
   1.2832737993448973E-002
   1.2837064452469349E-002
   1.2845311313867569E-002
   1.2850223109126091E-002
   1.2851176783442497E-002
   1.2853445485234261E-002
   1.2856648303568363E-002
   1.2857165653258562E-002
   1.2857242487370968E-002
   1.2860962189733982E-002
   1.2862314004451036E-002
   1.2863593176007271E-002
   1.2870618607848883E-002
   1.2871271930634975E-002
   1.2874091509729624E-002
   1.2875146232545376E-002
   1.2876304332166910E-002
   1.2881908565759659E-002
   1.2881988193839788E-002
   1.2882347218692303E-002
   1.2883546296507120E-002
   1.2885143049061298E-002
   1.2886963784694672E-002
   1.2888502329587936E-002
   1.2890844605863094E-002
   1.2891036923974752E-002
   1.2892141006886959E-002
   1.2893330305814743E-002
   1.2893491424620152E-002
   1.2895104009658098E-002
   1.2895504478365183E-002
   1.2896811123937368E-002
   1.2898705434054136E-002
   1.2899379245936871E-002
   1.2900073546916246E-002
   1.2900108005851507E-002
   1.2903463095426559E-002
   1.2905464041978121E-002
   1.2905582785606384E-002
   1.2907695490866899E-002
   1.2910054065287113E-002
   1.2915720697492361E-002
   1.2918175663799047E-002
   1.2926693540066481E-002
   1.2927017174661160E-002
   1.2931976933032274E-002
   1.2932040262967348E-002
   1.2932248413562775E-002
   1.2932979036122561E-002
   1.2933367397636175E-002
   1.2934890575706959E-002
   1.2935095932334661E-002
   1.2935820501297712E-002
   1.2936698272824287E-002
   1.2937813997268677E-002
   1.2939618434756994E-002
   1.2945602182298899E-002
   1.2945618480443954E-002
   1.2950405944138765E-002
   1.2951189186424017E-002
   1.2953040190041065E-002
   1.2957247439771891E-002
   1.2958957813680172E-002
   1.2959456071257591E-002
   1.2959817890077829E-002
   1.2960929889231920E-002
   1.2961288448423147E-002
   1.2962118722498417E-002
   1.2962261214852333E-002
   1.2965387664735317E-002
   1.2967762071639299E-002
   1.2971174437552691E-002
   1.2971523683518171E-002
   1.2971624732017517E-002
   1.2972545344382524E-002
   1.2973984703421593E-002
   1.2981878593564034E-002
   1.2982270680367947E-002
   1.2983215972781181E-002
   1.2985482346266508E-002
   1.2986803892999887E-002
   1.2987019494175911E-002
   1.2987085152417421E-002
   1.2995808385312557E-002
   1.2997390702366829E-002
   1.2998708989471197E-002
   1.3002871070057154E-002
   1.3006563764065504E-002
   1.3008013833314180E-002
   1.3008360285311937E-002
   1.3009733986109495E-002
   1.3010798022150993E-002
   1.3012042269110680E-002
   1.3012795243412256E-002
   1.3013758696615696E-002
   1.3015007600188255E-002
   1.3015734497457743E-002
   1.3015988282859325E-002
   1.3020359911024570E-002
   1.3022501487284899E-002
   1.3022588565945625E-002
   1.3025069609284401E-002
   1.3025479856878519E-002
   1.3026497792452574E-002
   1.3028054963797331E-002
   1.3028667308390141E-002
   1.3029488269239664E-002
   1.3029706198722124E-002
   1.3031609356403351E-002
   1.3031764421612024E-002
   1.3035139068961143E-002
   1.3037839438766241E-002
   1.3041738886386156E-002
   1.3042737729847431E-002
   1.3046790380030870E-002
   1.3047009240835905E-002
   1.3047534506767988E-002
   1.3049623928964138E-002
   1.3056501280516386E-002
   1.3062153942883015E-002
   1.3062220532447100E-002
   1.3063366990536451E-002
   1.3065845239907503E-002
   1.3067974243313074E-002
   1.3070400804281235E-002
   1.3071433175355196E-002
   1.3072202447801828E-002
   1.3073076959699392E-002
   1.3073171488940716E-002
   1.3074624352157116E-002
   1.3075496070086956E-002
   1.3075775466859341E-002
   1.3083415571600199E-002
   1.3091047760099173E-002
   1.3092999812215567E-002
   1.3093474321067333E-002
   1.3093887362629175E-002
   1.3094257097691298E-002
   1.3094293419271708E-002
   1.3096919283270836E-002
   1.3098055962473154E-002
   1.3103685807436705E-002
   1.3104870915412903E-002
   1.3106370810419321E-002
   1.3108386658132076E-002
   1.3109742198139429E-002
   1.3109769672155380E-002
   1.3111962005496025E-002
   1.3112005777657032E-002
   1.3112384825944901E-002
   1.3112974818795919E-002
   1.3114496599882841E-002
   1.3119976501911879E-002
   1.3120356947183609E-002
   1.3120941352099180E-002
   1.3123502954840660E-002
   1.3127847574651241E-002
   1.3130563311278820E-002
   1.3131835963577032E-002
   1.3146686833351851E-002
   1.3147403486073017E-002
   1.3152243569493294E-002
   1.3152610976248980E-002
   1.3153204694390297E-002
   1.3154728803783655E-002
   1.3155404012650251E-002
   1.3157127890735865E-002
   1.3161836657673120E-002
   1.3163868803530931E-002
   1.3166162185370922E-002
   1.3173453975468874E-002
   1.3175113592296839E-002
   1.3175318017601967E-002
   1.3179339468479156E-002
   1.3181645888835192E-002
   1.3182980474084616E-002
   1.3188933487981558E-002
   1.3189475052058697E-002
   1.3189590536057949E-002
   1.3189681805670261E-002
   1.3191087637096643E-002
   1.3192799407988787E-002
   1.3194520026445389E-002
   1.3195106759667397E-002
   1.3198470696806908E-002
   1.3199979439377785E-002
   1.3203648384660482E-002
   1.3205540832132101E-002
   1.3209504075348377E-002
   1.3209813274443150E-002
   1.3210229575634003E-002
   1.3210921548306942E-002
   1.3213653117418289E-002
   1.3214820064604282E-002
   1.3217800762504339E-002
   1.3219457585364580E-002
   1.3221278320997953E-002
   1.3223906978964806E-002
   1.3226497918367386E-002
   1.3226985931396484E-002
   1.3227093499153852E-002
   1.3227334246039391E-002
   1.3227806426584721E-002
   1.3233292382210493E-002
   1.3237632811069489E-002
   1.3238216750323772E-002
   1.3241043779999018E-002
   1.3244708999991417E-002
   1.3245567679405212E-002
   1.3245780020952225E-002
   1.3246350456029177E-002
   1.3250149320811033E-002
   1.3251429889351130E-002
   1.3251507654786110E-002
   1.3252877630293369E-002
   1.3253044337034225E-002
   1.3253768440335989E-002
   1.3254929799586535E-002
   1.3260285370051861E-002
   1.3263045344501734E-002
   1.3267083559185266E-002
   1.3267988339066505E-002
   1.3268330600112677E-002
   1.3269060757011175E-002
   1.3269177172333002E-002
   1.3269659597426653E-002
   1.3271390926092863E-002
   1.3272268697619438E-002
   1.3274095021188259E-002
   1.3274215161800385E-002
   1.3275374658405781E-002
   1.3276459183543921E-002
   1.3276721816509962E-002
   1.3280892744660378E-002
   1.3281035237014294E-002
   1.3281071558594704E-002
   1.3283101376146078E-002
   1.3283406384289265E-002
   1.3283679727464914E-002
   1.3294087257236242E-002
   1.3294096104800701E-002
   1.3295403216034174E-002
   1.3297046534717083E-002
   1.3297725468873978E-002
   1.3301594648510218E-002
   1.3302229810506105E-002
   1.3304208405315876E-002
   1.3307946268469095E-002
   1.3310213107615709E-002
   1.3311210554093122E-002
   1.3317608740180731E-002
   1.3320452999323606E-002
   1.3320893049240112E-002
   1.3321991544216871E-002
   1.3322326820343733E-002
   1.3325008098036051E-002
   1.3325199484825134E-002
   1.3325280509889126E-002
   1.3326006941497326E-002
   1.3329593464732170E-002
   1.3330120593309402E-002
   1.3331532012671232E-002
   1.3332861475646496E-002
   1.3335116207599640E-002
   1.3342489022761583E-002
   1.3343035243451595E-002
   1.3349533081054688E-002
   1.3351764995604753E-002
   1.3352331239730120E-002
   1.3352750800549984E-002
   1.3354767579585314E-002
   1.3355753850191832E-002
   1.3356071431189775E-002
   1.3361620716750622E-002
   1.3364434242248535E-002
   1.3365228194743395E-002
   1.3365746010094881E-002
   1.3366198167204857E-002
   1.3368846382945776E-002
   1.3369527179747820E-002
   1.3375321868807077E-002
   1.3378832023590803E-002
   1.3379975687712431E-002
   1.3381276745349169E-002
   1.3383783400058746E-002
   1.3387265149503946E-002
   1.3387908227741718E-002
   1.3391050510108471E-002
   1.3391648419201374E-002
   1.3393102679401636E-002
   1.3393124099820852E-002
   1.3396464753895998E-002
   1.3398003298789263E-002
   1.3400039169937372E-002
   1.3404797296971083E-002
   1.3405143283307552E-002
   1.3407460413873196E-002
   1.3408408034592867E-002
   1.3412911444902420E-002
   1.3416346162557602E-002
   1.3416970148682594E-002
   1.3422255404293537E-002
   1.3423688709735870E-002
   1.3424455188214779E-002
   1.3426478020846844E-002
   1.3428880833089352E-002
   1.3429615646600723E-002
   1.3433384243398905E-002
   1.3433600775897503E-002
   1.3435652013868093E-002
   1.3437071815133095E-002
   1.3438583351671696E-002
   1.3441501185297966E-002
   1.3445506803691387E-002
   1.3448821380734444E-002
   1.3449801597744226E-002
   1.3449987862259150E-002
   1.3451606500893831E-002
   1.3454146217554808E-002
   1.3455061241984367E-002
   1.3455630745738745E-002
   1.3457306195050478E-002
   1.3459401205182076E-002
   1.3459887355566025E-002
   1.3460821006447077E-002
   1.3463605195283890E-002
   1.3464651070535183E-002
   1.3467658776789904E-002
   1.3468246906995773E-002
   1.3469898607581854E-002
   1.3470463920384645E-002
   1.3471487909555435E-002
   1.3471680693328381E-002
   1.3474489562213421E-002
   1.3476630672812462E-002
   1.3477084226906300E-002
   1.3481036759912968E-002
   1.3481357600539923E-002
   1.3481789734214544E-002
   1.3482428155839443E-002
   1.3482755981385708E-002
   1.3483652845025063E-002
   1.3486365322023630E-002
   1.3486412353813648E-002
   1.3486743438988924E-002
   1.3486938085407019E-002
   1.3486939482390881E-002
   1.3487262651324272E-002
   1.3487679883837700E-002
   1.3490560930222273E-002
   1.3497271575033665E-002
   1.3498395215719938E-002
   1.3499538414180279E-002
   1.3500125613063574E-002
   1.3502669986337423E-002
   1.3504941016435623E-002
   1.3505910523235798E-002
   1.3510607648640871E-002
   1.3512930367141962E-002
   1.3514150865375996E-002
   1.3514542486518621E-002
   1.3515879865735769E-002
   1.3516228646039963E-002
   1.3520070817321539E-002
   1.3520222157239914E-002
   1.3523938599973917E-002
   1.3530677184462547E-002
   1.3536595273762941E-002
   1.3538500294089317E-002
   1.3538751285523176E-002
   1.3542013242840767E-002
   1.3542667031288147E-002
   1.3542773202061653E-002
   1.3546244241297245E-002
   1.3547092676162720E-002
   1.3547162991017103E-002
   1.3548116199672222E-002
   1.3550190255045891E-002
   1.3551176525652409E-002
   1.3553321361541748E-002
   1.3559517916291952E-002
   1.3560905586928129E-002
   1.3564702589064837E-002
   1.3564947061240673E-002
   1.3564966619014740E-002
   1.3571731746196747E-002
   1.3572186231613159E-002
   1.3572684954851866E-002
   1.3573078904300928E-002
   1.3573612552136183E-002
   1.3574040029197931E-002
   1.3574584852904081E-002
   1.3576134108006954E-002
   1.3577573001384735E-002
   1.3579295948147774E-002
   1.3585339765995741E-002
   1.3588189147412777E-002
   1.3589647598564625E-002
   1.3592698611319065E-002
   1.3593843672424555E-002
   1.3595506548881531E-002
   1.3598924968391657E-002
   1.3599941041320562E-002
   1.3602127321064472E-002
   1.3603370636701584E-002
   1.3604098465293646E-002
   1.3604261912405491E-002
   1.3604442588984966E-002
   1.3606679160147905E-002
   1.3608891051262617E-002
   1.3609048910439014E-002
   1.3609483372420073E-002
   1.3615021482110023E-002
   1.3615167699754238E-002
   1.3619543518871069E-002
   1.3622263912111521E-002
   1.3626547995954752E-002
   1.3629654888063669E-002
   1.3631172012537718E-002
   1.3631397858262062E-002
   1.3632578775286674E-002
   1.3634588569402695E-002
   1.3636352960020304E-002
   1.3637702446430922E-002
   1.3637892436236143E-002
   1.3638014439493418E-002
   1.3638155069202185E-002
   1.3644733931869268E-002
   1.3649569358676672E-002
   1.3649773783981800E-002
   1.3652832712978125E-002
   1.3655552174896002E-002
   1.3657256029546261E-002
   1.3659317046403885E-002
   1.3659899588674307E-002
   1.3660614378750324E-002
   1.3661538716405630E-002
   1.3662277720868587E-002
   1.3672011438757181E-002
   1.3678700663149357E-002
   1.3680427800863981E-002
   1.3682561460882425E-002
   1.3683241792023182E-002
   1.3689298648387194E-002
   1.3692210894078016E-002
   1.3692867942154408E-002
   1.3693971093744040E-002
   1.3694851659238338E-002
   1.3698132243007421E-002
   1.3698616996407509E-002
   1.3700287789106369E-002
   1.3700845651328564E-002
   1.3701627030968666E-002
   1.3702043332159519E-002
   1.3706265017390251E-002
   1.3706281315535307E-002
   1.3707115780562162E-002
   1.3710167258977890E-002
   1.3713872991502285E-002
   1.3715432956814766E-002
   1.3715959154069424E-002
   1.3716726563870907E-002
   1.3717252295464277E-002
   1.3717618770897388E-002
   1.3718127738684416E-002
   1.3718777801841497E-002
   1.3722183648496866E-002
   1.3722410425543785E-002
   1.3724031392484903E-002
   1.3725249562412500E-002
   1.3733715284615755E-002
   1.3734112959355116E-002
   1.3738901820033789E-002
   1.3740526977926493E-002
   1.3748644385486841E-002
   1.3749407604336739E-002
   1.3751620426774025E-002
   1.3764898758381605E-002
   1.3768005184829235E-002
   1.3769601471722126E-002
   1.3770394958555698E-002
   1.3775348663330078E-002
   1.3777027837932110E-002
   1.3778071384876966E-002
   1.3778511434793472E-002
   1.3778660446405411E-002
   1.3778725173324347E-002
   1.3781166635453701E-002
   1.3788073323667049E-002
   1.3788885902613401E-002
   1.3790140859782696E-002
   1.3791109900921583E-002
   1.3791384175419807E-002
   1.3791962992399931E-002
   1.3794544152915478E-002
   1.3802960049360991E-002
   1.3805564958602190E-002
   1.3810020405799150E-002
   1.3813964556902647E-002
   1.3819499872624874E-002
   1.3822866603732109E-002
   1.3824058230966330E-002
   1.3826790265738964E-002
   1.3828651979565620E-002
   1.3837406877428293E-002
   1.3839633669704199E-002
   1.3841766398400068E-002
   1.3841903302818537E-002
   1.3847318477928638E-002
   1.3850173447281122E-002
   1.3852053321897984E-002
   1.3852702919393778E-002
   1.3856663368642330E-002
   1.3858190737664700E-002
   1.3862533960491419E-002
   1.3864181004464626E-002
   1.3866408262401819E-002
   1.3869084417819977E-002
   1.3874729163944721E-002
   1.3875277247279882E-002
   1.3877324759960175E-002
   1.3878063298761845E-002
   1.3878933154046535E-002
   1.3880771584808826E-002
   1.3882763218134642E-002
   1.3883037026971579E-002
   1.3883834239095449E-002
   1.3884062878787518E-002
   1.3885939959436655E-002
   1.3888793997466564E-002
   1.3893101364374161E-002
   1.3893982861191034E-002
   1.3895135838538408E-002
   1.3896777760237455E-002
   1.3897479046136141E-002
   1.3900939375162125E-002
   1.3902626000344753E-002
   1.3903153594583273E-002
   1.3905856292694807E-002
   1.3905957341194153E-002
   1.3906867709010839E-002
   1.3909577392041683E-002
   1.3910528738051653E-002
   1.3912347145378590E-002
   1.3915829826146364E-002
   1.3924216851592064E-002
   1.3924966100603342E-002
   1.3928469270467758E-002
   1.3930370099842548E-002
   1.3930740766227245E-002
   1.3933321926742792E-002
   1.3934971299022436E-002
   1.3938037212938070E-002
   1.3939240947365761E-002
   1.3940233271569014E-002
   1.3941160868853331E-002
   1.3943245168775320E-002
   1.3944011647254229E-002
   1.3946873601526022E-002
   1.3953084126114845E-002
   1.3954048510640860E-002
   1.3954424764961004E-002
   1.3954562135040760E-002
   1.3959006406366825E-002
   1.3962800148874521E-002
   1.3964619021862745E-002
   1.3965590856969357E-002
   1.3969758525490761E-002
   1.3971786014735699E-002
   1.3975483365356922E-002
   1.3979453593492508E-002
   1.3989317230880260E-002
   1.3991286978125572E-002
   1.3993190135806799E-002
   1.3994068372994661E-002
   1.3996336609125137E-002
   1.3997054193168879E-002
   1.3997653499245644E-002
   1.3998841866850853E-002
   1.4001807197928429E-002
   1.4002626296132803E-002
   1.4003291260451078E-002
   1.4005735050886869E-002
   1.4008815865963697E-002
   1.4010622631758451E-002
   1.4010941144078970E-002
   1.4012635685503483E-002
   1.4022354036569595E-002
   1.4023009687662125E-002
   1.4023533090949059E-002
   1.4023832045495510E-002
   1.4024001546204090E-002
   1.4024366624653339E-002
   1.4026484452188015E-002
   1.4028811361640692E-002
   1.4028849080204964E-002
   1.4029369223862886E-002
   1.4030568301677704E-002
   1.4032012317329645E-002
   1.4036530163139105E-002
   1.4039025641977787E-002
   1.4042447321116924E-002
   1.4042971655726433E-002
   1.4045979361981153E-002
   1.4048186130821705E-002
   1.4050064608454704E-002
   1.4053134247660637E-002
   1.4056805055588484E-002
   1.4057582709938288E-002
   1.4063216745853424E-002
   1.4064611401408911E-002
   1.4065658673644066E-002
   1.4066781383007765E-002
   1.4068249613046646E-002
   1.4072774909436703E-002
   1.4073704369366169E-002
   1.4074639417231083E-002
   1.4076259918510914E-002
   1.4077723957598209E-002
   1.4078675769269466E-002
   1.4080286026000977E-002
   1.4083452988415956E-002
   1.4084866736084223E-002
   1.4085099101066589E-002
   1.4088418334722519E-002
   1.4088477939367294E-002
   1.4090542681515217E-002
   1.4091433491557837E-002
   1.4100063592195511E-002
   1.4101487118750811E-002
   1.4101710170507431E-002
   1.4103092718869448E-002
   1.4103504363447428E-002
   1.4105050824582577E-002
   1.4106265734881163E-002
   1.4107774011790752E-002
   1.4109591022133827E-002
   1.4109951909631491E-002
   1.4111544471234083E-002
   1.4112158212810755E-002
   1.4114959165453911E-002
   1.4116142876446247E-002
   1.4117971993982792E-002
   1.4121894259005785E-002
   1.4123417437076569E-002
   1.4125540852546692E-002
   1.4126247726380825E-002
   1.4126556925475597E-002
   1.4127738308161497E-002
   1.4130681753158569E-002
   1.4130726922303438E-002
   1.4130766969174147E-002
   1.4135614037513733E-002
   1.4137514866888523E-002
   1.4137755613774061E-002
   1.4143051113933325E-002
   1.4151378534734249E-002
   1.4155340846627951E-002
   1.4156869146972895E-002
   1.4156907331198454E-002
   1.4158799778670073E-002
   1.4158820733428001E-002
   1.4164330437779427E-002
   1.4164740219712257E-002
   1.4167062472552061E-002
   1.4170133974403143E-002
   1.4170892070978880E-002
   1.4176388271152973E-002
   1.4176814816892147E-002
   1.4177931938320398E-002
   1.4181096106767654E-002
   1.4181915670633316E-002
   1.4183149207383394E-002
   1.4183297287672758E-002
   1.4183432329446077E-002
   1.4185311272740364E-002
   1.4185351319611073E-002
   1.4186513610184193E-002
   1.4187813270837069E-002
   1.4187986962497234E-002
   1.4188169036060572E-002
   1.4189790934324265E-002
   1.4193919021636248E-002
   1.4194338582456112E-002
   1.4195174910128117E-002
   1.4197205659002066E-002
   1.4198279473930597E-002
   1.4204083941876888E-002
   1.4205014798790216E-002
   1.4206764288246632E-002
   1.4207171276211739E-002
   1.4208460692316294E-002
   1.4209261164069176E-002
   1.4210137538611889E-002
   1.4210321474820375E-002
   1.4210844878107309E-002
   1.4210915192961693E-002
   1.4217266812920570E-002
   1.4218992553651333E-002
   1.4218999072909355E-002
   1.4219574630260468E-002
   1.4220235869288445E-002
   1.4221002347767353E-002
   1.4222420286387205E-002
   1.4224241953343153E-002
   1.4224676415324211E-002
   1.4225658494979143E-002
   1.4226053841412067E-002
   1.4226083643734455E-002
   1.4226257801055908E-002
   1.4228735584765673E-002
   1.4229282271116972E-002
   1.4233744703233242E-002
   1.4239526819437742E-002
   1.4241703785955906E-002
   1.4241906348615885E-002
   1.4243416953831911E-002
   1.4245504513382912E-002
   1.4246252831071615E-002
   1.4253553003072739E-002
   1.4254167210310698E-002
   1.4258268289268017E-002
   1.4259254559874535E-002
   1.4259441755712032E-002
   1.4259886462241411E-002
   1.4262702781707048E-002
   1.4263627119362354E-002
   1.4265683013945818E-002
   1.4266993384808302E-002
   1.4272524975240231E-002
   1.4272650703787804E-002
   1.4272725209593773E-002
   1.4274667948484421E-002
   1.4274909626692533E-002
   1.4275955036282539E-002
   1.4277688693255186E-002
   1.4278645627200603E-002
   1.4283212833106518E-002
   1.4285138342529535E-002
   1.4287919271737337E-002
   1.4288698788732290E-002
   1.4289391227066517E-002
   1.4289544895291328E-002
   1.4291118830442429E-002
   1.4293778687715530E-002
   1.4293870422989130E-002
   1.4294350054115057E-002
   1.4294620137661695E-002
   1.4294981490820646E-002
   1.4296079054474831E-002
   1.4297591987997293E-002
   1.4298095367848873E-002
   1.4301503542810678E-002
   1.4303748961538076E-002
   1.4304723590612411E-002
   1.4306095894426107E-002
   1.4308118261396885E-002
   1.4311665203422308E-002
   1.4314238913357258E-002
   1.4315857551991940E-002
   1.4319377020001411E-002
   1.4320060145109892E-002
   1.4321163762360811E-002
   1.4322870410978794E-002
   1.4325211290270090E-002
   1.4326166827231646E-002
   1.4329085592180490E-002
   1.4329780824482441E-002
   1.4331243000924587E-002
   1.4337385073304176E-002
   1.4340158086270094E-002
   1.4340831432491541E-002
   1.4341275673359632E-002
   1.4341673813760281E-002
   1.4344604220241308E-002
   1.4348249416798353E-002
   1.4348776545375586E-002
   1.4355452265590429E-002
   1.4357391279190779E-002
   1.4357766136527061E-002
   1.4358062762767076E-002
   1.4361159410327673E-002
   1.4362551737576723E-002
   1.4367493800818920E-002
   1.4370307791978121E-002
   1.4373051002621651E-002
   1.4374333433806896E-002
   1.4374636113643646E-002
   1.4375365339219570E-002
   1.4375432860106230E-002
   1.4376031234860420E-002
   1.4384204987436533E-002
   1.4384879730641842E-002
   1.4385252259671688E-002
   1.4385477639734745E-002
   1.4385949354618788E-002
   1.4388557989150286E-002
   1.4389016665518284E-002
   1.4390974771231413E-002
   1.4391454868018627E-002
   1.4393563847988844E-002
   1.4394924975931644E-002
   1.4395760372281075E-002
   1.4395982958376408E-002
   1.4398452360183001E-002
   1.4404613524675369E-002
   1.4405798166990280E-002
   1.4412012416869402E-002
   1.4412080403417349E-002
   1.4415615238249302E-002
   1.4416110236197710E-002
   1.4417979400604963E-002
   1.4421752188354731E-002
   1.4423080720007420E-002
   1.4426875859498978E-002
   1.4427130110561848E-002
   1.4428750611841679E-002
   1.4431866351515055E-002
   1.4436983503401279E-002
   1.4439353253692389E-002
   1.4440302737057209E-002
   1.4443928375840187E-002
   1.4444341417402029E-002
   1.4444423839449883E-002
   1.4445204287767410E-002
   1.4446474146097898E-002
   1.4448376838117838E-002
   1.4448692090809345E-002
   1.4449254609644413E-002
   1.4450094196945429E-002
   1.4454133808612823E-002
   1.4459065627306700E-002
   1.4460212085396051E-002
   1.4461634214967489E-002
   1.4464111067354679E-002
   1.4464213047176600E-002
   1.4470033813267946E-002
   1.4471192844212055E-002
   1.4471542555838823E-002
   1.4472669921815395E-002
   1.4472852461040020E-002
   1.4478600118309259E-002
   1.4481397811323404E-002
   1.4485135674476624E-002
   1.4485241379588842E-002
   1.4485293999314308E-002
   1.4496823307126760E-002
   1.4497066382318735E-002
   1.4500416349619627E-002
   1.4502642210572958E-002
   1.4503062702715397E-002
   1.4503295533359051E-002
   1.4506275299936533E-002
   1.4506889972835779E-002
   1.4509686734527349E-002
   1.4510581735521555E-002
   1.4510773122310638E-002
   1.4511028304696083E-002
   1.4511820394545794E-002
   1.4511941000819206E-002
   1.4519887045025826E-002
   1.4520369004458189E-002
   1.4529333915561438E-002
   1.4530100394040346E-002
   1.4538052026182413E-002
   1.4540719799697399E-002
   1.4540811069309711E-002
   1.4541968703269958E-002
   1.4542460907250643E-002
   1.4543988741934299E-002
   1.4544937759637833E-002
   1.4546015765517950E-002
   1.4549250714480877E-002
   1.4549734070897102E-002
   1.4551335014402866E-002
   1.4554886613041162E-002
   1.4555634930729866E-002
   1.4567172620445490E-002
   1.4570046681910753E-002
   1.4575049281120300E-002
   1.4575480949133635E-002
   1.4576562214642763E-002
   1.4578733127564192E-002
   1.4582189731299877E-002
   1.4582521747797728E-002
   1.4583034440875053E-002
   1.4583229552954435E-002
   1.4584200456738472E-002
   1.4587202109396458E-002
   1.4588187914341688E-002
   1.4588567428290844E-002
   1.4589057303965092E-002
   1.4594071079045534E-002
   1.4594114851206541E-002
   1.4603044837713242E-002
   1.4604736585170031E-002
   1.4607909601181746E-002
   1.4608778990805149E-002
   1.4608965255320072E-002
   1.4610571321099997E-002
   1.4612310100346804E-002
   1.4612590894103050E-002
   1.4613921288400888E-002
   1.4615410007536411E-002
   1.4616389293223619E-002
   1.4617789536714554E-002
   1.4620499219745398E-002
   1.4622681308537722E-002
   1.4622720424085855E-002
   1.4623253606259823E-002
   1.4623760711401701E-002
   1.4624260831624269E-002
   1.4625878073275089E-002
   1.4628207311034203E-002
   1.4630335383117199E-002
   1.4633714221417904E-002
   1.4636537991464138E-002
   1.4637953601777554E-002
   1.4638766646385193E-002
   1.4638843946158886E-002
   1.4639026485383511E-002
   1.4641875866800547E-002
   1.4642223250120878E-002
   1.4645522926002741E-002
   1.4651219360530376E-002
   1.4651724603027105E-002
   1.4653580728918314E-002
   1.4653915073722601E-002
   1.4654817990958691E-002
   1.4660248532891273E-002
   1.4665323775261641E-002
   1.4666697941720486E-002
   1.4666935428977013E-002
   1.4673710335046053E-002
   1.4675493352115154E-002
   1.4676125720143318E-002
   1.4680072665214539E-002
   1.4682477340102196E-002
   1.4683968853205442E-002
   1.4684936497360468E-002
   1.4684939756989479E-002
   1.4685002621263266E-002
   1.4685640111565590E-002
   1.4686704147607088E-002
   1.4691774267703295E-002
   1.4692086260765791E-002
   1.4692202676087618E-002
   1.4692666009068489E-002
   1.4693222939968109E-002
   1.4693566597998142E-002
   1.4694470446556807E-002
   1.4696005266159773E-002
   1.4698921702802181E-002
   1.4699324034154415E-002
   1.4700369443744421E-002
   1.4702842570841312E-002
   1.4704188797622919E-002
   1.4704545959830284E-002
   1.4706471003592014E-002
   1.4715036842972040E-002
   1.4715217053890228E-002
   1.4715705998241901E-002
   1.4716929756104946E-002
   1.4719223137944937E-002
   1.4721255283802748E-002
   1.4725113753229380E-002
   1.4726958237588406E-002
   1.4730852097272873E-002
   1.4734794385731220E-002
   1.4735444448888302E-002
   1.4736162032932043E-002
   1.4740060083568096E-002
   1.4741493854671717E-002
   1.4744940679520369E-002
   1.4753596857190132E-002
   1.4755376148968935E-002
   1.4756277203559875E-002
   1.4759677927941084E-002
   1.4764167368412018E-002
   1.4772089198231697E-002
   1.4772840309888124E-002
   1.4774260576814413E-002
   1.4779654797166586E-002
   1.4780219644308090E-002
   1.4780619647353888E-002
   1.4782912097871304E-002
   1.4783003367483616E-002
   1.4784864149987698E-002
   1.4786110259592533E-002
   1.4787595253437757E-002
   1.4789771754294634E-002
   1.4795339200645685E-002
   1.4796318020671606E-002
   1.4796344097703695E-002
   1.4796828385442495E-002
   1.4797589741647243E-002
   1.4801876153796911E-002
   1.4803178608417511E-002
   1.4803248923271894E-002
   1.4804245904088020E-002
   1.4806331600993872E-002
   1.4807222876697779E-002
   1.4809239655733109E-002
   1.4809553045779467E-002
   1.4811114408075809E-002
   1.4812361914664507E-002
   1.4812866691499949E-002
   1.4813606161624193E-002
   1.4819248579442501E-002
   1.4820829965174198E-002
   1.4822179451584816E-002
   1.4823635574430227E-002
   1.4824092853814363E-002
   1.4824321027845144E-002
   1.4829520601779222E-002
   1.4832530636340380E-002
   1.4833929017186165E-002
   1.4835255686193705E-002
   1.4836425893008709E-002
   1.4836870133876801E-002
   1.4838814735412598E-002
   1.4839904382824898E-002
   1.4839948620647192E-002
   1.4841335825622082E-002
   1.4841500669717789E-002
   1.4844371471554041E-002
   1.4846230391412973E-002
   1.4847127720713615E-002
   1.4847601763904095E-002
   1.4848486986011267E-002
   1.4849483501166105E-002
   1.4850951731204987E-002
   1.4854202046990395E-002
   1.4856358058750629E-002
   1.4857008587568998E-002
   1.4858311973512173E-002
   1.4858554583042860E-002
   1.4860253315418959E-002
   1.4861014205962420E-002
   1.4861482661217451E-002
   1.4865618664771318E-002
   1.4871221967041492E-002
   1.4873314648866653E-002
   1.4875439926981926E-002
   1.4877031091600657E-002
   1.4877188019454479E-002
   1.4878097455948591E-002
   1.4883068855851889E-002
   1.4883696567267179E-002
   1.4889023266732693E-002
   1.4889179728925228E-002
   1.4891537837684155E-002
   1.4893637970089912E-002
   1.4893845189362764E-002
   1.4894054736942053E-002
   1.4896825421601534E-002
   1.4900261536240578E-002
   1.4901440590620041E-002
   1.4901721384376287E-002
   1.4903508592396975E-002
   1.4908262994140387E-002
   1.4910642057657242E-002
   1.4913047663867474E-002
   1.4917327091097832E-002
   1.4917562250047922E-002
   1.4917594380676746E-002
   1.4918952714651823E-002
   1.4920904766768217E-002
   1.4922094997018576E-002
   1.4922751579433680E-002
   1.4923027250915766E-002
   1.4923996757715940E-002
   1.4925119001418352E-002
   1.4930815901607275E-002
   1.4931037556380033E-002
   1.4933275058865547E-002
   1.4933453872799873E-002
   1.4935526531189680E-002
   1.4937997329980135E-002
   1.4940146822482347E-002
   1.4941410161554813E-002
   1.4943357091397047E-002
   1.4943752437829971E-002
   1.4947179239243269E-002
   1.4950474724173546E-002
   1.4950557611882687E-002
   1.4952653087675571E-002
   1.4956458471715450E-002
   1.4957759529352188E-002
   1.4960702508687973E-002
   1.4962201938033104E-002
   1.4962505083531141E-002
   1.4963659923523664E-002
   1.4963905792683363E-002
   1.4965005684643984E-002
   1.4977332670241594E-002
   1.4979123603552580E-002
   1.4981254469603300E-002
   1.4982454013079405E-002
   1.4983954373747110E-002
   1.4988047536462545E-002
   1.4989967923611403E-002
   1.4990050345659256E-002
   1.4992029406130314E-002
   1.4993011485785246E-002
   1.4993373304605484E-002
   1.4994048047810793E-002
   1.5001534949988127E-002
   1.5002460218966007E-002
   1.5008099377155304E-002
   1.5008330810815096E-002
   1.5009380411356688E-002
   1.5015168581157923E-002
   1.5015678945928812E-002
   1.5016681049019098E-002
   1.5018550213426352E-002
   1.5027271583676338E-002
   1.5027579851448536E-002
   1.5028118155896664E-002
   1.5029692091047764E-002
   1.5031431801617146E-002
   1.5033403411507607E-002
   1.5033420175313950E-002
   1.5034295152872801E-002
   1.5034948941320181E-002
   1.5038418583571911E-002
   1.5039258170872927E-002
   1.5043618157505989E-002
   1.5047695953398943E-002
   1.5050052199512720E-002
   1.5050055924803019E-002
   1.5050873626023531E-002
   1.5051511116325855E-002
   1.5055246651172638E-002
   1.5057530254125595E-002
   1.5060809440910816E-002
   1.5061791054904461E-002
   1.5066641848534346E-002
   1.5068891458213329E-002
   1.5071323607116938E-002
   1.5074081253260374E-002
   1.5077748335897923E-002
   1.5079576987773180E-002
   1.5079697594046593E-002
   1.5081121120601892E-002
   1.5081556048244238E-002
   1.5084076672792435E-002
   1.5085152350366116E-002
   1.5088880900293589E-002
   1.5089746098965406E-002
   1.5092743560671806E-002
   1.5094431117177010E-002
   1.5095343347638845E-002
   1.5095647890120745E-002
   1.5097036026418209E-002
   1.5100545715540648E-002
   1.5109331812709570E-002
   1.5112306922674179E-002
   1.5121567528694868E-002
   1.5122432261705399E-002
   1.5125478617846966E-002
   1.5125713776797056E-002
   1.5127158258110285E-002
   1.5127309132367373E-002
   1.5127688646316528E-002
   1.5127858612686396E-002
   1.5131414402276278E-002
   1.5132221393287182E-002
   1.5132509171962738E-002
   1.5132792759686708E-002
   1.5134765766561031E-002
   1.5141160227358341E-002
   1.5143117867410183E-002
   1.5143541153520346E-002
   1.5148064121603966E-002
   1.5148825477808714E-002
   1.5151782426983118E-002
   1.5152109321206808E-002
   1.5153999440371990E-002
   1.5159428119659424E-002
   1.5159861184656620E-002
   1.5159976668655872E-002
   1.5162228606641293E-002
   1.5164097305387259E-002
   1.5174197033047676E-002
   1.5177653636783361E-002
   1.5179010573774576E-002
   1.5179180540144444E-002
   1.5180387534201145E-002
   1.5185541007667780E-002
   1.5188145916908979E-002
   1.5190471429377794E-002
   1.5190688427537680E-002
   1.5192490071058273E-002
   1.5195284970104694E-002
   1.5196754131466150E-002
   1.5197836793959141E-002
   1.5198460780084133E-002
   1.5199555084109306E-002
   1.5200417488813400E-002
   1.5203603543341160E-002
   1.5204498078674078E-002
   1.5204777009785175E-002
   1.5209148172289133E-002
   1.5214612241834402E-002
   1.5216359868645668E-002
   1.5217756386846304E-002
   1.5218712855130434E-002
   1.5219889115542173E-002
   1.5219944994896650E-002
   1.5220592264086008E-002
   1.5221156179904938E-002
   1.5223318710923195E-002
   1.5224232804030180E-002
   1.5226855408400297E-002
   1.5232107136398554E-002
   1.5236527658998966E-002
   1.5238760039210320E-002
   1.5239220578223467E-002
   1.5239382162690163E-002
   1.5239608474075794E-002
   1.5242816880345345E-002
   1.5244135167449713E-002
   1.5244622714817524E-002
   1.5244933776557446E-002
   1.5246550086885691E-002
   1.5247976407408714E-002
   1.5251433476805687E-002
   1.5252615325152874E-002
   1.5253025107085705E-002
   1.5254136640578508E-002
   1.5257977880537510E-002
   1.5259861480444670E-002
   1.5261090360581875E-002
   1.5268355607986450E-002
   1.5268461778759956E-002
   1.5269185416400433E-002
   1.5276274178177118E-002
   1.5280133113265038E-002
   1.5284123830497265E-002
   1.5285019297152758E-002
   1.5286526642739773E-002
   1.5288635157048702E-002
   1.5291045885533094E-002
   1.5291288029402494E-002
   1.5291686635464430E-002
   1.5291693620383739E-002
   1.5292741823941469E-002
   1.5296504367142916E-002
   1.5302429441362619E-002
   1.5305236913263798E-002
   1.5305766370147467E-002
   1.5306802466511726E-002
   1.5306982677429914E-002
   1.5309145674109459E-002
   1.5309509355574846E-002
   1.5310365706682205E-002
   1.5311277471482754E-002
   1.5311743132770061E-002
   1.5315065626055002E-002
   1.5316945500671864E-002
   1.5317287761718035E-002
   1.5318195801228285E-002
   1.5318209771066904E-002
   1.5320415142923594E-002
   1.5324784442782402E-002
   1.5327052678912878E-002
   1.5327329747378826E-002
   1.5329793095588684E-002
   1.5332182869315147E-002
   1.5333744697272778E-002
   1.5336987096816301E-002
   1.5338987112045288E-002
   1.5340392943471670E-002
   1.5343919396400452E-002
   1.5345297288149595E-002
   1.5348821412771940E-002
   1.5349034685641527E-002
   1.5349298715591431E-002
   1.5354488044977188E-002
   1.5361952129751444E-002
   1.5364666935056448E-002
   1.5369835309684277E-002
   1.5372240450233221E-002
   1.5372868627309799E-002
   1.5373688191175461E-002
   1.5373827889561653E-002
   1.5374274924397469E-002
   1.5381756238639355E-002
   1.5383161138743162E-002
   1.5385419130325317E-002
   1.5386047307401896E-002
   1.5387014485895634E-002
   1.5387501567602158E-002
   1.5388099942356348E-002
   1.5389777719974518E-002
   1.5394045971333981E-002
   1.5396938659250736E-002
   1.5398644376546144E-002
   1.5402883756905794E-002
   1.5403524506837130E-002
   1.5403781086206436E-002
   1.5404895879328251E-002
   1.5405915677547455E-002
   1.5406650956720114E-002
   1.5406993683427572E-002
   1.5412954147905111E-002
   1.5412997920066118E-002
   1.5415283385664225E-002
   1.5415916685014963E-002
   1.5415941830724478E-002
   1.5421044547110796E-002
   1.5426758211106062E-002
   1.5429824125021696E-002
   1.5435761772096157E-002
   1.5436515212059021E-002
   1.5437670983374119E-002
   1.5439066104590893E-002
   1.5440989285707474E-002
   1.5442222356796265E-002
   1.5443670097738504E-002
   1.5448261983692646E-002
   1.5448477119207382E-002
   1.5450948849320412E-002
   1.5451470855623484E-002
   1.5453093685209751E-002
   1.5453958418220282E-002
   1.5456787776201963E-002
   1.5460723545402288E-002
   1.5461743343621492E-002
   1.5461831819266081E-002
   1.5467263292521238E-002
   1.5469867270439863E-002
   1.5472318977117538E-002
   1.5472778119146824E-002
   1.5477266628295183E-002
   1.5481498092412949E-002
   1.5482115093618631E-002
   1.5486314892768860E-002
   1.5489388257265091E-002
   1.5490537043660879E-002
   1.5491046942770481E-002
   1.5497026033699512E-002
   1.5497496817260981E-002
   1.5497500542551279E-002
   1.5498878899961710E-002
   1.5504297800362110E-002
   1.5505054965615273E-002
   1.5505417250096798E-002
   1.5505487564951181E-002
   1.5505536459386349E-002
   1.5505754854530096E-002
   1.5507766976952553E-002
   1.5508111566305161E-002
   1.5509928110986948E-002
   1.5510256402194500E-002
   1.5510875266045332E-002
   1.5511276200413704E-002
   1.5512680169194937E-002
   1.5519808977842331E-002
   1.5520292334258556E-002
   1.5523691195994616E-002
   1.5525943133980036E-002
   1.5527969691902399E-002
   1.5528244432061911E-002
   1.5529438387602568E-002
   1.5531737823039293E-002
   1.5533214900642633E-002
   1.5533590689301491E-002
   1.5534906648099422E-002
   1.5536760911345482E-002
   1.5536895953118801E-002
   1.5547539573162794E-002
   1.5550119336694479E-002
   1.5553714241832495E-002
   1.5553753823041916E-002
   1.5561105217784643E-002
   1.5565003734081984E-002
   1.5565054956823587E-002
   1.5567096415907145E-002
   1.5575565863400698E-002
   1.5577449928969145E-002
   1.5580979175865650E-002
   1.5587306115776300E-002
   1.5590234659612179E-002
   1.5592879150062799E-002
   1.5594137832522392E-002
   1.5598932281136513E-002
   1.5600871294736862E-002
   1.5604948624968529E-002
   1.5605520457029343E-002
   1.5606999862939119E-002
   1.5615088865160942E-002
   1.5618964564055204E-002
   1.5621734783053398E-002
   1.5623989980667830E-002
   1.5625803265720606E-002
   1.5626449603587389E-002
   1.5626557171344757E-002
   1.5626715030521154E-002
   1.5630481764674187E-002
   1.5631314832717180E-002
   1.5637060161679983E-002
   1.5644738450646400E-002
   1.5647944994270802E-002
   1.5648219734430313E-002
   1.5649998094886541E-002
   1.5652107074856758E-002
   1.5654506627470255E-002
   1.5657682437449694E-002
   1.5663235913962126E-002
   1.5663241036236286E-002
   1.5668031293898821E-002
   1.5669201035052538E-002
   1.5670021530240774E-002
   1.5670663677155972E-002
   1.5671190805733204E-002
   1.5671266242861748E-002
   1.5672949608415365E-002
   1.5679134521633387E-002
   1.5679410658776760E-002
   1.5685092192143202E-002
   1.5685499180108309E-002
   1.5686291269958019E-002
   1.5692338347434998E-002
   1.5698343981057405E-002
   1.5703148208558559E-002
   1.5703623648732901E-002
   1.5706127043813467E-002
   1.5707992482930422E-002
   1.5708404593169689E-002
   1.5708844177424908E-002
   1.5709052328020334E-002
   1.5713420230895281E-002
   1.5713934786617756E-002
   1.5715244691818953E-002
   1.5715457964688540E-002
   1.5715757384896278E-002
   1.5718345530331135E-002
   1.5719217713922262E-002
   1.5719520393759012E-002
   1.5722077805548906E-002
   1.5725593548268080E-002
   1.5726552810519934E-002
   1.5730813145637512E-002
   1.5730908606201410E-002
   1.5731006395071745E-002
   1.5734093263745308E-002
   1.5734192915260792E-002
   1.5734630636870861E-002
   1.5736744273453951E-002
   1.5737085137516260E-002
   1.5743821393698454E-002
   1.5746204182505608E-002
   1.5747406054288149E-002
   1.5749716199934483E-002
   1.5754073858261108E-002
   1.5757578425109386E-002
   1.5761254355311394E-002
   1.5763226430863142E-002
   1.5766287688165903E-002
   1.5766743570566177E-002
   1.5775466803461313E-002
   1.5775726176798344E-002
   1.5776793472468853E-002
   1.5781573485583067E-002
   1.5782940201461315E-002
   1.5783146023750305E-002
   1.5784940216690302E-002
   1.5785577706992626E-002
   1.5786126255989075E-002
   1.5790172852575779E-002
   1.5795443672686815E-002
   1.5797553118318319E-002
   1.5797585248947144E-002
   1.5800601802766323E-002
   1.5801359433680773E-002
   1.5803144779056311E-002
   1.5803826972842216E-002
   1.5804268419742584E-002
   1.5811190474778414E-002
   1.5815162099897861E-002
   1.5815552324056625E-002
   1.5820841304957867E-002
   1.5824008267372847E-002
   1.5824587084352970E-002
   1.5825169160962105E-002
   1.5826061833649874E-002
   1.5828266274183989E-002
   1.5828932169824839E-002
   1.5828983392566442E-002
   1.5829540323466063E-002
   1.5830944757908583E-002
   1.5834100078791380E-002
   1.5834101010113955E-002
   1.5834701713174582E-002
   1.5835730824619532E-002
   1.5835848171263933E-002
   1.5836024191230536E-002
   1.5838933642953634E-002
   1.5840256121009588E-002
   1.5845118556171656E-002
   1.5845912974327803E-002
   1.5847065951675177E-002
   1.5848292037844658E-002
   1.5850212890654802E-002
   1.5850707888603210E-002
   1.5856414567679167E-002
   1.5856483485549688E-002
   1.5863156877458096E-002
   1.5865661669522524E-002
   1.5868516173213720E-002
   1.5869491733610630E-002
   1.5872200950980186E-002
   1.5874462667852640E-002
   1.5876396559178829E-002
   1.5877023339271545E-002
   1.5877531375735998E-002
   1.5878437552601099E-002
   1.5881846658885479E-002
   1.5883186366409063E-002
   1.5883198473602533E-002
   1.5885834116488695E-002
   1.5889008063822985E-002
   1.5889207832515240E-002
   1.5889484435319901E-002
   1.5889502596110106E-002
   1.5891650691628456E-002
   1.5893050003796816E-002
   1.5897565986961126E-002
   1.5899950172752142E-002
   1.5900163911283016E-002
   1.5903724357485771E-002
   1.5905825886875391E-002
   1.5910774003714323E-002
   1.5911342110484838E-002
   1.5912075061351061E-002
   1.5918576158583164E-002
   1.5920254401862621E-002
   1.5924603678286076E-002
   1.5925142914056778E-002
   1.5930160414427519E-002
   1.5934490598738194E-002
   1.5937335323542356E-002
   1.5937432181090117E-002
   1.5940337441861629E-002
   1.5941989142447710E-002
   1.5944372396916151E-002
   1.5944940969347954E-002
   1.5946375671774149E-002
   1.5949799679219723E-002
   1.5951466746628284E-002
   1.5955592505633831E-002
   1.5956815797835588E-002
   1.5957797411829233E-002
   1.5961909666657448E-002
   1.5962810721248388E-002
   1.5966258943080902E-002
   1.5968042425811291E-002
   1.5968636143952608E-002
   1.5969376545399427E-002
   1.5970988664776087E-002
   1.5971355605870485E-002
   1.5974154695868492E-002
   1.5975934918969870E-002
   1.5982597600668669E-002
   1.5986815094947815E-002
   1.5987184364348650E-002
   1.5990818385034800E-002
   1.5992266125977039E-002
   1.5992747619748116E-002
   1.5993197914212942E-002
   1.5994159039109945E-002
   1.5994291286915541E-002
   1.5996549744158983E-002
   1.5999322291463614E-002
   1.6000587493181229E-002
   1.6003128141164780E-002
   1.6004141885787249E-002
   1.6004926990717649E-002
   1.6005241777747869E-002
   1.6005849000066519E-002
   1.6006572172045708E-002
   1.6010803636163473E-002
   1.6017261892557144E-002
   1.6019070986658335E-002
   1.6020105220377445E-002
   1.6026865225285292E-002
   1.6028458252549171E-002
   1.6028611920773983E-002
   1.6029790509492159E-002
   1.6029928345233202E-002
   1.6029988415539265E-002
   1.6030353959649801E-002
   1.6033989377319813E-002
   1.6034761909395456E-002
   1.6034795902669430E-002
   1.6034913249313831E-002
   1.6035679262131453E-002
   1.6038538422435522E-002
   1.6044978983700275E-002
   1.6045022290199995E-002
   1.6046580392867327E-002
   1.6048674937337637E-002
   1.6048769932240248E-002
   1.6049223951995373E-002
   1.6053306404501200E-002
   1.6053784638643265E-002
   1.6055039595812559E-002
   1.6061167232692242E-002
   1.6063366550952196E-002
   1.6064026858657598E-002
   1.6064793802797794E-002
   1.6066485550254583E-002
   1.6071806661784649E-002
   1.6073994804173708E-002
   1.6074319370090961E-002
   1.6075561288744211E-002
   1.6076239291578531E-002
   1.6078800428658724E-002
   1.6079649329185486E-002
   1.6080850269645452E-002
   1.6082617919892073E-002
   1.6086017712950706E-002
   1.6086500138044357E-002
   1.6092747449874878E-002
   1.6095031052827835E-002
   1.6101668588817120E-002
   1.6101722605526447E-002
   1.6101964749395847E-002
   1.6102683264762163E-002
   1.6102928668260574E-002
   1.6104315407574177E-002
   1.6105240210890770E-002
   1.6106130555272102E-002
   1.6106577124446630E-002
   1.6107062809169292E-002
   1.6108059789985418E-002
   1.6110611148178577E-002
   1.6110685653984547E-002
   1.6111359931528568E-002
   1.6114277765154839E-002
   1.6114985104650259E-002
   1.6117085702717304E-002
   1.6119560226798058E-002
   1.6124065034091473E-002
   1.6126176808029413E-002
   1.6126847360283136E-002
   1.6127552837133408E-002
   1.6127565409988165E-002
   1.6127721872180700E-002
   1.6128750517964363E-002
   1.6129769384860992E-002
   1.6129971016198397E-002
   1.6132697928696871E-002
   1.6132717952132225E-002
   1.6133717726916075E-002
   1.6133992001414299E-002
   1.6134403180330992E-002
   1.6139749437570572E-002
   1.6140219755470753E-002
   1.6146659385412931E-002
   1.6146797686815262E-002
   1.6147194895893335E-002
   1.6150195617228746E-002
   1.6154827550053596E-002
   1.6155023593455553E-002
   1.6156218945980072E-002
   1.6156675759702921E-002
   1.6156948171555996E-002
   1.6157861799001694E-002
   1.6161152627319098E-002
   1.6162605024874210E-002
   1.6163480002433062E-002
   1.6164083033800125E-002
   1.6171381343156099E-002
   1.6172722913324833E-002
   1.6175619326531887E-002
   1.6177086159586906E-002
   1.6177612822502851E-002
   1.6178930643945932E-002
   1.6184620559215546E-002
   1.6185314394533634E-002
   1.6188286710530519E-002
   1.6188557259738445E-002
   1.6193869989365339E-002
   1.6194532159715891E-002
   1.6197436023503542E-002
   1.6197612974792719E-002
   1.6204464249312878E-002
   1.6207444015890360E-002
   1.6208748798817396E-002
   1.6209846828132868E-002
   1.6210788395255804E-002
   1.6214356292039156E-002
   1.6217863652855158E-002
   1.6218219883739948E-002
   1.6218957956880331E-002
   1.6220871824771166E-002
   1.6223922837525606E-002
   1.6227321233600378E-002
   1.6227385494858027E-002
   1.6231797169893980E-002
   1.6231878194957972E-002
   1.6232871916145086E-002
   1.6235151328146458E-002
   1.6238569281995296E-002
   1.6240173019468784E-002
   1.6240208409726620E-002
   1.6240398865193129E-002
   1.6243624035269022E-002
   1.6247712541371584E-002
   1.6249247826635838E-002
   1.6249795909970999E-002
   1.6252094414085150E-002
   1.6252371016889811E-002
   1.6254377085715532E-002
   1.6255471855401993E-002
   1.6257934272289276E-002
   1.6258866060525179E-002
   1.6259932890534401E-002
   1.6264924313873053E-002
   1.6265727579593658E-002
   1.6266524791717529E-002
   1.6266605351120234E-002
   1.6267910599708557E-002
   1.6268994193524122E-002
   1.6270429361611605E-002
   1.6271091997623444E-002
   1.6271781641989946E-002
   1.6277073416858912E-002
   1.6279486939311028E-002
   1.6281730029731989E-002
   1.6282027587294579E-002
   1.6288999933749437E-002
   1.6289109829813242E-002
   1.6290652565658092E-002
   1.6293182503432035E-002
   1.6294895671308041E-002
   1.6296566929668188E-002
   1.6296773217618465E-002
   1.6299189999699593E-002
   1.6299240291118622E-002
   1.6305934172123671E-002
   1.6308054793626070E-002
   1.6312181018292904E-002
   1.6312942840158939E-002
   1.6319345217198133E-002
   1.6319694463163614E-002
   1.6321176197379827E-002
   1.6321714967489243E-002
   1.6322813928127289E-002
   1.6324448864907026E-002
   1.6325049102306366E-002
   1.6325160395354033E-002
   1.6325315460562706E-002
   1.6327366698533297E-002
   1.6331628430634737E-002
   1.6332173720002174E-002
   1.6332919709384441E-002
   1.6334682237356901E-002
   1.6334791202098131E-002
   1.6335142310708761E-002
   1.6342676244676113E-002
   1.6344348900020123E-002
   1.6346329357475042E-002
   1.6351613216102123E-002
   1.6353863291442394E-002
   1.6355140134692192E-002
   1.6355453990399837E-002
   1.6358659137040377E-002
   1.6358944121748209E-002
   1.6358958557248116E-002
   1.6363507602363825E-002
   1.6364363487809896E-002
   1.6364877577871084E-002
   1.6366839874535799E-002
   1.6368267592042685E-002
   1.6371125821024179E-002
   1.6374019440263510E-002
   1.6374182887375355E-002
   1.6374975908547640E-002
   1.6381294000893831E-002
   1.6382600180804729E-002
   1.6383109148591757E-002
   1.6386080998927355E-002
   1.6386384610086679E-002
   1.6386433504521847E-002
   1.6386730130761862E-002
   1.6387381125241518E-002
   1.6387468203902245E-002
   1.6388002317398787E-002
   1.6390010248869658E-002
   1.6390614211559296E-002
   1.6390962991863489E-002
   1.6391396522521973E-002
   1.6395557671785355E-002
   1.6395804937928915E-002
   1.6397268511354923E-002
   1.6399238258600235E-002
   1.6401027329266071E-002
   1.6401879955083132E-002
   1.6404125373810530E-002
   1.6404338181018829E-002
   1.6407838091254234E-002
   1.6407922841608524E-002
   1.6410252545028925E-002
   1.6412820201367140E-002
   1.6414172947406769E-002
   1.6414376441389322E-002
   1.6414811369031668E-002
   1.6415778081864119E-002
   1.6416707541793585E-002
   1.6417515464127064E-002
   1.6418913844972849E-002
   1.6422014683485031E-002
   1.6423865687102079E-002
   1.6424716915935278E-002
   1.6424880828708410E-002
   1.6425225418061018E-002
   1.6426581423729658E-002
   1.6427428461611271E-002
   1.6427956987172365E-002
   1.6430765856057405E-002
   1.6433731187134981E-002
   1.6438907012343407E-002
   1.6439306084066629E-002
   1.6439587343484163E-002
   1.6440551728010178E-002
   1.6446386929601431E-002
   1.6446965280920267E-002
   1.6449164599180222E-002
   1.6451511066406965E-002
   1.6454149503260851E-002
   1.6456672921776772E-002
   1.6457120422273874E-002
   1.6459571197628975E-002
   1.6460351180285215E-002
   1.6461063176393509E-002
   1.6461424995213747E-002
   1.6462804749608040E-002
   1.6465061809867620E-002
   1.6476124525070190E-002
   1.6479760408401489E-002
   1.6480959951877594E-002
   1.6482676845043898E-002
   1.6483083367347717E-002
   1.6483424697071314E-002
   1.6483952291309834E-002
   1.6485161613672972E-002
   1.6491127200424671E-002
   1.6491254791617393E-002
   1.6491516027599573E-002
   1.6495003830641508E-002
   1.6498986165970564E-002
   1.6506180167198181E-002
   1.6506618354469538E-002
   1.6507485881447792E-002
   1.6509348992258310E-002
   1.6510464251041412E-002
   1.6511386726051569E-002
   1.6513419803231955E-002
   1.6514276154339314E-002
   1.6514794435352087E-002
   1.6515932977199554E-002
   1.6517075244337320E-002
   1.6523764934390783E-002
   1.6524155158549547E-002
   1.6524340491741896E-002
   1.6524565406143665E-002
   1.6525692772120237E-002
   1.6532265115529299E-002
   1.6535885632038116E-002
   1.6536022070795298E-002
   1.6537176445126534E-002
   1.6537325922399759E-002
   1.6537919640541077E-002
   1.6543156467378139E-002
   1.6544032376259565E-002
   1.6549864318221807E-002
   1.6551210079342127E-002
   1.6556692775338888E-002
   1.6558822244405746E-002
   1.6559106763452291E-002
   1.6560900490731001E-002
   1.6562526114284992E-002
   1.6563040204346180E-002
   1.6565227881073952E-002
   1.6567246522754431E-002
   1.6572326421737671E-002
   1.6574670094996691E-002
   1.6575002577155828E-002
   1.6577338799834251E-002
   1.6579197254031897E-002
   1.6583475749939680E-002
   1.6583976335823536E-002
   1.6586013603955507E-002
   1.6593028791248798E-002
   1.6594324726611376E-002
   1.6594608779996634E-002
   1.6599205788224936E-002
   1.6601493582129478E-002
   1.6602033749222755E-002
   1.6604316420853138E-002
   1.6604681033641100E-002
   1.6605377197265625E-002
   1.6606426332145929E-002
   1.6606626100838184E-002
   1.6610235441476107E-002
   1.6611848492175341E-002
   1.6611935105174780E-002
   1.6613864339888096E-002
   1.6620317008346319E-002
   1.6622031107544899E-002
   1.6622532159090042E-002
   1.6626635566353798E-002
   1.6628629527986050E-002
   1.6628842335194349E-002
   1.6631221864372492E-002
   1.6631242819130421E-002
   1.6634201165288687E-002
   1.6635433305054903E-002
   1.6635767649859190E-002
   1.6638443339616060E-002
   1.6639414709061384E-002
   1.6640456859022379E-002
   1.6643078532069921E-002
   1.6643845010548830E-002
   1.6645216383039951E-002
   1.6645855735987425E-002
   1.6647962387651205E-002
   1.6649922821670771E-002
   1.6656704246997833E-002
   1.6657487489283085E-002
   1.6659386921674013E-002
   1.6660359222441912E-002
   1.6665671952068806E-002
   1.6666399314999580E-002
   1.6667205374687910E-002
   1.6667848918586969E-002
   1.6670141369104385E-002
   1.6670266166329384E-002
   1.6670450102537870E-002
   1.6670911107212305E-002
   1.6671864781528711E-002
   1.6673356760293245E-002
   1.6679781954735518E-002
   1.6681137029081583E-002
   1.6681179869920015E-002
   1.6682910267263651E-002
   1.6683720983564854E-002
   1.6685003880411386E-002
   1.6688608098775148E-002
   1.6694344114512205E-002
   1.6694466117769480E-002
   1.6697491053491831E-002
   1.6699669882655144E-002
   1.6700144857168198E-002
   1.6703662462532520E-002
   1.6704784706234932E-002
   1.6705681569874287E-002
   1.6705960500985384E-002
   1.6709146555513144E-002
   1.6715459059923887E-002
   1.6719007864594460E-002
   1.6720345243811607E-002
   1.6720766201615334E-002
   1.6720870044082403E-002
   1.6723502893000841E-002
   1.6724215820431709E-002
   1.6724220942705870E-002
   1.6732262913137674E-002
   1.6732312738895416E-002
   1.6733292024582624E-002
   1.6733873635530472E-002
   1.6737260855734348E-002
   1.6741767525672913E-002
   1.6746884677559137E-002
   1.6749188303947449E-002
   1.6749847680330276E-002
   1.6750675626099110E-002
   1.6753977164626122E-002
   1.6755020711570978E-002
   1.6756718978285789E-002
   1.6757019795477390E-002
   1.6764323227107525E-002
   1.6765776555985212E-002
   1.6766294371336699E-002
   1.6766431741416454E-002
   1.6768528148531914E-002
   1.6768912784755230E-002
   1.6769515350461006E-002
   1.6769704874604940E-002
   1.6770536080002785E-002
   1.6771319787949324E-002
   1.6773301642388105E-002
   1.6775591764599085E-002
   1.6779384575784206E-002
   1.6780434641987085E-002
   1.6783099621534348E-002
   1.6784857958555222E-002
   1.6786167398095131E-002
   1.6790460329502821E-002
   1.6790633089840412E-002
   1.6792828217148781E-002
   1.6793457791209221E-002
   1.6795424744486809E-002
   1.6795581672340631E-002
   1.6796512529253960E-002
   1.6797361895442009E-002
   1.6798185184597969E-002
   1.6799471341073513E-002
   1.6802628990262747E-002
   1.6804578714072704E-002
   1.6805422957986593E-002
   1.6809196677058935E-002
   1.6816105227917433E-002
   1.6819202806800604E-002
   1.6819410957396030E-002
   1.6820854041725397E-002
   1.6822557430714369E-002
   1.6825357452034950E-002
   1.6829365398734808E-002
   1.6830805689096451E-002
   1.6831327229738235E-002
   1.6831602901220322E-002
   1.6834294423460960E-002
   1.6834370326250792E-002
   1.6835397575050592E-002
   1.6836183145642281E-002
   1.6836765687912703E-002
   1.6840771771967411E-002
   1.6841675154864788E-002
   1.6841712873429060E-002
   1.6842662356793880E-002
   1.6843658871948719E-002
   1.6847077757120132E-002
   1.6849932726472616E-002
   1.6857866663485765E-002
   1.6859524417668581E-002
   1.6859758179634809E-002
   1.6864883247762918E-002
   1.6867340542376041E-002
   1.6867755912244320E-002
   1.6870188061147928E-002
   1.6876370646059513E-002
   1.6877115238457918E-002
   1.6879602801054716E-002
   1.6880092211067677E-002
   1.6887032426893711E-002
   1.6893223393708467E-002
   1.6893759369850159E-002
   1.6897886060178280E-002
   1.6898002941161394E-002
   1.6900578048080206E-002
   1.6901862341910601E-002
   1.6907025594264269E-002
   1.6908050980418921E-002
   1.6909734345972538E-002
   1.6910373698920012E-002
   1.6913487575948238E-002
   1.6916820313781500E-002
   1.6918519977480173E-002
   1.6918750479817390E-002
   1.6918852925300598E-002
   1.6921292059123516E-002
   1.6922329086810350E-002
   1.6923541203141212E-002
   1.6925098374485970E-002
   1.6927056480199099E-002
   1.6931954305619001E-002
   1.6942473128437996E-002
   1.6945211216807365E-002
   1.6945794690400362E-002
   1.6950734890997410E-002
   1.6950925812125206E-002
   1.6952527221292257E-002
   1.6954546328634024E-002
   1.6955221537500620E-002
   1.6956951003521681E-002
   1.6958030872046947E-002
   1.6958143562078476E-002
   1.6959032975137234E-002
   1.6961094457656145E-002
   1.6962066292762756E-002
   1.6962873283773661E-002
   1.6963471192866564E-002
   1.6963564325124025E-002
   1.6963605768978596E-002
   1.6963625792413950E-002
   1.6966645140200853E-002
   1.6966791357845068E-002
   1.6972514800727367E-002
   1.6974373720586300E-002
   1.6974419821053743E-002
   1.6975478734821081E-002
   1.6976031009107828E-002
   1.6978002153337002E-002
   1.6981120221316814E-002
   1.6981623135507107E-002
   1.6982214991003275E-002
   1.6984728630632162E-002
   1.6985774505883455E-002
   1.6987662296742201E-002
   1.6988330986350775E-002
   1.6988710500299931E-002
   1.6989342402666807E-002
   1.6990823205560446E-002
   1.6991937998682261E-002
   1.6992046963423491E-002
   1.6993434634059668E-002
   1.6994552221149206E-002
   1.6995806712657213E-002
   1.6997351311147213E-002
   1.6997918486595154E-002
   1.6999692656099796E-002
   1.7001733649522066E-002
   1.7003160901367664E-002
   1.7004069872200489E-002
   1.7012553755193949E-002
   1.7018575686961412E-002
   1.7019855789840221E-002
   1.7023617401719093E-002
   1.7024646978825331E-002
   1.7026017885655165E-002
   1.7029419075697660E-002
   1.7030200920999050E-002
   1.7031135037541389E-002
   1.7033491283655167E-002
   1.7036200035363436E-002
   1.7036342527717352E-002
   1.7037202138453722E-002
   1.7037926241755486E-002
   1.7038019839674234E-002
   1.7040887381881475E-002
   1.7041275743395090E-002
   1.7041633836925030E-002
   1.7047927249222994E-002
   1.7048980575054884E-002
   1.7052229028195143E-002
   1.7054158728569746E-002
   1.7054430209100246E-002
   1.7055922653526068E-002
   1.7058488912880421E-002
   1.7058920115232468E-002
   1.7059985548257828E-002
   1.7064705956727266E-002
   1.7067309934645891E-002
   1.7067965585738420E-002
   1.7068014945834875E-002
   1.7070699483156204E-002
   1.7072969116270542E-002
   1.7073801718652248E-002
   1.7074206843972206E-002
   1.7074801027774811E-002
   1.7076640855520964E-002
   1.7078618984669447E-002
   1.7081231810152531E-002
   1.7082532402127981E-002
   1.7082982696592808E-002
   1.7083156388252974E-002
   1.7083617858588696E-002
   1.7084539867937565E-002
   1.7085777129977942E-002
   1.7086778301745653E-002
   1.7091513611376286E-002
   1.7093118745833635E-002
   1.7095045186579227E-002
   1.7099261749535799E-002
   1.7100297380238771E-002
   1.7103230115026236E-002
   1.7104110214859247E-002
   1.7105991952121258E-002
   1.7106920480728149E-002
   1.7108321189880371E-002
   1.7119118943810463E-002
   1.7119322903454304E-002
   1.7119406256824732E-002
   1.7120226286351681E-002
   1.7122155521064997E-002
   1.7124527599662542E-002
   1.7124857287853956E-002
   1.7125657293945551E-002
   1.7127628438174725E-002
   1.7127648461610079E-002
   1.7130238004028797E-002
   1.7133094836026430E-002
   1.7133959569036961E-002
   1.7140493262559175E-002
   1.7142264172434807E-002
   1.7148460727185011E-002
   1.7148980405181646E-002
   1.7149955034255981E-002
   1.7150917556136847E-002
   1.7151089850813150E-002
   1.7151090316474438E-002
   1.7151739913970232E-002
   1.7152977641671896E-002
   1.7154067754745483E-002
   1.7154439818114042E-002
   1.7159391660243273E-002
   1.7160898074507713E-002
   1.7162191681563854E-002
   1.7166486941277981E-002
   1.7167046200484037E-002
   1.7167116049677134E-002
   1.7174242064356804E-002
   1.7182070296257734E-002
   1.7182145733386278E-002
   1.7184149008244276E-002
   1.7185311764478683E-002
   1.7189012840390205E-002
   1.7194643151015043E-002
   1.7196869477629662E-002
   1.7196898348629475E-002
   1.7197360750287771E-002
   1.7203713767230511E-002
   1.7204597126692533E-002
   1.7204815987497568E-002
   1.7205654643476009E-002
   1.7209315206855536E-002
   1.7210817430168390E-002
   1.7213770188391209E-002
   1.7213828396052122E-002
   1.7214186955243349E-002
   1.7214354127645493E-002
   1.7219446599483490E-002
   1.7219673842191696E-002
   1.7222564201802015E-002
   1.7225336283445358E-002
   1.7231232021003962E-002
   1.7232625279575586E-002
   1.7234544735401869E-002
   1.7240048851817846E-002
   1.7241263762116432E-002
   1.7242002766579390E-002
   1.7242963891476393E-002
   1.7244228627532721E-002
   1.7247203271836042E-002
   1.7248234245926142E-002
   1.7248791176825762E-002
   1.7249546945095062E-002
   1.7250981647521257E-002
   1.7251461278647184E-002
   1.7256074119359255E-002
   1.7256231512874365E-002
   1.7257380764931440E-002
   1.7257849220186472E-002
   1.7263527959585190E-002
   1.7264891881495714E-002
   1.7265768721699715E-002
   1.7266008537262678E-002
   1.7269033938646317E-002
   1.7271521035581827E-002
   1.7274587415158749E-002
   1.7275863327085972E-002
   1.7276237718760967E-002
   1.7277301289141178E-002
   1.7277501057833433E-002
   1.7280591186136007E-002
   1.7281252425163984E-002
   1.7281681299209595E-002
   1.7281746491789818E-002
   1.7284738831222057E-002
   1.7286234535276890E-002
   1.7289048060774803E-002
   1.7292259726673365E-002
   1.7293334938585758E-002
   1.7294256947934628E-002
   1.7294916789978743E-002
   1.7296002712100744E-002
   1.7296162433922291E-002
   1.7296466976404190E-002
   1.7299555707722902E-002
   1.7300224397331476E-002
   1.7301595769822598E-002
   1.7304330598562956E-002
   1.7308869864791632E-002
   1.7311297822743654E-002
   1.7311410512775183E-002
   1.7317870631814003E-002
   1.7318469937890768E-002
   1.7320182640105486E-002
   1.7320562619715929E-002
   1.7321975901722908E-002
   1.7322983592748642E-002
   1.7324940301477909E-002
   1.7325527500361204E-002
   1.7325594089925289E-002
   1.7328489106148481E-002
   1.7329042311757803E-002
   1.7330554313957691E-002
   1.7331261653453112E-002
   1.7332163639366627E-002
   1.7334202770143747E-002
   1.7334506846964359E-002
   1.7337271943688393E-002
   1.7342084553092718E-002
   1.7344546038657427E-002
   1.7344929277896881E-002
   1.7347574234008789E-002
   1.7348168883472681E-002
   1.7350463662296534E-002
   1.7350646667182446E-002
   1.7353230156004429E-002
   1.7353743314743042E-002
   1.7353867180645466E-002
   1.7354318406432867E-002
   1.7355330288410187E-002
   1.7355782911181450E-002
   1.7358570825308561E-002
   1.7361577600240707E-002
   1.7363873776048422E-002
   1.7365308478474617E-002
   1.7366722691804171E-002
   1.7368322703987360E-002
   1.7370939254760742E-002
   1.7370988149195910E-002
   1.7372652888298035E-002
   1.7374278977513313E-002
   1.7374330200254917E-002
   1.7379351891577244E-002
   1.7385190352797508E-002
   1.7385459970682859E-002
   1.7385469283908606E-002
   1.7387170344591141E-002
   1.7387517262250185E-002
   1.7390226013958454E-002
   1.7393004614859819E-002
   1.7393573652952909E-002
   1.7393971327692270E-002
   1.7395837232470512E-002
   1.7395923379808664E-002
   1.7396362498402596E-002
   1.7402584664523602E-002
   1.7402602825313807E-002
   1.7403914127498865E-002
   1.7404304351657629E-002
   1.7404375597834587E-002
   1.7404931131750345E-002
   1.7406639643013477E-002
   1.7406865954399109E-002
   1.7408099025487900E-002
   1.7408691812306643E-002
   1.7408811021596193E-002
   1.7413656227290630E-002
   1.7416919115930796E-002
   1.7417056951671839E-002
   1.7417127266526222E-002
   1.7418839037418365E-002
   1.7420759890228510E-002
   1.7423377372324467E-002
   1.7423728480935097E-002
   1.7424652818590403E-002
   1.7424776218831539E-002
   1.7424891237169504E-002
   1.7425036989152431E-002
   1.7425378784537315E-002
   1.7425991129130125E-002
   1.7426525708287954E-002
   1.7428291495889425E-002
   1.7434572800993919E-002
   1.7437305301427841E-002
   1.7437799833714962E-002
   1.7439301591366529E-002
   1.7439309041947126E-002
   1.7446587327867746E-002
   1.7447397578507662E-002
   1.7448887228965759E-002
   1.7449036240577698E-002
   1.7449181061238050E-002
   1.7452951986342669E-002
   1.7453442327678204E-002
   1.7454120330512524E-002
   1.7455016728490591E-002
   1.7462999559938908E-002
   1.7464052885770798E-002
   1.7464327625930309E-002
   1.7472043167799711E-002
   1.7473862972110510E-002
   1.7481117974966764E-002
   1.7481275834143162E-002
   1.7483074218034744E-002
   1.7483529169112444E-002
   1.7483888659626245E-002
   1.7485956195741892E-002
   1.7486326862126589E-002
   1.7487643286585808E-002
   1.7489126883447170E-002
   1.7489225137978792E-002
   1.7491274978965521E-002
   1.7491608392447233E-002
   1.7491882201284170E-002
   1.7494488973170519E-002
   1.7495372332632542E-002
   1.7497409600764513E-002
   1.7498588655143976E-002
   1.7499786335974932E-002
   1.7502964008599520E-002
   1.7505295574665070E-002
   1.7507784534245729E-002
   1.7508468590676785E-002
   1.7509975004941225E-002
   1.7515163403004408E-002
   1.7515623942017555E-002
   1.7516359221190214E-002
   1.7522444482892752E-002
   1.7523507587611675E-002
   1.7525451723486185E-002
   1.7526795621961355E-002
   1.7529120668768883E-002
   1.7530762590467930E-002
   1.7530947923660278E-002
   1.7531407065689564E-002
   1.7533187288790941E-002
   1.7533770296722651E-002
   1.7535072751343250E-002
   1.7536038067191839E-002
   1.7539958003908396E-002
   1.7543526366353035E-002
   1.7544492147862911E-002
   1.7545613925904036E-002
   1.7545651644468307E-002
   1.7548772506415844E-002
   1.7553730867803097E-002
   1.7554281279444695E-002
   1.7557297833263874E-002
   1.7560122068971395E-002
   1.7561109270900488E-002
   1.7566818743944168E-002
   1.7569847870618105E-002
   1.7574644647538662E-002
   1.7576130107045174E-002
   1.7577238380908966E-002
   1.7578078433871269E-002
   1.7579726874828339E-002
   1.7580220941454172E-002
   1.7580701503902674E-002
   1.7584403976798058E-002
   1.7585578840225935E-002
   1.7585760448127985E-002
   1.7586326692253351E-002
   1.7589166294783354E-002
   1.7592436634004116E-002
   1.7593484371900558E-002
   1.7593498341739178E-002
   1.7594880424439907E-002
   1.7594954464584589E-002
   1.7600225284695625E-002
   1.7600891180336475E-002
   1.7603593878448009E-002
   1.7603788524866104E-002
   1.7604679334908724E-002
   1.7605164088308811E-002
   1.7611058428883553E-002
   1.7613663338124752E-002
   1.7615893855690956E-002
   1.7617987003177404E-002
   1.7619030084460974E-002
   1.7622248269617558E-002
   1.7624435480684042E-002
   1.7624824773520231E-002
   1.7627764027565718E-002
   1.7631866969168186E-002
   1.7634769901633263E-002
   1.7637286335229874E-002
   1.7638252582401037E-002
   1.7639413010329008E-002
   1.7642490565776825E-002
   1.7642984632402658E-002
   1.7643770202994347E-002
   1.7647589091211557E-002
   1.7651857342571020E-002
   1.7658149357885122E-002
   1.7667654901742935E-002
   1.7673196271061897E-002
   1.7674156464636326E-002
   1.7674659844487906E-002
   1.7678192351013422E-002
   1.7682626377791166E-002
   1.7683333717286587E-002
   1.7684930935502052E-002
   1.7685710918158293E-002
   1.7686274368315935E-002
   1.7688310705125332E-002
   1.7689716536551714E-002
   1.7690336797386408E-002
   1.7690481618046761E-002
   1.7690637614578009E-002
   1.7690821085125208E-002
   1.7699017655104399E-002
   1.7699849791824818E-002
   1.7701201140880585E-002
   1.7702199984341860E-002
   1.7704581841826439E-002
   1.7705956473946571E-002
   1.7706092447042465E-002
   1.7707548104226589E-002
   1.7708086408674717E-002
   1.7708172090351582E-002
   1.7710277810692787E-002
   1.7710434272885323E-002
   1.7711062449961901E-002
   1.7714563291519880E-002
   1.7716487869620323E-002
   1.7723784316331148E-002
   1.7724999692291021E-002
   1.7725235782563686E-002
   1.7726229503750801E-002
   1.7730289138853550E-002
   1.7732613719999790E-002
   1.7734427470713854E-002
   1.7735230270773172E-002
   1.7737645190209150E-002
   1.7745411023497581E-002
   1.7747052013874054E-002
   1.7747358419001102E-002
   1.7748346552252769E-002
   1.7750027589499950E-002
   1.7750455066561699E-002
   1.7755936831235886E-002
   1.7760082148015499E-002
   1.7761607188731432E-002
   1.7761711031198502E-002
   1.7762741073966026E-002
   1.7765518743544817E-002
   1.7767342273145914E-002
   1.7771962564438581E-002
   1.7772723454982042E-002
   1.7774121370166540E-002
   1.7774919513612986E-002
   1.7781603615731001E-002
   1.7782095354050398E-002
   1.7782267183065414E-002
   1.7785068601369858E-002
   1.7785086296498775E-002
   1.7785099335014820E-002
   1.7787918914109468E-002
   1.7791144084185362E-002
   1.7792069818824530E-002
   1.7793915234506130E-002
   1.7801919952034950E-002
   1.7803638242185116E-002
   1.7806071788072586E-002
   1.7808195669203997E-002
   1.7810411751270294E-002
   1.7810669727623463E-002
   1.7810792662203312E-002
   1.7824416048824787E-002
   1.7826417461037636E-002
   1.7826558090746403E-002
   1.7827161122113466E-002
   1.7827288713306189E-002
   1.7829593271017075E-002
   1.7829908058047295E-002
   1.7833285499364138E-002
   1.7834508791565895E-002
   1.7834906931966543E-002
   1.7837307415902615E-002
   1.7844115383923054E-002
   1.7844707705080509E-002
   1.7847072333097458E-002
   1.7849568277597427E-002
   1.7850507516413927E-002
   1.7850528471171856E-002
   1.7850810196250677E-002
   1.7852142453193665E-002
   1.7852152697741985E-002
   1.7853786237537861E-002
   1.7853990197181702E-002
   1.7864742316305637E-002
   1.7866418231278658E-002
   1.7867852933704853E-002
   1.7869511153548956E-002
   1.7870676238089800E-002
   1.7871312797069550E-002
   1.7871867865324020E-002
   1.7877093981951475E-002
   1.7879070714116096E-002
   1.7880331259220839E-002
   1.7880662344396114E-002
   1.7890666611492634E-002
   1.7891436815261841E-002
   1.7899472732096910E-002
   1.7901263665407896E-002
   1.7903434112668037E-002
   1.7906139139086008E-002
   1.7908290494233370E-002
   1.7909289803355932E-002
   1.7912283074110746E-002
   1.7918534111231565E-002
   1.7923763487488031E-002
   1.7925075255334377E-002
   1.7926823347806931E-002
   1.7930718138813972E-002
   1.7937505152076483E-002
   1.7941744532436132E-002
   1.7941771075129509E-002
   1.7943459097296000E-002
   1.7944509163498878E-002
   1.7945764586329460E-002
   1.7947991844266653E-002
   1.7948615364730358E-002
   1.7951575107872486E-002
   1.7951905261725187E-002
   1.7956324853003025E-002
   1.7957072705030441E-002
   1.7958443146198988E-002
   1.7961198929697275E-002
   1.7961238045245409E-002
   1.7961807548999786E-002
   1.7963658552616835E-002
   1.7968210857361555E-002
   1.7971563152968884E-002
   1.7971694935113192E-002
   1.7974462825804949E-002
   1.7978407908231020E-002
   1.7981911078095436E-002
   1.7983177676796913E-002
   1.7984489444643259E-002
   1.7986406106501818E-002
   1.7986564431339502E-002
   1.7986670602113008E-002
   1.7988202627748251E-002
   1.7989145126193762E-002
   1.7990911379456520E-002
   1.7996113747358322E-002
   1.7996166832745075E-002
   1.7996844369918108E-002
   1.7999427393078804E-002
   1.8000320065766573E-002
   1.8001628108322620E-002
   1.8002375029027462E-002
   1.8005423247814178E-002
   1.8005702644586563E-002
   1.8005995079874992E-002
   1.8007827922701836E-002
   1.8011733889579773E-002
   1.8012352753430605E-002
   1.8012915737926960E-002
   1.8013426102697849E-002
   1.8016866408288479E-002
   1.8019750248640776E-002
   1.8022508826106787E-002
   1.8023740965873003E-002
   1.8023886717855930E-002
   1.8024919088929892E-002
   1.8025921657681465E-002
   1.8026717472821474E-002
   1.8027193844318390E-002
   1.8028121441602707E-002
   1.8029275815933943E-002
   1.8029512837529182E-002
   1.8035291694104671E-002
   1.8035304266959429E-002
   1.8037653062492609E-002
   1.8038000445812941E-002
   1.8038027454167604E-002
   1.8038348760455847E-002
   1.8042702227830887E-002
   1.8044085707515478E-002
   1.8045601900666952E-002
   1.8046402372419834E-002
   1.8047968391329050E-002
   1.8048173747956753E-002
   1.8054590094834566E-002
   1.8056125845760107E-002
   1.8056554254144430E-002
   1.8058773130178452E-002
   1.8062660004943609E-002
   1.8062799237668514E-002
   1.8063145689666271E-002
   1.8063785508275032E-002
   1.8064100295305252E-002
   1.8064162228256464E-002
   1.8065755721181631E-002
   1.8073252867907286E-002
   1.8078619148582220E-002
   1.8081322778016329E-002
   1.8082158640027046E-002
   1.8100218381732702E-002
   1.8102171365171671E-002
   1.8102207221090794E-002
   1.8103153444826603E-002
   1.8103171139955521E-002
   1.8104732967913151E-002
   1.8107696902006865E-002
   1.8108190037310123E-002
   1.8110987730324268E-002
   1.8111447803676128E-002
   1.8111491575837135E-002
   1.8115913029760122E-002
   1.8116036430001259E-002
   1.8119405489414930E-002
   1.8125052098184824E-002
   1.8127229530364275E-002
   1.8134731799364090E-002
   1.8136220052838326E-002
   1.8137051723897457E-002
   1.8140201922506094E-002
   1.8143226858228445E-002
   1.8144254572689533E-002
   1.8146181479096413E-002
   1.8147447612136602E-002
   1.8151854630559683E-002
   1.8157285172492266E-002
   1.8159620463848114E-002
   1.8166324123740196E-002
   1.8166808411478996E-002
   1.8166819587349892E-002
   1.8168180249631405E-002
   1.8170292489230633E-002
   1.8170927185565233E-002
   1.8172185868024826E-002
   1.8172927666455507E-002
   1.8173040822148323E-002
   1.8173144198954105E-002
   1.8174073658883572E-002
   1.8175587523728609E-002
   1.8177173100411892E-002
   1.8177710473537445E-002
   1.8179394304752350E-002
   1.8182333558797836E-002
   1.8184221349656582E-002
   1.8190773669630289E-002
   1.8191069364547729E-002
   1.8193368334323168E-002
   1.8194139469414949E-002
   1.8197057303041220E-002
   1.8197057768702507E-002
   1.8198387697339058E-002
   1.8201825208961964E-002
   1.8202081788331270E-002
   1.8207236193120480E-002
   1.8207737244665623E-002
   1.8210584297776222E-002
   1.8210665322840214E-002
   1.8217717297375202E-002
   1.8221727572381496E-002
   1.8228594213724136E-002
   1.8229462206363678E-002
   1.8229499924927950E-002
   1.8229528330266476E-002
   1.8231315072625875E-002
   1.8231811467558146E-002
   1.8231823574751616E-002
   1.8234343267977238E-002
   1.8236612901091576E-002
   1.8237557262182236E-002
   1.8242305610328913E-002
   1.8245061859488487E-002
   1.8245812039822340E-002
   1.8248809501528740E-002
   1.8249142449349165E-002
   1.8249838147312403E-002
   1.8256654497236013E-002
   1.8257873598486185E-002
   1.8260341137647629E-002
   1.8261955585330725E-002
   1.8262090161442757E-002
   1.8263797741383314E-002
   1.8265877850353718E-002
   1.8265925347805023E-002
   1.8269792664796114E-002
   1.8270584754645824E-002
   1.8278468400239944E-002
   1.8279407639056444E-002
   1.8282450269907713E-002
   1.8285817932337523E-002
   1.8290891312062740E-002
   1.8294405192136765E-002
   1.8298150971531868E-002
   1.8299050629138947E-002
   1.8300628289580345E-002
   1.8304369878023863E-002
   1.8305642995983362E-002
   1.8306582700461149E-002
   1.8311573658138514E-002
   1.8314573448151350E-002
   1.8314806744456291E-002
   1.8315435387194157E-002
   1.8316367175430059E-002
   1.8318853806704283E-002
   1.8324683886021376E-002
   1.8324919044971466E-002
   1.8326063640415668E-002
   1.8327935598790646E-002
   1.8328111153095961E-002
   1.8334117252379656E-002
   1.8336596433073282E-002
   1.8338234629482031E-002
   1.8340115435421467E-002
   1.8341316375881433E-002
   1.8342940602451563E-002
   1.8344252370297909E-002
   1.8345707561820745E-002
   1.8345876131206751E-002
   1.8347166478633881E-002
   1.8349037040024996E-002
   1.8352660350501537E-002
   1.8352848012000322E-002
   1.8353520892560482E-002
   1.8353666178882122E-002
   1.8354634754359722E-002
   1.8357373308390379E-002
   1.8357534892857075E-002
   1.8359178677201271E-002
   1.8362119793891907E-002
   1.8362869042903185E-002
   1.8365903291851282E-002
   1.8385839648544788E-002
   1.8386625684797764E-002
   1.8395136576145887E-002
   1.8399192485958338E-002
   1.8399433698505163E-002
   1.8402980174869299E-002
   1.8405547365546227E-002
   1.8410422839224339E-002
   1.8410794902592897E-002
   1.8411439377814531E-002
   1.8415247090160847E-002
   1.8417585641145706E-002
   1.8417864106595516E-002
   1.8418080173432827E-002
   1.8423297908157110E-002
   1.8424225971102715E-002
   1.8424258101731539E-002
   1.8425090238451958E-002
   1.8426826223731041E-002
   1.8429826013743877E-002
   1.8430425319820642E-002
   1.8431594129651785E-002
   1.8432300072163343E-002
   1.8437023740261793E-002
   1.8438570667058229E-002
   1.8440236337482929E-002
   1.8444145563989878E-002
   1.8444838467985392E-002
   1.8446193542331457E-002
   1.8450012896209955E-002
   1.8454564735293388E-002
   1.8455397803336382E-002
   1.8455668818205595E-002
   1.8456607125699520E-002
   1.8458381295204163E-002
   1.8460303544998169E-002
   1.8461477477103472E-002
   1.8461596220731735E-002
   1.8465225119143724E-002
   1.8466460518538952E-002
   1.8467447720468044E-002
   1.8472273834049702E-002
   1.8474209122359753E-002
   1.8476947210729122E-002
   1.8477004021406174E-002
   1.8477544654160738E-002
   1.8481066916137934E-002
   1.8482479732483625E-002
   1.8484015949070454E-002
   1.8486391752958298E-002
   1.8489714711904526E-002
   1.8490355927497149E-002
   1.8492592964321375E-002
   1.8494299147278070E-002
   1.8495700787752867E-002
   1.8500056583434343E-002
   1.8503942061215639E-002
   1.8504444975405931E-002
   1.8506180495023727E-002
   1.8507433589547873E-002
   1.8508825451135635E-002
   1.8509105779230595E-002
   1.8510913010686636E-002
   1.8511638045310974E-002
   1.8512326758354902E-002
   1.8513546790927649E-002
   1.8515188246965408E-002
   1.8518227152526379E-002
   1.8521503545343876E-002
   1.8524000886827707E-002
   1.8525281921029091E-002
   1.8529113847762346E-002
   1.8537511117756367E-002
   1.8538790754973888E-002
   1.8543206620961428E-002
   1.8546781037002802E-002
   1.8546859268099070E-002
   1.8547101411968470E-002
   1.8548632040619850E-002
   1.8548832740634680E-002
   1.8551246728748083E-002
   1.8552455119788647E-002
   1.8557167146354914E-002
   1.8557293806225061E-002
   1.8559714779257774E-002
   1.8566629849374294E-002
   1.8567318096756935E-002
   1.8569124396890402E-002
   1.8569222185760736E-002
   1.8575819209218025E-002
   1.8576505128294230E-002
   1.8576684873551130E-002
   1.8577900715172291E-002
   1.8578918185085058E-002
   1.8579758238047361E-002
   1.8580271396785975E-002
   1.8581386189907789E-002
   1.8584658857434988E-002
   1.8587391823530197E-002
   1.8592436797916889E-002
   1.8595290370285511E-002
   1.8599276896566153E-002
   1.8605841323733330E-002
   1.8606287427246571E-002
   1.8606304656714201E-002
   1.8607821315526962E-002
   1.8609798047691584E-002
   1.8610001076012850E-002
   1.8611361272633076E-002
   1.8613589461892843E-002
   1.8617567140609026E-002
   1.8623178359121084E-002
   1.8624417483806610E-002
   1.8630763515830040E-002
   1.8630900420248508E-002
   1.8636460881680250E-002
   1.8636901862919331E-002
   1.8637260422110558E-002
   1.8638723995536566E-002
   1.8640502821654081E-002
   1.8641554284840822E-002
   1.8641978967934847E-002
   1.8642213661223650E-002
   1.8642797134816647E-002
   1.8648602068424225E-002
   1.8649009056389332E-002
   1.8651736900210381E-002
   1.8654104322195053E-002
   1.8655785359442234E-002
   1.8656596075743437E-002
   1.8660726957023144E-002
   1.8661438953131437E-002
   1.8662369810044765E-002
   1.8662872724235058E-002
   1.8663789145648479E-002
   1.8664313480257988E-002
   1.8666902557015419E-002
   1.8667457625269890E-002
   1.8668632954359055E-002
   1.8668892793357372E-002
   1.8672789447009563E-002
   1.8677083309739828E-002
   1.8677727784961462E-002
   1.8677944317460060E-002
   1.8680677749216557E-002
   1.8682166468352079E-002
   1.8692415673285723E-002
   1.8693794496357441E-002
   1.8698525615036488E-002
   1.8704339861869812E-002
   1.8704907037317753E-002
   1.8708862829953432E-002
   1.8711830489337444E-002
   1.8712966237217188E-002
   1.8717477563768625E-002
   1.8719561863690615E-002
   1.8722965382039547E-002
   1.8723889719694853E-002
   1.8724832218140364E-002
   1.8725986592471600E-002
   1.8726818729192019E-002
   1.8729142844676971E-002
   1.8731058575212955E-002
   1.8732245545834303E-002
   1.8732897005975246E-002
   1.8732984550297260E-002
   1.8741646781563759E-002
   1.8742644693702459E-002
   1.8749085254967213E-002
   1.8749180715531111E-002
   1.8752147909253836E-002
   1.8753793090581894E-002
   1.8755223602056503E-002
   1.8756309524178505E-002
   1.8759114667773247E-002
   1.8762596417218447E-002
   1.8766104709357023E-002
   1.8767174333333969E-002
   1.8767922185361385E-002
   1.8769028596580029E-002
   1.8769856076687574E-002
   1.8772243522107601E-002
   1.8775770440697670E-002
   1.8778483849018812E-002
   1.8779860809445381E-002
   1.8784401006996632E-002
   1.8792647868394852E-002
   1.8793650437146425E-002
   1.8796450924128294E-002
   1.8797582481056452E-002
   1.8798795528709888E-002
   1.8799108453094959E-002
   1.8802052829414606E-002
   1.8804808612912893E-002
   1.8805201631039381E-002
   1.8806512467563152E-002
   1.8810136709362268E-002
   1.8813655711710453E-002
   1.8819265533238649E-002
   1.8819309771060944E-002
   1.8825378734618425E-002
   1.8827968742698431E-002
   1.8829308915883303E-002
   1.8831683788448572E-002
   1.8833230715245008E-002
   1.8835442140698433E-002
   1.8835873808711767E-002
   1.8838416785001755E-002
   1.8838641233742237E-002
   1.8840257544070482E-002
   1.8842311576008797E-002
   1.8844380974769592E-002
   1.8845487385988235E-002
   1.8847445491701365E-002
   1.8847872037440538E-002
   1.8850631080567837E-002
   1.8850801046937704E-002
   1.8854256253689528E-002
   1.8861381802707911E-002
   1.8864205107092857E-002
   1.8864455632865429E-002
   1.8865641672164202E-002
   1.8866507336497307E-002
   1.8866810947656631E-002
   1.8867261707782745E-002
   1.8867637496441603E-002
   1.8873185850679874E-002
   1.8874421250075102E-002
   1.8875114619731903E-002
   1.8877903465181589E-002
   1.8878666684031487E-002
   1.8879164941608906E-002
   1.8883640412241220E-002
   1.8884412012994289E-002
   1.8884934950619936E-002
   1.8885207362473011E-002
   1.8885370343923569E-002
   1.8886870238929987E-002
   1.8889672122895718E-002
   1.8889968283474445E-002
   1.8890950828790665E-002
   1.8892953637987375E-002
   1.8893335945904255E-002
   1.8896827474236488E-002
   1.8898811191320419E-002
   1.8900732975453138E-002
   1.8901454284787178E-002
   1.8902373034507036E-002
   1.8904050346463919E-002
   1.8904236145317554E-002
   1.8904844764620066E-002
   1.8904966302216053E-002
   1.8908801954239607E-002
   1.8909074831753969E-002
   1.8915270920842886E-002
   1.8918563611805439E-002
   1.8922799266874790E-002
   1.8928431440144777E-002
   1.8929317593574524E-002
   1.8931168131530285E-002
   1.8931333441287279E-002
   1.8935749772936106E-002
   1.8936113920062780E-002
   1.8945183139294386E-002
   1.8945291638374329E-002
   1.8949923105537891E-002
   1.8950299825519323E-002
   1.8955752719193697E-002
   1.8956183455884457E-002
   1.8959105946123600E-002
   1.8960215151309967E-002
   1.8961027264595032E-002
   1.8970579374581575E-002
   1.8971235025674105E-002
   1.8974596634507179E-002
   1.8975459504872561E-002
   1.8977154046297073E-002
   1.8977792467921972E-002
   1.8982759211212397E-002
   1.8985226750373840E-002
   1.8986854702234268E-002
   1.8988149706274271E-002
   1.9002733752131462E-002
   1.9003610126674175E-002
   1.9008797593414783E-002
   1.9010603427886963E-002
   1.9010851159691811E-002
   1.9013216253370047E-002
   1.9013733137398958E-002
   1.9017063081264496E-002
   1.9018989056348801E-002
   1.9019533414393663E-002
   1.9019551575183868E-002
   1.9027481321245432E-002
   1.9027491100132465E-002
   1.9028488080948591E-002
   1.9029084593057632E-002
   1.9029303919523954E-002
   1.9029831513762474E-002
   1.9030813127756119E-002
   1.9035314675420523E-002
   1.9035631790757179E-002
   1.9037108868360519E-002
   1.9037286285310984E-002
   1.9038778264075518E-002
   1.9038925878703594E-002
   1.9039626698940992E-002
   1.9039746373891830E-002
   1.9040563609451056E-002
   1.9040982238948345E-002
   1.9041414372622967E-002
   1.9042116589844227E-002
   1.9042156636714935E-002
   1.9047720357775688E-002
   1.9054551608860493E-002
   1.9054556265473366E-002
   1.9056457560509443E-002
   1.9058724399656057E-002
   1.9058740232139826E-002
   1.9059004727751017E-002
   1.9060077611356974E-002
   1.9060770981013775E-002
   1.9066309090703726E-002
   1.9067541696131229E-002
   1.9068871159106493E-002
   1.9074834883213043E-002
   1.9079403486102819E-002
   1.9080061931163073E-002
   1.9080132711678743E-002
   1.9080693833529949E-002
   1.9080728758126497E-002
   1.9081342034041882E-002
   1.9081446807831526E-002
   1.9084712024778128E-002
   1.9085153006017208E-002
   1.9085371401160955E-002
   1.9088366534560919E-002
   1.9090066198259592E-002
   1.9095345865935087E-002
   1.9097097218036652E-002
   1.9098515156656504E-002
   1.9099072087556124E-002
   1.9099888857454062E-002
   1.9103825092315674E-002
   1.9104336854070425E-002
   1.9104638136923313E-002
   1.9105001352727413E-002
   1.9107290077954531E-002
   1.9108898937702179E-002
   1.9109629094600677E-002
   1.9110689405351877E-002
   1.9112958572804928E-002
   1.9117576535791159E-002
   1.9118269439786673E-002
   1.9125478807836771E-002
   1.9130014348775148E-002
   1.9133129157125950E-002
   1.9135359209030867E-002
   1.9139682874083519E-002
   1.9141719676554203E-002
   1.9147773273289204E-002
   1.9151839427649975E-002
   1.9154393114149570E-002
   1.9159866031259298E-002
   1.9160306546837091E-002
   1.9161466974765062E-002
   1.9165516830980778E-002
   1.9167639315128326E-002
   1.9167840015143156E-002
   1.9174339715391397E-002
   1.9176448229700327E-002
   1.9180686678737402E-002
   1.9181753508746624E-002
   1.9184377975761890E-002
   1.9186695571988821E-002
   1.9193507730960846E-002
   1.9193894229829311E-002
   1.9194118212908506E-002
   1.9195941276848316E-002
   1.9197296351194382E-002
   1.9199206959456205E-002
   1.9205343909561634E-002
   1.9205656833946705E-002
   1.9206420052796602E-002
   1.9208542536944151E-002
   1.9209693185985088E-002
   1.9210762809962034E-002
   1.9211599603295326E-002
   1.9215132109820843E-002
   1.9216600805521011E-002
   1.9217346329241991E-002
   1.9217439927160740E-002
   1.9217783585190773E-002
   1.9218906294554472E-002
   1.9220003858208656E-002
   1.9220101647078991E-002
   1.9220264162868261E-002
   1.9221085123717785E-002
   1.9221421331167221E-002
   1.9223484210669994E-002
   1.9223749171942472E-002
   1.9223931711167097E-002
   1.9227585755288601E-002
   1.9228500779718161E-002
   1.9228843506425619E-002
   1.9230712670832872E-002
   1.9232758786529303E-002
   1.9232972059398890E-002
   1.9239166285842657E-002
   1.9240168388932943E-002
   1.9240680150687695E-002
   1.9244703929871321E-002
   1.9245350267738104E-002
   1.9255145452916622E-002
   1.9259574357420206E-002
   1.9263510592281818E-002
   1.9268014468252659E-002
   1.9268143922090530E-002
   1.9268875475972891E-002
   1.9272693898528814E-002
   1.9275797531008720E-002
   1.9276433624327183E-002
   1.9277735613286495E-002
   1.9280993379652500E-002
   1.9281178712844849E-002
   1.9282858353108168E-002
   1.9283575471490622E-002
   1.9283847417682409E-002
   1.9285355228930712E-002
   1.9285759422928095E-002
   1.9287504721432924E-002
   1.9288646057248116E-002
   1.9289667252451181E-002
   1.9294113852083683E-002
   1.9294633064419031E-002
   1.9295809324830770E-002
   1.9300718326121569E-002
   1.9302037544548512E-002
   1.9304679706692696E-002
   1.9308801740407944E-002
   1.9309375435113907E-002
   1.9309428054839373E-002
   1.9309678580611944E-002
   1.9310083240270615E-002
   1.9311596639454365E-002
   1.9313440658152103E-002
   1.9313518889248371E-002
   1.9314591307193041E-002
   1.9315064884722233E-002
   1.9320293795317411E-002
   1.9322135485708714E-002
   1.9322327338159084E-002
   1.9322556909173727E-002
   1.9324409775435925E-002
   1.9328707363456488E-002
   1.9333335105329752E-002
   1.9334713928401470E-002
   1.9334773067384958E-002
   1.9336557015776634E-002
   1.9337889738380909E-002
   1.9339920952916145E-002
   1.9340851344168186E-002
   1.9342761486768723E-002
   1.9342781975865364E-002
   1.9347275141626596E-002
   1.9348480273038149E-002
   1.9348674919456244E-002
   1.9354208372533321E-002
   1.9356121309101582E-002
   1.9358066841959953E-002
   1.9359579309821129E-002
   1.9360051490366459E-002
   1.9364112056791782E-002
   1.9364231266081333E-002
   1.9365209154784679E-002
   1.9367425236850977E-002
   1.9371105823665857E-002
   1.9373753573745489E-002
   1.9376042764633894E-002
   1.9380520563572645E-002
   1.9381691701710224E-002
   1.9381948281079531E-002
   1.9384082406759262E-002
   1.9384338054805994E-002
   1.9385101273655891E-002
   1.9387420732527971E-002
   1.9388599321246147E-002
   1.9391363020986319E-002
   1.9396667368710041E-002
   1.9399714656174183E-002
   1.9403817597776651E-002
   1.9404649734497070E-002
   1.9404686987400055E-002
   1.9405273720622063E-002
   1.9406990148127079E-002
   1.9412837922573090E-002
   1.9414418842643499E-002
   1.9414698705077171E-002
   1.9415153190493584E-002
   1.9415676593780518E-002
   1.9420227967202663E-002
   1.9422263838350773E-002
   1.9422922283411026E-002
   1.9423282705247402E-002
   1.9425027072429657E-002
   1.9426061306148767E-002
   1.9441310781985521E-002
   1.9442028366029263E-002
   1.9444558303803205E-002
   1.9446314312517643E-002
   1.9446467980742455E-002
   1.9450584892183542E-002
   1.9451653119176626E-002
   1.9451784901320934E-002
   1.9453188404440880E-002
   1.9459073897451162E-002
   1.9460744224488735E-002
   1.9464103505015373E-002
   1.9465242512524128E-002
   1.9465495832264423E-002
   1.9466764293611050E-002
   1.9469466991722584E-002
   1.9471976906061172E-002
   1.9473347812891006E-002
   1.9483042880892754E-002
   1.9483063835650682E-002
   1.9487341400235891E-002
   1.9492390565574169E-002
   1.9493131898343563E-002
   1.9496406894177198E-002
   1.9498002715408802E-002
   1.9498213659971952E-002
   1.9499517045915127E-002
   1.9500222988426685E-002
   1.9503405783325434E-002
   1.9506137352436781E-002
   1.9508761353790760E-002
   1.9509493373334408E-002
   1.9509749021381140E-002
   1.9510510843247175E-002
   1.9510821439325809E-002
   1.9512398168444633E-002
   1.9513411447405815E-002
   1.9514380954205990E-002
   1.9515875261276960E-002
   1.9516123924404383E-002
   1.9516164436936378E-002
   1.9517673179507256E-002
   1.9517925567924976E-002
   1.9519867375493050E-002
   1.9526655320078135E-002
   1.9527162425220013E-002
   1.9527439028024673E-002
   1.9527837634086609E-002
   1.9529013894498348E-002
   1.9529018085449934E-002
   1.9529420882463455E-002
   1.9530084915459156E-002
   1.9530990626662970E-002
   1.9532539416104555E-002
   1.9535128958523273E-002
   1.9537824671715498E-002
   1.9539494067430496E-002
   1.9540296867489815E-002
   1.9543341826647520E-002
   1.9545063842087984E-002
   1.9546777941286564E-002
   1.9550133030861616E-002
   1.9551301375031471E-002
   1.9552668556571007E-002
   1.9554707687348127E-002
   1.9555279985070229E-002
   1.9555517006665468E-002
   1.9555953331291676E-002
   1.9557584542781115E-002
   1.9558484666049480E-002
   1.9563876092433929E-002
   1.9564044196158648E-002
   1.9564225804060698E-002
   1.9567307550460100E-002
   1.9567647017538548E-002
   1.9571618642657995E-002
   1.9573204685002565E-002
   1.9579515792429447E-002
   1.9580228254199028E-002
   1.9581592176109552E-002
   1.9585085567086935E-002
   1.9589022733271122E-002
   1.9589164294302464E-002
   1.9589259754866362E-002
   1.9592971075326204E-002
   1.9594348035752773E-002
   1.9595676567405462E-002
   1.9598080310970545E-002
   1.9601124338805676E-002
   1.9602112937718630E-002
   1.9602928776293993E-002
   1.9603802822530270E-002
   1.9606122281402349E-002
   1.9607698079198599E-002
   1.9607764203101397E-002
   1.9608740229159594E-002
   1.9609099719673395E-002
   1.9610658288002014E-002
   1.9612747710198164E-002
   1.9613931421190500E-002
   1.9615804310888052E-002
   1.9616379868239164E-002
   1.9618647638708353E-002
   1.9624705892056227E-002
   1.9627848640084267E-002
   1.9632638897746801E-002
   1.9633980002254248E-002
   1.9642529543489218E-002
   1.9643854349851608E-002
   1.9644325599074364E-002
   1.9644849468022585E-002
   1.9646496046334505E-002
   1.9649078603833914E-002
   1.9650778267532587E-002
   1.9659838639199734E-002
   1.9661830738186836E-002
   1.9665657076984644E-002
   1.9667144399136305E-002
   1.9667621236294508E-002
   1.9673820119351149E-002
   1.9681558012962341E-002
   1.9686542917042971E-002
   1.9691247958689928E-002
   1.9692004192620516E-002
   1.9692374393343925E-002
   1.9696154166013002E-002
   1.9697593525052071E-002
   1.9700210075825453E-002
   1.9700407981872559E-002
   1.9702758640050888E-002
   1.9702848047018051E-002
   1.9703178200870752E-002
   1.9711464177817106E-002
   1.9712585955858231E-002
   1.9714576657861471E-002
   1.9715439528226852E-002
   1.9715943373739719E-002
   1.9717384129762650E-002
   1.9718784838914871E-002
   1.9720863550901413E-002
   1.9723215606063604E-002
   1.9724024459719658E-002
   1.9724593497812748E-002
   1.9726473372429609E-002
   1.9728568848222494E-002
   1.9742147065699100E-002
   1.9742537755519152E-002
   1.9742956385016441E-002
   1.9744439050555229E-002
   1.9744932185858488E-002
   1.9745242781937122E-002
   1.9745856989175081E-002
   1.9746088888496161E-002
   1.9747242331504822E-002
   1.9748215563595295E-002
   1.9753236323595047E-002
   1.9757247995585203E-002
   1.9759479910135269E-002
   1.9762133713811636E-002
   1.9765673205256462E-002
   1.9767422229051590E-002
   1.9768457859754562E-002
   1.9771646708250046E-002
   1.9773693755269051E-002
   1.9774534739553928E-002
   1.9776717759668827E-002
   1.9777600187808275E-002
   1.9777999725192785E-002
   1.9782312214374542E-002
   1.9783168099820614E-002
   1.9788551144301891E-002
   1.9790101330727339E-002
   1.9792913459241390E-002
   1.9796484149992466E-002
   1.9796718843281269E-002
   1.9800944719463587E-002
   1.9801068119704723E-002
   1.9805975724011660E-002
   1.9806331954896450E-002
   1.9807308912277222E-002
   1.9811917096376419E-002
   1.9814757164567709E-002
   1.9820660818368196E-002
   1.9824134651571512E-002
   1.9825858995318413E-002
   1.9827604759484529E-002
   1.9828404765576124E-002
   1.9828748423606157E-002
   1.9829845055937767E-002
   1.9831873476505280E-002
   1.9833658356219530E-002
   1.9838368985801935E-002
   1.9840423483401537E-002
   1.9841037224978209E-002
   1.9843948539346457E-002
   1.9845918286591768E-002
   1.9848063122481108E-002
   1.9851818680763245E-002
   1.9852544646710157E-002
   1.9852736964821815E-002
   1.9855221267789602E-002
   1.9855947699397802E-002
   1.9857139792293310E-002
   1.9857639446854591E-002
   1.9858777057379484E-002
   1.9860589876770973E-002
   1.9861357752233744E-002
   1.9864266272634268E-002
   1.9864311441779137E-002
   1.9868629518896341E-002
   1.9872745499014854E-002
   1.9873409066349268E-002
   1.9877723418176174E-002
   1.9879419822245836E-002
   1.9879769068211317E-002
   1.9881782121956348E-002
   1.9882843364030123E-002
   1.9885383546352386E-002
   1.9885827321559191E-002
   1.9886469468474388E-002
   1.9890598021447659E-002
   1.9890643656253815E-002
   1.9891211297363043E-002
   1.9893486984074116E-002
   1.9895086530596018E-002
   1.9896685611456633E-002
   1.9897006917744875E-002
   1.9897041842341423E-002
   1.9897927064448595E-002
   1.9898467697203159E-002
   1.9900405779480934E-002
   1.9900771323591471E-002
   1.9904402084648609E-002
   1.9910125993192196E-002
   1.9910973031073809E-002
   1.9917223136872053E-002
   1.9918183796107769E-002
   1.9920774735510349E-002
   1.9925191067159176E-002
   1.9925401546061039E-002
   1.9930921494960785E-002
   1.9931364338845015E-002
   1.9931559916585684E-002
   1.9940721336752176E-002
   1.9941399339586496E-002
   1.9942316692322493E-002
   1.9944617524743080E-002
   1.9950575195252895E-002
   1.9954078365117311E-002
   1.9957018084824085E-002
   1.9960351753979921E-002
   1.9962492864578962E-002
   1.9963649567216635E-002
   1.9966475665569305E-002
   1.9967100583016872E-002
   1.9968966022133827E-002
   1.9971358124166727E-002
   1.9973675720393658E-002
   1.9974782597273588E-002
   1.9976665731519461E-002
   1.9979783333837986E-002
   1.9980753771960735E-002
   1.9986033439636230E-002
   1.9988522864878178E-002
   1.9994660746306181E-002
   1.9994743634015322E-002
   1.9996086135506630E-002
   1.9996219314634800E-002
   1.9996949471533298E-002
   1.9997283350676298E-002
   1.9998102448880672E-002
   1.9999185577034950E-002
   1.9999501761049032E-002
   2.0000965800136328E-002
   2.0001230761408806E-002
   2.0003322977572680E-002
   2.0003718789666891E-002
   2.0006056874990463E-002
   2.0006417296826839E-002
   2.0007247570902109E-002
   2.0010026637464762E-002
   2.0015391055494547E-002
   2.0016580354422331E-002
   2.0020493771880865E-002
   2.0025088917464018E-002
   2.0025912672281265E-002
   2.0029699895530939E-002
   2.0030095241963863E-002
   2.0033048465847969E-002
   2.0036460831761360E-002
   2.0036469679325819E-002
   2.0037270151078701E-002
   2.0038915332406759E-002
   2.0039279479533434E-002
   2.0041199401021004E-002
   2.0041339565068483E-002
   2.0041599869728088E-002
   2.0044938195496798E-002
   2.0045211073011160E-002
   2.0046884194016457E-002
   2.0047969184815884E-002
   2.0050154998898506E-002
   2.0051128696650267E-002
   2.0054268650710583E-002
   2.0058008842170238E-002
   2.0058335736393929E-002
   2.0062435884028673E-002
   2.0065557211637497E-002
   2.0067838020622730E-002
   2.0067853387445211E-002
   2.0068843383342028E-002
   2.0073579158633947E-002
   2.0074940752238035E-002
   2.0077511202543974E-002
   2.0082307979464531E-002
   2.0090693142265081E-002
   2.0094957668334246E-002
   2.0098061300814152E-002
   2.0098084118217230E-002
   2.0098560024052858E-002
   2.0100636873394251E-002
   2.0101380068808794E-002
   2.0101616624742746E-002
   2.0102938637137413E-002
   2.0108634606003761E-002
   2.0108720753341913E-002
   2.0109511911869049E-002
   2.0109614357352257E-002
   2.0109949633479118E-002
   2.0110307261347771E-002
   2.0115380175411701E-002
   2.0117185544222593E-002
   2.0123408641666174E-002
   2.0123794209212065E-002
   2.0123983733355999E-002
   2.0124111790210009E-002
   2.0124139729887247E-002
   2.0126864314079285E-002
   2.0127521362155676E-002
   2.0129267591983080E-002
   2.0129728130996227E-002
   2.0129773300141096E-002
   2.0130416844040155E-002
   2.0130623131990433E-002
   2.0130789838731289E-002
   2.0133711863309145E-002
   2.0133714657276869E-002
   2.0136089529842138E-002
   2.0136532839387655E-002
   2.0137814339250326E-002
   2.0138740073889494E-002
   2.0138888619840145E-002
   2.0145704504102468E-002
   2.0146351773291826E-002
   2.0148136187344790E-002
   2.0151087548583746E-002
   2.0151863805949688E-002
   2.0151890814304352E-002
   2.0157177001237869E-002
   2.0157901570200920E-002
   2.0162411965429783E-002
   2.0164509769529104E-002
   2.0165678113698959E-002
   2.0167797803878784E-002
   2.0171775482594967E-002
   2.0172246266156435E-002
   2.0172333810478449E-002
   2.0172413904219866E-002
   2.0172482356429100E-002
   2.0174217410385609E-002
   2.0177390426397324E-002
   2.0179639104753733E-002
   2.0183369517326355E-002
   2.0184146240353584E-002
   2.0185657311230898E-002
   2.0190304145216942E-002
   2.0192867144942284E-002
   2.0193338394165039E-002
   2.0194020122289658E-002
   2.0195052959024906E-002
   2.0195616409182549E-002
   2.0197638310492039E-002
   2.0199045538902283E-002
   2.0199592225253582E-002
   2.0200273487716913E-002
   2.0201355684548616E-002
   2.0206600427627563E-002
   2.0207267720252275E-002
   2.0208399277180433E-002
   2.0213435404002666E-002
   2.0215352065861225E-002
   2.0217328798025846E-002
   2.0221200305968523E-002
   2.0223110914230347E-002
   2.0226536784321070E-002
   2.0228106528520584E-002
   2.0228624809533358E-002
   2.0229081157594919E-002
   2.0229849964380264E-002
   2.0234024617820978E-002
   2.0236685872077942E-002
   2.0243096631020308E-002
   2.0244855899363756E-002
   2.0250177010893822E-002
   2.0250297617167234E-002
   2.0255684386938810E-002
   2.0258565898984671E-002
   2.0258771255612373E-002
   2.0263745449483395E-002
   2.0268592052161694E-002
   2.0269174594432116E-002
   2.0270461216568947E-002
   2.0271711517125368E-002
   2.0272018387913704E-002
   2.0272238645702600E-002
   2.0276992581784725E-002
   2.0277368836104870E-002
   2.0281744655221701E-002
   2.0281832665205002E-002
   2.0282105542719364E-002
   2.0282373297959566E-002
   2.0288772881031036E-002
   2.0288958214223385E-002
   2.0291185472160578E-002
   2.0293851383030415E-002
   2.0296217873692513E-002
   2.0296642556786537E-002
   2.0299343857914209E-002
   2.0302854478359222E-002
   2.0305786747485399E-002
   2.0311180967837572E-002
   2.0314575172960758E-002
   2.0315026398748159E-002
   2.0318641327321529E-002
   2.0320970565080643E-002
   2.0322994329035282E-002
   2.0324139855802059E-002
   2.0324696786701679E-002
   2.0326978992670774E-002
   2.0328454207628965E-002
   2.0328833721578121E-002
   2.0330810919404030E-002
   2.0332739222794771E-002
   2.0343116484582424E-002
   2.0348146092146635E-002
   2.0348228048533201E-002
   2.0354079548269510E-002
   2.0354302134364843E-002
   2.0355031359940767E-002
   2.0355353131890297E-002
   2.0359896589070559E-002
   2.0360174588859081E-002
   2.0360840018838644E-002
   2.0361864473670721E-002
   2.0363400690257549E-002
   2.0363991614431143E-002
   2.0364184398204088E-002
   2.0364615600556135E-002
   2.0365970674902201E-002
   2.0369082223623991E-002
   2.0369342528283596E-002
   2.0369604229927063E-002
   2.0371826831251383E-002
   2.0372232887893915E-002
   2.0375386811792850E-002
   2.0376221742480993E-002
   2.0377082750201225E-002
   2.0377616398036480E-002
   2.0377822220325470E-002
   2.0379467401653528E-002
   2.0381265785545111E-002
   2.0381679758429527E-002
   2.0381793379783630E-002
   2.0382324699312449E-002
   2.0382519345730543E-002
   2.0387480966746807E-002
   2.0388240925967693E-002
   2.0389056764543056E-002
   2.0390177611261606E-002
   2.0392489619553089E-002
   2.0392588339745998E-002
   2.0393895916640759E-002
   2.0396096631884575E-002
   2.0397152751684189E-002
   2.0397279877215624E-002
   2.0400981418788433E-002
   2.0401846617460251E-002
   2.0405828021466732E-002
   2.0405936054885387E-002
   2.0406820345669985E-002
   2.0408182870596647E-002
   2.0409344229847193E-002
   2.0410748664289713E-002
   2.0411894656717777E-002
   2.0414704456925392E-002
   2.0415802486240864E-002
   2.0417290274053812E-002
   2.0417515188455582E-002
   2.0418004132807255E-002
   2.0419448148459196E-002
   2.0423898473381996E-002
   2.0426251459866762E-002
   2.0427063573151827E-002
   2.0429297350347042E-002
   2.0430829375982285E-002
   2.0432145800441504E-002
   2.0433993078768253E-002
   2.0434506237506866E-002
   2.0434632431715727E-002
   2.0435966551303864E-002
   2.0439879968762398E-002
   2.0444600377231836E-002
   2.0449539646506310E-002
   2.0450582262128592E-002
   2.0451928023248911E-002
   2.0452380646020174E-002
   2.0454157143831253E-002
   2.0454356446862221E-002
   2.0455224439501762E-002
   2.0463531836867332E-002
   2.0463994238525629E-002
   2.0464721135795116E-002
   2.0469949580729008E-002
   2.0471496041864157E-002
   2.0472910255193710E-002
   2.0479756407439709E-002
   2.0482151303440332E-002
   2.0482554566115141E-002
   2.0484213717281818E-002
   2.0484384614974260E-002
   2.0485475193709135E-002
   2.0488799549639225E-002
   2.0489078946411610E-002
   2.0492147654294968E-002
   2.0494172349572182E-002
   2.0496532786637545E-002
   2.0496556069701910E-002
   2.0496581681072712E-002
   2.0498865284025669E-002
   2.0502041559666395E-002
   2.0504357758909464E-002
   2.0505688153207302E-002
   2.0507268607616425E-002
   2.0508110523223877E-002
   2.0517657045274973E-002
   2.0517759025096893E-002
   2.0518993958830833E-002
   2.0519504789263010E-002
   2.0521882921457291E-002
   2.0525301340967417E-002
   2.0525793544948101E-002
   2.0527504850178957E-002
   2.0530399400740862E-002
   2.0531254820525646E-002
   2.0533579867333174E-002
   2.0538656972348690E-002
   2.0538941957056522E-002
   2.0539145451039076E-002
   2.0539260003715754E-002
   2.0539370365440845E-002
   2.0540235564112663E-002
   2.0544958766549826E-002
   2.0544961560517550E-002
   2.0545181818306446E-002
   2.0545769017189741E-002
   2.0546980667859316E-002
   2.0547281950712204E-002
   2.0553280599415302E-002
   2.0561804063618183E-002
   2.0562623161822557E-002
   2.0562963094562292E-002
   2.0564178004860878E-002
   2.0564236212521791E-002
   2.0564352162182331E-002
   2.0565295591950417E-002
   2.0567776169627905E-002
   2.0577854476869106E-002
   2.0578703843057156E-002
   2.0579823758453131E-002
   2.0583465695381165E-002
   2.0583519246429205E-002
   2.0585974678397179E-002
   2.0586355589330196E-002
   2.0592187531292439E-002
   2.0592486485838890E-002
   2.0593337249010801E-002
   2.0594462752342224E-002
   2.0596441347151995E-002
   2.0598781760782003E-002
   2.0599492359906435E-002
   2.0599684212356806E-002
   2.0600728690624237E-002
   2.0601164549589157E-002
   2.0603562239557505E-002
   2.0603586453944445E-002
   2.0603756420314312E-002
   2.0608480088412762E-002
   2.0608909428119659E-002
   2.0612302701920271E-002
   2.0616338588297367E-002
   2.0617736969143152E-002
   2.0620002876967192E-002
   2.0621419418603182E-002
   2.0622146315872669E-002
   2.0628177095204592E-002
   2.0631107501685619E-002
   2.0635518711060286E-002
   2.0638423040509224E-002
   2.0639837719500065E-002
   2.0648967940360308E-002
   2.0652872044593096E-002
   2.0653394516557455E-002
   2.0653865300118923E-002
   2.0654036663472652E-002
   2.0654586609452963E-002
   2.0656549371778965E-002
   2.0657166372984648E-002
   2.0657524932175875E-002
   2.0661289338022470E-002
   2.0662151277065277E-002
   2.0663416944444180E-002
   2.0664000418037176E-002
   2.0668521989136934E-002
   2.0675770007073879E-002
   2.0676004700362682E-002
   2.0685926079750061E-002
   2.0688873250037432E-002
   2.0690200384706259E-002
   2.0694603212177753E-002
   2.0698284264653921E-002
   2.0699372980743647E-002
   2.0702946465462446E-002
   2.0707082469016314E-002
   2.0710926968604326E-002
   2.0715132355690002E-002
   2.0716046448796988E-002
   2.0721985027194023E-002
   2.0723729860037565E-002
   2.0724895410239697E-002
   2.0725206471979618E-002
   2.0726204384118319E-002
   2.0726411603391171E-002
   2.0727925468236208E-002
   2.0734950434416533E-002
   2.0737203769385815E-002
   2.0742110442370176E-002
   2.0744600333273411E-002
   2.0748094655573368E-002
   2.0748864859342575E-002
   2.0749176852405071E-002
   2.0750252529978752E-002
   2.0752258598804474E-002
   2.0752659998834133E-002
   2.0754221826791763E-002
   2.0754693076014519E-002
   2.0757351070642471E-002
   2.0757414866238832E-002
   2.0758946891874075E-002
   2.0759442821145058E-002
   2.0759971812367439E-002
   2.0761399995535612E-002
   2.0761863328516483E-002
   2.0763067062944174E-002
   2.0764410961419344E-002
   2.0770573988556862E-002
   2.0771101117134094E-002
   2.0772750023752451E-002
   2.0777005702257156E-002
   2.0779171958565712E-002
   2.0781161729246378E-002
   2.0785898901522160E-002
   2.0787033252418041E-002
   2.0787264220416546E-002
   2.0788447931408882E-002
   2.0789321511983871E-002
   2.0790742710232735E-002
   2.0791522227227688E-002
   2.0792309194803238E-002
   2.0793633069843054E-002
   2.0799720194190741E-002
   2.0800335332751274E-002
   2.0800352562218904E-002
   2.0804927218705416E-002
   2.0804951433092356E-002
   2.0806269254535437E-002
   2.0808483939617872E-002
   2.0811336115002632E-002
   2.0812009926885366E-002
   2.0814649295061827E-002
   2.0817240700125694E-002
   2.0817256998270750E-002
   2.0820203237235546E-002
   2.0822039805352688E-002
   2.0825700834393501E-002
   2.0834061317145824E-002
   2.0834750961512327E-002
   2.0836083684116602E-002
   2.0837855990976095E-002
   2.0840561483055353E-002
   2.0841323304921389E-002
   2.0841930992901325E-002
   2.0844034384936094E-002
   2.0844856742769480E-002
   2.0849598571658134E-002
   2.0850106142461300E-002
   2.0854830741882324E-002
   2.0855948328971863E-002
   2.0856436807662249E-002
   2.0866474136710167E-002
   2.0867353305220604E-002
   2.0869511645287275E-002
   2.0869755651801825E-002
   2.0871318876743317E-002
   2.0873614121228456E-002
   2.0877096336334944E-002
   2.0878778304904699E-002
   2.0879596471786499E-002
   2.0879685878753662E-002
   2.0880806259810925E-002
   2.0881481468677521E-002
   2.0882253069430590E-002
   2.0883887074887753E-002
   2.0885178353637457E-002
   2.0886452868580818E-002
   2.0891420543193817E-002
   2.0894388668239117E-002
   2.0897209178656340E-002
   2.0901044830679893E-002
   2.0902119111269712E-002
   2.0905314013361931E-002
   2.0905319135636091E-002
   2.0906816702336073E-002
   2.0908046513795853E-002
   2.0910773426294327E-002
   2.0912848878651857E-002
   2.0916318055242300E-002
   2.0917433314025402E-002
   2.0919380709528923E-002
   2.0920450333505869E-002
   2.0922355353832245E-002
   2.0926024299114943E-002
   2.0929203834384680E-002
   2.0931545644998550E-002
   2.0935468375682831E-002
   2.0939121022820473E-002
   2.0944622810930014E-002
   2.0949528086930513E-002
   2.0953944418579340E-002
   2.0959614310413599E-002
   2.0963623188436031E-002
   2.0967018324881792E-002
   2.0967590622603893E-002
   2.0969307981431484E-002
   2.0971856079995632E-002
   2.0973561331629753E-002
   2.0975065417587757E-002
   2.0976391620934010E-002
   2.0980411209166050E-002
   2.0983357913792133E-002
   2.0983566064387560E-002
   2.0983788184821606E-002
   2.0987614523619413E-002
   2.0989301148802042E-002
   2.0990404766052961E-002
   2.0994030404835939E-002
   2.0994043443351984E-002
   2.0994066260755062E-002
   2.0995705388486385E-002
   2.0996061619371176E-002
   2.0996087230741978E-002
   2.0999994128942490E-002
   2.1001136396080256E-002
   2.1002306137233973E-002
   2.1007305476814508E-002
   2.1009774878621101E-002
   2.1013613790273666E-002
   2.1017062477767467E-002
   2.1017558407038450E-002
   2.1018930710852146E-002
   2.1020133979618549E-002
   2.1021026652306318E-002
   2.1021041553467512E-002
   2.1022994071245193E-002
   2.1023673936724663E-002
   2.1024158690124750E-002
   2.1025065798312426E-002
   2.1025751251727343E-002
   2.1026730071753263E-002
   2.1030115894973278E-002
   2.1032675635069609E-002
   2.1036041900515556E-002
   2.1036433055996895E-002
   2.1036530844867229E-002
   2.1038515027612448E-002
   2.1039709914475679E-002
   2.1039869170635939E-002
   2.1042959764599800E-002
   2.1043671295046806E-002
   2.1043767686933279E-002
   2.1046464797109365E-002
   2.1053418982774019E-002
   2.1053696516901255E-002
   2.1056793164461851E-002
   2.1059156395494938E-002
   2.1061828359961510E-002
   2.1061916835606098E-002
   2.1063643041998148E-002
   2.1066287998110056E-002
   2.1067915484309196E-002
   2.1071315277367830E-002
   2.1073777228593826E-002
   2.1083908155560493E-002
   2.1088829729706049E-002
   2.1089051384478807E-002
   2.1090013906359673E-002
   2.1090378984808922E-002
   2.1091412752866745E-002
   2.1094993688166142E-002
   2.1102066151797771E-002
   2.1102510858327150E-002
   2.1103956736624241E-002
   2.1106009837239981E-002
   2.1106837317347527E-002
   2.1108495071530342E-002
   2.1109651308506727E-002
   2.1109872497618198E-002
   2.1110197529196739E-002
   2.1111731883138418E-002
   2.1112599410116673E-002
   2.1115433890372515E-002
   2.1118501201272011E-002
   2.1120473276823759E-002
   2.1121970843523741E-002
   2.1124350838363171E-002
   2.1126773208379745E-002
   2.1127465646713972E-002
   2.1130268462002277E-002
   2.1130685694515705E-002
   2.1131781861186028E-002
   2.1133584901690483E-002
   2.1133890375494957E-002
   2.1136321127414703E-002
   2.1136390045285225E-002
   2.1137916482985020E-002
   2.1138364449143410E-002
   2.1138519048690796E-002
   2.1138601005077362E-002
   2.1144514437764883E-002
   2.1146015264093876E-002
   2.1146491635590792E-002
   2.1147912368178368E-002
   2.1150880493223667E-002
   2.1154294721782207E-002
   2.1154322195798159E-002
   2.1157118491828442E-002
   2.1159185096621513E-002
   2.1159276366233826E-002
   2.1162699908018112E-002
   2.1165432874113321E-002
   2.1166768390685320E-002
   2.1167085040360689E-002
   2.1167717874050140E-002
   2.1170747466385365E-002
   2.1175107918679714E-002
   2.1179631818085909E-002
   2.1180445328354836E-002
   2.1184688434004784E-002
   2.1188662853091955E-002
   2.1196692716330290E-002
   2.1200096234679222E-002
   2.1201980765908957E-002
   2.1202128380537033E-002
   2.1205690223723650E-002
   2.1209845785051584E-002
   2.1210335660725832E-002
   2.1212182939052582E-002
   2.1215040236711502E-002
   2.1215049084275961E-002
   2.1216894499957561E-002
   2.1219004876911640E-002
   2.1222694776952267E-002
   2.1231037098914385E-002
   2.1231533028185368E-002
   2.1232479251921177E-002
   2.1232890430837870E-002
   2.1233798004686832E-002
   2.1233898587524891E-002
   2.1234594285488129E-002
   2.1234636660665274E-002
   2.1234915126115084E-002
   2.1234988700598478E-002
   2.1235104650259018E-002
   2.1236152388155460E-002
   2.1240244153887033E-002
   2.1242093760520220E-002
   2.1243057679384947E-002
   2.1248399280011654E-002
   2.1253188140690327E-002
   2.1255015395581722E-002
   2.1256507374346256E-002
   2.1257241256535053E-002
   2.1263693459331989E-002
   2.1265405230224133E-002
   2.1267904434353113E-002
   2.1267910022288561E-002
   2.1269569639116526E-002
   2.1271089091897011E-002
   2.1275531034916639E-002
   2.1276254206895828E-002
   2.1276333834975958E-002
   2.1276729647070169E-002
   2.1278770640492439E-002
   2.1280351560562849E-002
   2.1282450761646032E-002
   2.1286987233906984E-002
   2.1287986543029547E-002
   2.1289066877216101E-002
   2.1290178410708904E-002
   2.1290343720465899E-002
   2.1294289268553257E-002
   2.1295363549143076E-002
   2.1300321444869041E-002
   2.1300726570188999E-002
   2.1301228087395430E-002
   2.1301302593201399E-002
   2.1301899105310440E-002
   2.1302168723195791E-002
   2.1302269306033850E-002
   2.1308134775608778E-002
   2.1309156902134418E-002
   2.1311020478606224E-002
   2.1311968099325895E-002
   2.1314637269824743E-002
   2.1315701305866241E-002
   2.1315984893590212E-002
   2.1317631006240845E-002
   2.1321056410670280E-002
   2.1323489025235176E-002
   2.1324956323951483E-002
   2.1325862500816584E-002
   2.1326635964214802E-002
   2.1327336318790913E-002
   2.1331453230232000E-002
   2.1331523545086384E-002
   2.1333898883312941E-002
   2.1334254648536444E-002
   2.1335528697818518E-002
   2.1336564794182777E-002
   2.1336830221116543E-002
   2.1336876321583986E-002
   2.1338552236557007E-002
   2.1338923368602991E-002
   2.1344181150197983E-002
   2.1352972835302353E-002
   2.1353959105908871E-002
   2.1354506723582745E-002
   2.1355190314352512E-002
   2.1356847602874041E-002
   2.1357579156756401E-002
   2.1357658319175243E-002
   2.1358446683734655E-002
   2.1359470207244158E-002
   2.1363376639783382E-002
   2.1363398525863886E-002
   2.1366284228861332E-002
   2.1369778551161289E-002
   2.1371306385844946E-002
   2.1374439354985952E-002
   2.1375537384301424E-002
   2.1375569049268961E-002
   2.1381370723247528E-002
   2.1381605416536331E-002
   2.1382418461143970E-002
   2.1382755134254694E-002
   2.1383007988333702E-002
   2.1387833636254072E-002
   2.1394337061792612E-002
   2.1395056042820215E-002
   2.1395754069089890E-002
   2.1396819036453962E-002
   2.1397519391030073E-002
   2.1399013698101044E-002
   2.1400288213044405E-002
   2.1402471233159304E-002
   2.1403715945780277E-002
   2.1403840277343988E-002
   2.1409301087260246E-002
   2.1411652676761150E-002
   2.1412436384707689E-002
   2.1413642447441816E-002
   2.1414492744952440E-002
   2.1414577960968018E-002
   2.1424351260066032E-002
   2.1432205103337765E-002
   2.1434169728308916E-002
   2.1439431700855494E-002
   2.1441197488456964E-002
   2.1457709372043610E-002
   2.1459621842950583E-002
   2.1461752709001303E-002
   2.1464009769260883E-002
   2.1466066129505634E-002
   2.1468885708600283E-002
   2.1469844039529562E-002
   2.1471165586262941E-002
   2.1472957450896502E-002
   2.1474733948707581E-002
   2.1475674584507942E-002
   2.1475732792168856E-002
   2.1476181223988533E-002
   2.1476813592016697E-002
   2.1478001493960619E-002
   2.1478721871972084E-002
   2.1479540970176458E-002
   2.1480182651430368E-002
   2.1482547745108604E-002
   2.1483862306922674E-002
   2.1484305150806904E-002
   2.1485839504748583E-002
   2.1487419027835131E-002
   2.1490200422704220E-002
   2.1490694023668766E-002
   2.1500320639461279E-002
   2.1501739509403706E-002
   2.1501949988305569E-002
   2.1502124611288309E-002
   2.1503093186765909E-002
   2.1505291573703289E-002
   2.1505963522940874E-002
   2.1510079968720675E-002
   2.1510432008653879E-002
   2.1512835286557674E-002
   2.1515757311135530E-002
   2.1517405286431313E-002
   2.1521502174437046E-002
   2.1523508243262768E-002
   2.1524815354496241E-002
   2.1530101541429758E-002
   2.1532237529754639E-002
   2.1536878775805235E-002
   2.1551324520260096E-002
   2.1552893333137035E-002
   2.1554932929575443E-002
   2.1556456107646227E-002
   2.1558054722845554E-002
   2.1560578607022762E-002
   2.1564444061368704E-002
   2.1565187256783247E-002
   2.1568420343101025E-002
   2.1569608710706234E-002
   2.1570889279246330E-002
   2.1571241784840822E-002
   2.1574466954916716E-002
   2.1575075108557940E-002
   2.1576530765742064E-002
   2.1577378269284964E-002
   2.1578672807663679E-002
   2.1579314488917589E-002
   2.1583522204309702E-002
   2.1584136877208948E-002
   2.1584469825029373E-002
   2.1588365547358990E-002
   2.1590920630842447E-002
   2.1591518539935350E-002
   2.1593107376247644E-002
   2.1595201455056667E-002
   2.1597362589091063E-002
   2.1598069462925196E-002
   2.1598753519356251E-002
   2.1599470172077417E-002
   2.1600054576992989E-002
   2.1602381486445665E-002
   2.1606406662613153E-002
   2.1612787153571844E-002
   2.1621347405016422E-002
   2.1621531806886196E-002
   2.1621584892272949E-002
   2.1623344160616398E-002
   2.1624587941914797E-002
   2.1625690627843142E-002
   2.1626489236950874E-002
   2.1626521367579699E-002
   2.1626765839755535E-002
   2.1627062931656837E-002
   2.1628504153341055E-002
   2.1628682035952806E-002
   2.1629610098898411E-002
   2.1633090917021036E-002
   2.1637015510350466E-002
   2.1641378756612539E-002
   2.1642192732542753E-002
   2.1647263783961535E-002
   2.1650963462889194E-002
   2.1651702467352152E-002
   2.1655658725649118E-002
   2.1656271070241928E-002
   2.1660208236426115E-002
   2.1661245264112949E-002
   2.1663782652467489E-002
   2.1663818508386612E-002
   2.1665627602487803E-002
   2.1674110088497400E-002
   2.1679522469639778E-002
   2.1683819126337767E-002
   2.1684844978153706E-002
   2.1685930434614420E-002
   2.1687453147023916E-002
   2.1690561901777983E-002
   2.1692068781703711E-002
   2.1693536080420017E-002
   2.1694707684218884E-002
   2.1694838069379330E-002
   2.1698295138776302E-002
   2.1698311902582645E-002
   2.1699538454413414E-002
   2.1700459532439709E-002
   2.1701115649193525E-002
   2.1701255813241005E-002
   2.1701968740671873E-002
   2.1702097263187170E-002
   2.1704681683331728E-002
   2.1706433035433292E-002
   2.1709192078560591E-002
   2.1713129710406065E-002
   2.1713896188884974E-002
   2.1715804934501648E-002
   2.1717240102589130E-002
   2.1719110663980246E-002
   2.1719242911785841E-002
   2.1722654812037945E-002
   2.1728547755628824E-002
   2.1728851832449436E-002
   2.1729227621108294E-002
   2.1738068200647831E-002
   2.1740199066698551E-002
   2.1740445867180824E-002
   2.1742781158536673E-002
   2.1747827995568514E-002
   2.1748400293290615E-002
   2.1748946513980627E-002
   2.1749307867139578E-002
   2.1751086227595806E-002
   2.1754930727183819E-002
   2.1756318397819996E-002
   2.1757163107395172E-002
   2.1760839503258467E-002
   2.1761396899819374E-002
   2.1765336859971285E-002
   2.1765614394098520E-002
   2.1769476588815451E-002
   2.1772158797830343E-002
   2.1773471962660551E-002
   2.1778909955173731E-002
   2.1779651753604412E-002
   2.1782684605568647E-002
   2.1783630363643169E-002
   2.1783901378512383E-002
   2.1788135636597872E-002
   2.1789998281747103E-002
   2.1792703308165073E-002
   2.1794565021991730E-002
   2.1794777829200029E-002
   2.1796039771288633E-002
   2.1797326393425465E-002
   2.1800380665808916E-002
   2.1801206748932600E-002
   2.1803864743560553E-002
   2.1808067336678505E-002
   2.1810486912727356E-002
   2.1811998449265957E-002
   2.1812492515891790E-002
   2.1812672726809978E-002
   2.1813785191625357E-002
   2.1815467160195112E-002
   2.1815534681081772E-002
   2.1817901171743870E-002
   2.1818018984049559E-002
   2.1820810157805681E-002
   2.1822274662554264E-002
   2.1823139395564795E-002
   2.1825920790433884E-002
   2.1827293559908867E-002
   2.1828099619597197E-002
   2.1829012315720320E-002
   2.1829986013472080E-002
   2.1831629332154989E-002
   2.1837131585925817E-002
   2.1842447109520435E-002
   2.1843163296580315E-002
   2.1844301838427782E-002
   2.1847772877663374E-002
   2.1848150994628668E-002
   2.1848733071237803E-002
   2.1852512378245592E-002
   2.1853544749319553E-002
   2.1854348015040159E-002
   2.1855138707906008E-002
   2.1859942935407162E-002
   2.1860195789486170E-002
   2.1861168555915356E-002
   2.1863592788577080E-002
   2.1867542527616024E-002
   2.1872836165130138E-002
   2.1875471808016300E-002
   2.1876630373299122E-002
   2.1882226690649986E-002
   2.1883488632738590E-002
   2.1885017398744822E-002
   2.1887402515858412E-002
   2.1892234217375517E-002
   2.1892348770052195E-002
   2.1892687771469355E-002
   2.1894964855164289E-002
   2.1895478945225477E-002
   2.1898206789046526E-002
   2.1905747707933187E-002
   2.1906530484557152E-002
   2.1909216418862343E-002
   2.1909427363425493E-002
   2.1909543778747320E-002
   2.1909779403358698E-002
   2.1912158001214266E-002
   2.1912379655987024E-002
   2.1913196425884962E-002
   2.1913220174610615E-002
   2.1915245335549116E-002
   2.1918121725320816E-002
   2.1921131759881973E-002
   2.1921875420957804E-002
   2.1923283580690622E-002
   2.1923629101365805E-002
   2.1925922483205795E-002
   2.1927003748714924E-002
   2.1927373483777046E-002
   2.1931269671767950E-002
   2.1932531148195267E-002
   2.1932960487902164E-002
   2.1936101373285055E-002
   2.1938939578831196E-002
   2.1941556595265865E-002
   2.1942248102277517E-002
   2.1944579668343067E-002
   2.1944629028439522E-002
   2.1946313790977001E-002
   2.1947409026324749E-002
   2.1948387846350670E-002
   2.1949063055217266E-002
   2.1950475405901670E-002
   2.1951981820166111E-002
   2.1954042371362448E-002
   2.1955307573080063E-002
   2.1957339718937874E-002
   2.1959331352263689E-002
   2.1961600985378027E-002
   2.1962987724691629E-002
   2.1964879706501961E-002
   2.1966446191072464E-002
   2.1968037821352482E-002
   2.1968676242977381E-002
   2.1970404777675867E-002
   2.1974986884742975E-002
   2.1976049058139324E-002
   2.1981212310492992E-002
   2.1983262617141008E-002
   2.1986478939652443E-002
   2.1986514795571566E-002
   2.1986718289554119E-002
   2.1990070585161448E-002
   2.1992817521095276E-002
   2.1995601244270802E-002
   2.1997207310050726E-002
   2.1998013835400343E-002
   2.1999232936650515E-002
   2.2000665310770273E-002
   2.2004802245646715E-002
   2.2008238825947046E-002
   2.2014326881617308E-002
   2.2017564624547958E-002
   2.2020621225237846E-002
   2.2023180034011602E-002
   2.2028477862477303E-002
   2.2030014544725418E-002
   2.2030794061720371E-002
   2.2035225760191679E-002
   2.2035567555576563E-002
   2.2036547772586346E-002
   2.2038015536963940E-002
   2.2043309640139341E-002
   2.2044324316084385E-002
   2.2045237012207508E-002
   2.2046363446861506E-002
   2.2046586498618126E-002
   2.2046874742954969E-002
   2.2047153674066067E-002
   2.2049195598810911E-002
   2.2053036838769913E-002
   2.2055501118302345E-002
   2.2055769339203835E-002
   2.2057100664824247E-002
   2.2058241534978151E-002
   2.2060922347009182E-002
   2.2061458323150873E-002
   2.2064109798520803E-002
   2.2070087492465973E-002
   2.2072053514420986E-002
   2.2073919884860516E-002
   2.2077902685850859E-002
   2.2079337388277054E-002
   2.2079390939325094E-002
   2.2079575806856155E-002
   2.2079659160226583E-002
   2.2082895506173372E-002
   2.2085036616772413E-002
   2.2086190991103649E-002
   2.2087037097662687E-002
   2.2089345846325159E-002
   2.2090187761932611E-002
   2.2094951942563057E-002
   2.2096248809248209E-002
   2.2098775487393141E-002
   2.2099816240370274E-002
   2.2102975286543369E-002
   2.2103335242718458E-002
   2.2107058670371771E-002
   2.2108340170234442E-002
   2.2109294310212135E-002
   2.2112844046205282E-002
   2.2113659884780645E-002
   2.2116815205663443E-002
   2.2116932086646557E-002
   2.2118030581623316E-002
   2.2120814770460129E-002
   2.2122106049209833E-002
   2.2123795468360186E-002
   2.2125126328319311E-002
   2.2128197830170393E-002
   2.2135398350656033E-002
   2.2136345040053129E-002
   2.2138441912829876E-002
   2.2140060551464558E-002
   2.2140076849609613E-002
   2.2140598390251398E-002
   2.2142455913126469E-002
   2.2143810056149960E-002
   2.2144327405840158E-002
   2.2147053387016058E-002
   2.2148401010781527E-002
   2.2151469253003597E-002
   2.2152351681143045E-002
   2.2155005019158125E-002
   2.2158987820148468E-002
   2.2162434644997120E-002
   2.2169435862451792E-002
   2.2170414682477713E-002
   2.2171559743583202E-002
   2.2173686418682337E-002
   2.2173696197569370E-002
   2.2174776066094637E-002
   2.2177823353558779E-002
   2.2177961189299822E-002
   2.2178473416715860E-002
   2.2178729530423880E-002
   2.2179353050887585E-002
   2.2179486230015755E-002
   2.2180091124027967E-002
   2.2180791012942791E-002
   2.2182241547852755E-002
   2.2185726556926966E-002
   2.2189986426383257E-002
   2.2192659322172403E-002
   2.2194742225110531E-002
   2.2196359001100063E-002
   2.2196533158421516E-002
   2.2197001148015261E-002
   2.2199139464646578E-002
   2.2201425395905972E-002
   2.2201635874807835E-002
   2.2201890591531992E-002
   2.2203370463103056E-002
   2.2203415632247925E-002
   2.2204954642802477E-002
   2.2205470129847527E-002
   2.2205697372555733E-002
   2.2208087146282196E-002
   2.2210523020476103E-002
   2.2211708594113588E-002
   2.2212441544979811E-002
   2.2213352844119072E-002
   2.2221226245164871E-002
   2.2222399711608887E-002
   2.2225935012102127E-002
   2.2228650283068419E-002
   2.2231108509004116E-002
   2.2235104348510504E-002
   2.2235657088458538E-002
   2.2235724143683910E-002
   2.2237115073949099E-002
   2.2240915801376104E-002
   2.2242602892220020E-002
   2.2244368679821491E-002
   2.2246834356337786E-002
   2.2247792687267065E-002
   2.2249314002692699E-002
   2.2250143811106682E-002
   2.2250486072152853E-002
   2.2250609006732702E-002
   2.2252007853239775E-002
   2.2252681199461222E-002
   2.2253431379795074E-002
   2.2256544325500727E-002
   2.2257575299590826E-002
   2.2257906384766102E-002
   2.2258067969232798E-002
   2.2259468678385019E-002
   2.2263125050812960E-002
   2.2266862448304892E-002
   2.2267411462962627E-002
   2.2269596811383963E-002
   2.2270336281508207E-002
   2.2272939793765545E-002
   2.2273642476648092E-002
   2.2275832016021013E-002
   2.2278256714344025E-002
   2.2278618533164263E-002
   2.2278764750808477E-002
   2.2278849035501480E-002
   2.2279876284301281E-002
   2.2284541744738817E-002
   2.2285620681941509E-002
   2.2287582047283649E-002
   2.2292437031865120E-002
   2.2292890120297670E-002
   2.2293161600828171E-002
   2.2294342517852783E-002
   2.2296608425676823E-002
   2.2297081537544727E-002
   2.2297180257737637E-002
   2.2298714146018028E-002
   2.2299331147223711E-002
   2.2304793819785118E-002
   2.2307862527668476E-002
   2.2309435065835714E-002
   2.2311243228614330E-002
   2.2311322391033173E-002
   2.2315065842121840E-002
   2.2316203918308020E-002
   2.2317292168736458E-002
   2.2317413240671158E-002
   2.2319132927805185E-002
   2.2319410927593708E-002
   2.2319978103041649E-002
   2.2320838179439306E-002
   2.2322457283735275E-002
   2.2323865443468094E-002
   2.2325593512505293E-002
   2.2325807251036167E-002
   2.2327058017253876E-002
   2.2327983751893044E-002
   2.2329440806061029E-002
   2.2331438027322292E-002
   2.2344236262142658E-002
   2.2349171340465546E-002
   2.2350538987666368E-002
   2.2354079876095057E-002
   2.2354249842464924E-002
   2.2356557659804821E-002
   2.2358596790581942E-002
   2.2361922077834606E-002
   2.2362457122653723E-002
   2.2362938150763512E-002
   2.2363250143826008E-002
   2.2365556564182043E-002
   2.2366169840097427E-002
   2.2366355173289776E-002
   2.2372856270521879E-002
   2.2373615298420191E-002
   2.2375328466296196E-002
   2.2377242334187031E-002
   2.2379436995834112E-002
   2.2379944566637278E-002
   2.2381335496902466E-002
   2.2381430026143789E-002
   2.2387450095266104E-002
   2.2391421720385551E-002
   2.2393955383449793E-002
   2.2399632725864649E-002
   2.2400143090635538E-002
   2.2402000613510609E-002
   2.2402695380151272E-002
   2.2405076306313276E-002
   2.2407990880310535E-002
   2.2410551551729441E-002
   2.2412010934203863E-002
   2.2414101287722588E-002
   2.2416573483496904E-002
   2.2417292930185795E-002
   2.2418442182242870E-002
   2.2423247341066599E-002
   2.2423516027629375E-002
   2.2423729300498962E-002
   2.2424396593123674E-002
   2.2425826173275709E-002
   2.2426977287977934E-002
   2.2432958707213402E-002
   2.2433530539274216E-002
   2.2436507046222687E-002
   2.2436748724430799E-002
   2.2438218351453543E-002
   2.2438806015998125E-002
   2.2439281456172466E-002
   2.2442197892814875E-002
   2.2444038186222315E-002
   2.2445807233452797E-002
   2.2446677554398775E-002
   2.2452675737440586E-002
   2.2456272039562464E-002
   2.2464387118816376E-002
   2.2465162910521030E-002
   2.2467949893325567E-002
   2.2468159440904856E-002
   2.2470065392553806E-002
   2.2474844940006733E-002
   2.2477175574749708E-002
   2.2479172796010971E-002
   2.2479556035250425E-002
   2.2481897845864296E-002
   2.2484493441879749E-002
   2.2485911380499601E-002
   2.2487360518425703E-002
   2.2489672061055899E-002
   2.2498480509966612E-002
   2.2498820442706347E-002
   2.2501161787658930E-002
   2.2501717321574688E-002
   2.2504156921058893E-002
   2.2506709676235914E-002
   2.2509548813104630E-002
   2.2511539980769157E-002
   2.2511926479637623E-002
   2.2519025020301342E-002
   2.2520362865179777E-002
   2.2520368453115225E-002
   2.2525826469063759E-002
   2.2527000401169062E-002
   2.2528960369527340E-002
   2.2531765978783369E-002
   2.2532333154231310E-002
   2.2535720840096474E-002
   2.2536451928317547E-002
   2.2537451703101397E-002
   2.2538884542882442E-002
   2.2546707186847925E-002
   2.2548823617398739E-002
   2.2550505585968494E-002
   2.2555713541805744E-002
   2.2557613905519247E-002
   2.2558315657079220E-002
   2.2559093311429024E-002
   2.2560827899724245E-002
   2.2563164122402668E-002
   2.2563334088772535E-002
   2.2564638406038284E-002
   2.2564681246876717E-002
   2.2565473336726427E-002
   2.2567017469555140E-002
   2.2567059379070997E-002
   2.2567225620150566E-002
   2.2567371837794781E-002
   2.2575949784368277E-002
   2.2577980067580938E-002
   2.2582772187888622E-002
   2.2583502344787121E-002
   2.2584189195185900E-002
   2.2585133556276560E-002
   2.2586631122976542E-002
   2.2587412968277931E-002
   2.2588458843529224E-002
   2.2594944573938847E-002
   2.2601372096687555E-002
   2.2601961623877287E-002
   2.2602883167564869E-002
   2.2603301797062159E-002
   2.2603751160204411E-002
   2.2607926744967699E-002
   2.2609930951148272E-002
   2.2611042950302362E-002
   2.2612739820033312E-002
   2.2614049725234509E-002
   2.2614354267716408E-002
   2.2615536581724882E-002
   2.2616009693592787E-002
   2.2618891205638647E-002
   2.2624319884926081E-002
   2.2624593228101730E-002
   2.2629318758845329E-002
   2.2630931343883276E-002
   2.2631736472249031E-002
   2.2631909698247910E-002
   2.2632941137999296E-002
   2.2633135784417391E-002
   2.2633639629930258E-002
   2.2633969318121672E-002
   2.2636698093265295E-002
   2.2637814749032259E-002
   2.2640625480562449E-002
   2.2643028292804956E-002
   2.2643755190074444E-002
   2.2644476033747196E-002
   2.2649150807410479E-002
   2.2650291211903095E-002
   2.2650763858109713E-002
   2.2652090992778540E-002
   2.2652611602097750E-002
   2.2652950603514910E-002
   2.2653013002127409E-002
   2.2653579246252775E-002
   2.2654421627521515E-002
   2.2656264714896679E-002
   2.2661099210381508E-002
   2.2662201896309853E-002
   2.2669128607958555E-002
   2.2671611048281193E-002
   2.2672807332128286E-002
   2.2674260661005974E-002
   2.2676369640976191E-002
   2.2676876280456781E-002
   2.2678573150187731E-002
   2.2679590620100498E-002
   2.2688288241624832E-002
   2.2689375095069408E-002
   2.2694163490086794E-002
   2.2695177700370550E-002
   2.2697358857840300E-002
   2.2699073888361454E-002
   2.2699669934809208E-002
   2.2702142130583525E-002
   2.2703345399349928E-002
   2.2704166825860739E-002
   2.2705470677465200E-002
   2.2706282325088978E-002
   2.2710154764354229E-002
   2.2711195982992649E-002
   2.2712316364049911E-002
   2.2716488689184189E-002
   2.2723095025867224E-002
   2.2727096918970346E-002
   2.2727905306965113E-002
   2.2728838957846165E-002
   2.2729788441210985E-002
   2.2730503231287003E-002
   2.2730980999767780E-002
   2.2732525598257780E-002
   2.2733825258910656E-002
   2.2734051104635000E-002
   2.2735857870429754E-002
   2.2737945429980755E-002
   2.2742351517081261E-002
   2.2745132911950350E-002
   2.2747834213078022E-002
   2.2751831915229559E-002
   2.2758617531508207E-002
   2.2762433160096407E-002
   2.2765018045902252E-002
   2.2766426671296358E-002
   2.2774439770728350E-002
   2.2776014637202024E-002
   2.2785479202866554E-002
   2.2788977250456810E-002
   2.2789110895246267E-002
   2.2789885289967060E-002
   2.2791002411395311E-002
   2.2794503252953291E-002
   2.2795399650931358E-002
   2.2798465564846992E-002
   2.2799050901085138E-002
   2.2800319362431765E-002
   2.2802824154496193E-002
   2.2803436964750290E-002
   2.2804890293627977E-002
   2.2807408589869738E-002
   2.2816595621407032E-002
   2.2824067156761885E-002
   2.2825518157333136E-002
   2.2829581983387470E-002
   2.2832849062979221E-002
   2.2832856047898531E-002
   2.2833048831671476E-002
   2.2833243943750858E-002
   2.2833326365798712E-002
   2.2833565715700388E-002
   2.2835072595626116E-002
   2.2835690993815660E-002
   2.2838877514004707E-002
   2.2839760873466730E-002
   2.2845257073640823E-002
   2.2846358828246593E-002
   2.2848176304250956E-002
   2.2848546039313078E-002
   2.2849262226372957E-002
   2.2850699257105589E-002
   2.2852075751870871E-002
   2.2854968439787626E-002
   2.2855416871607304E-002
   2.2856179624795914E-002
   2.2856313735246658E-002
   2.2857109084725380E-002
   2.2858109325170517E-002
   2.2859933786094189E-002
   2.2860234137624502E-002
   2.2860404103994370E-002
   2.2863981779664755E-002
   2.2864001337438822E-002
   2.2867149207741022E-002
   2.2867981810122728E-002
   2.2869678679853678E-002
   2.2871158085763454E-002
   2.2871618624776602E-002
   2.2877222858369350E-002
   2.2878805175423622E-002
   2.2885408718138933E-002
   2.2891988977789879E-002
   2.2893953137099743E-002
   2.2894278168678284E-002
   2.2895895875990391E-002
   2.2898206952959299E-002
   2.2907063830643892E-002
   2.2912324871867895E-002
   2.2915400564670563E-002
   2.2917074151337147E-002
   2.2921685129404068E-002
   2.2921964526176453E-002
   2.2922096773982048E-002
   2.2922147065401077E-002
   2.2923191078007221E-002
   2.2927474696189165E-002
   2.2928158286958933E-002
   2.2929521743208170E-002
   2.2930382750928402E-002
   2.2931656800210476E-002
   2.2932335268706083E-002
   2.2937475237995386E-002
   2.2939978633075953E-002
   2.2943553514778614E-002
   2.2944254335016012E-002
   2.2945378907024860E-002
   2.2945662029087543E-002
   2.2946153301745653E-002
   2.2946646437048912E-002
   2.2949023172259331E-002
   2.2952591534703970E-002
   2.2957374341785908E-002
   2.2957388777285814E-002
   2.2958793677389622E-002
   2.2959053050726652E-002
   2.2959275171160698E-002
   2.2960364352911711E-002
   2.2962483111768961E-002
   2.2964445408433676E-002
   2.2964509204030037E-002
   2.2964661475270987E-002
   2.2965027019381523E-002
   2.2966847289353609E-002
   2.2967264987528324E-002
   2.2972846869379282E-002
   2.2977073676884174E-002
   2.2978636901825666E-002
   2.2983272094279528E-002
   2.2983850911259651E-002
   2.2992157377302647E-002
   2.2992766462266445E-002
   2.2993953432887793E-002
   2.2996258456259966E-002
   2.2996885236352682E-002
   2.2998395375907421E-002
   2.2998488042503595E-002
   2.2998617030680180E-002
   2.3006319068372250E-002
   2.3009642958641052E-002
   2.3011194542050362E-002
   2.3011527024209499E-002
   2.3016725666821003E-002
   2.3016953375190496E-002
   2.3017032537609339E-002
   2.3017483763396740E-002
   2.3018775507807732E-002
   2.3018804378807545E-002
   2.3020332213491201E-002
   2.3021630942821503E-002
   2.3021809756755829E-002
   2.3024087306112051E-002
   2.3024124559015036E-002
   2.3033752106130123E-002
   2.3037294391542673E-002
   2.3038133047521114E-002
   2.3038462735712528E-002
   2.3040972184389830E-002
   2.3040972650051117E-002
   2.3041526321321726E-002
   2.3042583838105202E-002
   2.3043313995003700E-002
   2.3047948256134987E-002
   2.3048844654113054E-002
   2.3049154318869114E-002
   2.3049429524689913E-002
   2.3049781564623117E-002
   2.3050658404827118E-002
   2.3050963412970304E-002
   2.3058424238115549E-002
   2.3058793973177671E-002
   2.3061024025082588E-002
   2.3064241278916597E-002
   2.3068307898938656E-002
   2.3068443406373262E-002
   2.3069944698363543E-002
   2.3072102107107639E-002
   2.3076969664543867E-002
   2.3078133352100849E-002
   2.3084179032593966E-002
   2.3085650056600571E-002
   2.3087301757186651E-002
   2.3093181662261486E-002
   2.3096915800124407E-002
   2.3096984717994928E-002
   2.3098385427147150E-002
   2.3098431993275881E-002
   2.3098451085388660E-002
   2.3099162615835667E-002
   2.3099561221897602E-002
   2.3099879268556833E-002
   2.3101075086742640E-002
   2.3102173116058111E-002
   2.3103318177163601E-002
   2.3103895597159863E-002
   2.3110378533601761E-002
   2.3111265152692795E-002
   2.3112212773412466E-002
   2.3112558294087648E-002
   2.3116024676710367E-002
   2.3118133191019297E-002
   2.3118704557418823E-002
   2.3121457081288099E-002
   2.3122039623558521E-002
   2.3122143931686878E-002
   2.3125019855797291E-002
   2.3125866428017616E-002
   2.3126136977225542E-002
   2.3126646410673857E-002
   2.3128456436097622E-002
   2.3129333741962910E-002
   2.3130542133003473E-002
   2.3130947723984718E-002
   2.3133018054068089E-002
   2.3136372677981853E-002
   2.3136517032980919E-002
   2.3137208539992571E-002
   2.3140085395425558E-002
   2.3140547797083855E-002
   2.3142478894442320E-002
   2.3144768550992012E-002
   2.3144952952861786E-002
   2.3147336207330227E-002
   2.3148817475885153E-002
   2.3150796070694923E-002
   2.3151091765612364E-002
   2.3151278961449862E-002
   2.3153839167207479E-002
   2.3157852701842785E-002
   2.3161367047578096E-002
   2.3161938879638910E-002
   2.3164075799286366E-002
   2.3164971731603146E-002
   2.3166954051703215E-002
   2.3168384097516537E-002
   2.3168665356934071E-002
   2.3169728927314281E-002
   2.3170776665210724E-002
   2.3171836510300636E-002
   2.3172243032604456E-002
   2.3172494489699602E-002
   2.3173323366791010E-002
   2.3173923604190350E-002
   2.3178749252110720E-002
   2.3179308976978064E-002
   2.3180674295872450E-002
   2.3183109704405069E-002
   2.3183211684226990E-002
   2.3191268555819988E-002
   2.3191780317574739E-002
   2.3194414097815752E-002
   2.3194492794573307E-002
   2.3195032961666584E-002
   2.3197184782475233E-002
   2.3197464644908905E-002
   2.3198032286018133E-002
   2.3198606446385384E-002
   2.3201275616884232E-002
   2.3206132929772139E-002
   2.3208527825772762E-002
   2.3209857288748026E-002
   2.3210271727293730E-002
   2.3210500366985798E-002
   2.3213269189000130E-002
   2.3215800989419222E-002
   2.3216393776237965E-002
   2.3217465728521347E-002
   2.3220029193907976E-002
   2.3220652714371681E-002
   2.3226658813655376E-002
   2.3227940313518047E-002
   2.3234860971570015E-002
   2.3240805137902498E-002
   2.3245818447321653E-002
   2.3249383550137281E-002
   2.3249633610248566E-002
   2.3252711631357670E-002
   2.3255058098584414E-002
   2.3257046472281218E-002
   2.3258512374013662E-002
   2.3258738685399294E-002
   2.3261384107172489E-002
   2.3261423222720623E-002
   2.3261777590960264E-002
   2.3265486583113670E-002
   2.3268322926014662E-002
   2.3268445860594511E-002
   2.3271971382200718E-002
   2.3275367915630341E-002
   2.3275465238839388E-002
   2.3277387488633394E-002
   2.3286384064704180E-002
   2.3286799900233746E-002
   2.3287781979888678E-002
   2.3289748001843691E-002
   2.3290522396564484E-002
   2.3295171558856964E-002
   2.3301316425204277E-002
   2.3303017485886812E-002
   2.3303115740418434E-002
   2.3303236812353134E-002
   2.3304603062570095E-002
   2.3308727424591780E-002
   2.3308733943849802E-002
   2.3311235941946507E-002
   2.3314705584198236E-002
   2.3319429717957973E-002
   2.3322774562984705E-002
   2.3325061425566673E-002
   2.3329015821218491E-002
   2.3329534567892551E-002
   2.3329661693423986E-002
   2.3332672659307718E-002
   2.3337991442531347E-002
   2.3340109270066023E-002
   2.3341014515608549E-002
   2.3341659456491470E-002
   2.3342495784163475E-002
   2.3344031069427729E-002
   2.3351051844656467E-002
   2.3357421159744263E-002
   2.3357531987130642E-002
   2.3359179496765137E-002
   2.3359931539744139E-002
   2.3361414205282927E-002
   2.3361484520137310E-002
   2.3362071253359318E-002
   2.3363197688013315E-002
   2.3364052642136812E-002
   2.3364240303635597E-002
   2.3370877839624882E-002
   2.3371264338493347E-002
   2.3372359573841095E-002
   2.3373383097350597E-002
   2.3373994510620832E-002
   2.3374143056571484E-002
   2.3376619908958673E-002
   2.3377118632197380E-002
   2.3378000129014254E-002
   2.3381419479846954E-002
   2.3382330313324928E-002
   2.3388381581753492E-002
   2.3394230753183365E-002
   2.3394896183162928E-002
   2.3395104333758354E-002
   2.3398000746965408E-002
   2.3399108555167913E-002
   2.3400085512548685E-002
   2.3402779363095760E-002
   2.3403480183333158E-002
   2.3407201748341322E-002
   2.3407325148582458E-002
   2.3409641347825527E-002
   2.3410944268107414E-002
   2.3413479328155518E-002
   2.3414240218698978E-002
   2.3414779920130968E-002
   2.3417462129145861E-002
   2.3418656550347805E-002
   2.3423429112881422E-002
   2.3429186549037695E-002
   2.3431802168488503E-002
   2.3433556780219078E-002
   2.3435334209352732E-002
   2.3435574024915695E-002
   2.3435617797076702E-002
   2.3435639683157206E-002
   2.3435853421688080E-002
   2.3435987066477537E-002
   2.3437553085386753E-002
   2.3439198266714811E-002
   2.3440598044544458E-002
   2.3442317266017199E-002
   2.3443899117410183E-002
   2.3444282356649637E-002
   2.3449486587196589E-002
   2.3450533859431744E-002
   2.3451843298971653E-002
   2.3454592563211918E-002
   2.3459541145712137E-002
   2.3459814954549074E-002
   2.3460220079869032E-002
   2.3460385389626026E-002
   2.3461396340280771E-002
   2.3461699951440096E-002
   2.3462733253836632E-002
   2.3463338613510132E-002
   2.3464589845389128E-002
   2.3464887402951717E-002
   2.3465687874704599E-002
   2.3473685607314110E-002
   2.3479325231164694E-002
   2.3479855153709650E-002
   2.3481728509068489E-002
   2.3483843076974154E-002
   2.3483897559344769E-002
   2.3484302684664726E-002
   2.3485003039240837E-002
   2.3490138817578554E-002
   2.3490794934332371E-002
   2.3493158631026745E-002
   2.3495297413319349E-002
   2.3495904169976711E-002
   2.3498848546296358E-002
   2.3500098846852779E-002
   2.3501301184296608E-002
   2.3502672091126442E-002
   2.3503133095800877E-002
   2.3503783624619246E-002
   2.3506842087954283E-002
   2.3509984835982323E-002
   2.3510522209107876E-002
   2.3511731997132301E-002
   2.3512233980000019E-002
   2.3514160420745611E-002
   2.3515764623880386E-002
   2.3518878035247326E-002
   2.3518903646618128E-002
   2.3519199341535568E-002
   2.3519672453403473E-002
   2.3519971407949924E-002
   2.3522624745965004E-002
   2.3524864111095667E-002
   2.3527587298303843E-002
   2.3531569633632898E-002
   2.3532378952950239E-002
   2.3532678373157978E-002
   2.3534008767455816E-002
   2.3534980136901140E-002
   2.3535289335995913E-002
   2.3537141736596823E-002
   2.3538855370134115E-002
   2.3542415816336870E-002
   2.3542585317045450E-002
   2.3542915936559439E-002
   2.3547200486063957E-002
   2.3549107834696770E-002
   2.3549446370452642E-002
   2.3551049642264843E-002
   2.3552117403596640E-002
   2.3552213795483112E-002
   2.3552591446787119E-002
   2.3555940948426723E-002
   2.3559327702969313E-002
   2.3559764027595520E-002
   2.3565319366753101E-002
   2.3567167110741138E-002
   2.3567808326333761E-002
   2.3571519181132317E-002
   2.3572355508804321E-002
   2.3573943879455328E-002
   2.3574642371386290E-002
   2.3575364612042904E-002
   2.3575872648507357E-002
   2.3577339947223663E-002
   2.3580090142786503E-002
   2.3585753049701452E-002
   2.3589818738400936E-002
   2.3590665776282549E-002
   2.3591950535774231E-002
   2.3593457415699959E-002
   2.3593664169311523E-002
   2.3593774065375328E-002
   2.3597265128046274E-002
   2.3600089829415083E-002
   2.3601001594215631E-002
   2.3602236993610859E-002
   2.3603315465152264E-002
   2.3606021422892809E-002
   2.3606382310390472E-002
   2.3608155082911253E-002
   2.3608377203345299E-002
   2.3614384699612856E-002
   2.3616264574229717E-002
   2.3617878090590239E-002
   2.3623880464583635E-002
   2.3625999223440886E-002
   2.3627644404768944E-002
   2.3628870025277138E-002
   2.3632440250366926E-002
   2.3633921053260565E-002
   2.3635437246412039E-002
   2.3636589292436838E-002
   2.3637222126126289E-002
   2.3640301078557968E-002
   2.3650049231946468E-002
   2.3651224561035633E-002
   2.3652783595025539E-002
   2.3653823416680098E-002
   2.3656737990677357E-002
   2.3658118676394224E-002
   2.3661409039050341E-002
   2.3661674931645393E-002
   2.3665193002671003E-002
   2.3668848909437656E-002
   2.3670558352023363E-002
   2.3671638220548630E-002
   2.3671700619161129E-002
   2.3673242889344692E-002
   2.3678236175328493E-002
   2.3679614532738924E-002
   2.3682604078203440E-002
   2.3683634586632252E-002
   2.3683859966695309E-002
   2.3685679305344820E-002
   2.3685996886342764E-002
   2.3686030879616737E-002
   2.3687437642365694E-002
   2.3689953144639730E-002
   2.3690941277891397E-002
   2.3693295661360025E-002
   2.3693395312875509E-002
   2.3695826530456543E-002
   2.3696349002420902E-002
   2.3698890581727028E-002
   2.3700342513620853E-002
   2.3700568359345198E-002
   2.3701568599790335E-002
   2.3702516686171293E-002
   2.3707955144345760E-002
   2.3708192165941000E-002
   2.3708319757133722E-002
   2.3711999412626028E-002
   2.3719998542219400E-002
   2.3720507044345140E-002
   2.3721189238131046E-002
   2.3721575271338224E-002
   2.3725211154669523E-002
   2.3725337814539671E-002
   2.3726897314190865E-002
   2.3732654284685850E-002
   2.3737858515232801E-002
   2.3738794960081577E-002
   2.3742547724395990E-002
   2.3743547964841127E-002
   2.3746178951114416E-002
   2.3753371089696884E-002
   2.3754619527608156E-002
   2.3754733148962259E-002
   2.3759362287819386E-002
   2.3761513177305460E-002
   2.3761771619319916E-002
   2.3767440114170313E-002
   2.3770227562636137E-002
   2.3770866915583611E-002
   2.3773102555423975E-002
   2.3776358924806118E-002
   2.3776875808835030E-002
   2.3778971750289202E-002
   2.3779707960784435E-002
   2.3782546631991863E-002
   2.3782720789313316E-002
   2.3786468431353569E-002
   2.3788399063050747E-002
   2.3789861705154181E-002
   2.3794657550752163E-002
   2.3798079229891300E-002
   2.3804190102964640E-002
   2.3806182201951742E-002
   2.3806942161172628E-002
   2.3810647428035736E-002
   2.3811127059161663E-002
   2.3812251631170511E-002
   2.3817369248718023E-002
   2.3817572277039289E-002
   2.3817962966859341E-002
   2.3819360882043839E-002
   2.3825728800147772E-002
   2.3825882934033871E-002
   2.3826076183468103E-002
   2.3826984222978354E-002
   2.3832049686461687E-002
   2.3832478094846010E-002
   2.3834137711673975E-002
   2.3834577761590481E-002
   2.3834713734686375E-002
   2.3839890956878662E-002
   2.3843666538596153E-002
   2.3846217896789312E-002
   2.3846508469432592E-002
   2.3847498465329409E-002
   2.3851425386965275E-002
   2.3856803774833679E-002
   2.3856923449784517E-002
   2.3858150932937860E-002
   2.3862438276410103E-002
   2.3863308131694794E-002
   2.3867068812251091E-002
   2.3868419229984283E-002
   2.3868961259722710E-002
   2.3869649507105350E-002
   2.3870088625699282E-002
   2.3870802018791437E-002
   2.3872006218880415E-002
   2.3873152211308479E-002
   2.3873472120612860E-002
   2.3874974809587002E-002
   2.3875451646745205E-002
   2.3875969927757978E-002
   2.3878649342805147E-002
   2.3879851214587688E-002
   2.3880192544311285E-002
   2.3886311799287796E-002
   2.3888338357210159E-002
   2.3888422176241875E-002
   2.3888676892966032E-002
   2.3892813827842474E-002
   2.3893652018159628E-002
   2.3893988691270351E-002
   2.3894399404525757E-002
   2.3894440382719040E-002
   2.3899630643427372E-002
   2.3900797124952078E-002
   2.3903558962047100E-002
   2.3904460016638041E-002
   2.3904934059828520E-002
   2.3908008821308613E-002
   2.3914725054055452E-002
   2.3918912280350924E-002
   2.3919166065752506E-002
   2.3919193539768457E-002
   2.3919857107102871E-002
   2.3922756314277649E-002
   2.3924642242491245E-002
   2.3928791750222445E-002
   2.3930482100695372E-002
   2.3931066971272230E-002
   2.3931977804750204E-002
   2.3936382494866848E-002
   2.3938639089465141E-002
   2.3939015809446573E-002
   2.3941376246511936E-002
   2.3948356509208679E-002
   2.3954229429364204E-002
   2.3954489268362522E-002
   2.3957112804055214E-002
   2.3958063684403896E-002
   2.3964225780218840E-002
   2.3969244211912155E-002
   2.3974744137376547E-002
   2.3974883370101452E-002
   2.3976223077625036E-002
   2.3977431468665600E-002
   2.3981142323464155E-002
   2.3982416838407516E-002
   2.3986727464944124E-002
   2.3990747053176165E-002
   2.3993131238967180E-002
   2.3993908893316984E-002
   2.3994287475943565E-002
   2.3995779920369387E-002
   2.3998248856514692E-002
   2.3998531512916088E-002
   2.3999083321541548E-002
   2.4000546894967556E-002
   2.4000938981771469E-002
   2.4003401864320040E-002
   2.4011696223169565E-002
   2.4012592621147633E-002
   2.4013758171349764E-002
   2.4013832677155733E-002
   2.4014522321522236E-002
   2.4016086943447590E-002
   2.4016270413994789E-002
   2.4016362614929676E-002
   2.4017352145165205E-002
   2.4017885793000460E-002
   2.4019743781536818E-002
   2.4019790347665548E-002
   2.4022237863391638E-002
   2.4022822268307209E-002
   2.4024809245020151E-002
   2.4025836959481239E-002
   2.4026293773204088E-002
   2.4026376195251942E-002
   2.4028164800256491E-002
   2.4028695654124022E-002
   2.4034130852669477E-002
   2.4039118550717831E-002
   2.4042217526584864E-002
   2.4042630568146706E-002
   2.4045012425631285E-002
   2.4047180544584990E-002
   2.4049655068665743E-002
   2.4052755441516638E-002
   2.4053775239735842E-002
   2.4057477712631226E-002
   2.4061600212007761E-002
   2.4064456578344107E-002
   2.4076832458376884E-002
   2.4080571718513966E-002
   2.4083642754703760E-002
   2.4085069075226784E-002
   2.4086142424494028E-002
   2.4086520541459322E-002
   2.4091624654829502E-002
   2.4092080071568489E-002
   2.4092704523354769E-002
   2.4093630257993937E-002
   2.4095741566270590E-002
   2.4097615387290716E-002
   2.4099496658891439E-002
   2.4099803529679775E-002
   2.4101587478071451E-002
   2.4102478753775358E-002
   2.4102961644530296E-002
   2.4104389827698469E-002
   2.4106094613671303E-002
   2.4108318146318197E-002
   2.4110923986881971E-002
   2.4110942147672176E-002
   2.4116411805152893E-002
   2.4117927998304367E-002
   2.4120690766721964E-002
   2.4122935254126787E-002
   2.4128029588609934E-002
   2.4131741840392351E-002
   2.4133507162332535E-002
   2.4134955834597349E-002
   2.4135683663189411E-002
   2.4142810609191656E-002
   2.4144118186086416E-002
   2.4151884485036135E-002
   2.4154374841600657E-002
   2.4157765321433544E-002
   2.4158783722668886E-002
   2.4158790707588196E-002
   2.4162302259355783E-002
   2.4163670837879181E-002
   2.4164515081793070E-002
   2.4165010079741478E-002
   2.4166704621165991E-002
   2.4168518837541342E-002
   2.4169287178665400E-002
   2.4173069279640913E-002
   2.4173250421881676E-002
   2.4175663944333792E-002
   2.4176911916583776E-002
   2.4177442770451307E-002
   2.4180122651159763E-002
   2.4182206485420465E-002
   2.4183038622140884E-002
   2.4183425121009350E-002
   2.4185087531805038E-002
   2.4185958784073591E-002
   2.4186734575778246E-002
   2.4187072180211544E-002
   2.4188140872865915E-002
   2.4189116433262825E-002
   2.4190501309931278E-002
   2.4195284117013216E-002
   2.4197372607886791E-002
   2.4198549333959818E-002
   2.4199671112000942E-002
   2.4201574269682169E-002
   2.4202726781368256E-002
   2.4203555192798376E-002
   2.4203696753829718E-002
   2.4207248352468014E-002
   2.4208360817283392E-002
   2.4210427887737751E-002
   2.4210600182414055E-002
   2.4211079347878695E-002
   2.4211195763200521E-002
   2.4213480763137341E-002
   2.4224249180406332E-002
   2.4227474816143513E-002
   2.4228491820394993E-002
   2.4229569826275110E-002
   2.4230786133557558E-002
   2.4232087191194296E-002
   2.4233780801296234E-002
   2.4235281161963940E-002
   2.4235439021140337E-002
   2.4236217606812716E-002
   2.4236529599875212E-002
   2.4237892124801874E-002
   2.4238734971731901E-002
   2.4243842810392380E-002
   2.4247301276773214E-002
   2.4247791618108749E-002
   2.4249349255114794E-002
   2.4251541588455439E-002
   2.4255233816802502E-002
   2.4255823809653521E-002
   2.4259116966277361E-002
   2.4260646197944880E-002
   2.4268019478768110E-002
   2.4270249530673027E-002
   2.4271048605442047E-002
   2.4274237453937531E-002
   2.4275816511362791E-002
   2.4278047960251570E-002
   2.4278807919472456E-002
   2.4282764177769423E-002
   2.4285271298140287E-002
   2.4286394473165274E-002
   2.4288434069603682E-002
   2.4288619402796030E-002
   2.4289777968078852E-002
   2.4291473906487226E-002
   2.4291628040373325E-002
   2.4301115423440933E-002
   2.4306939914822578E-002
   2.4308267049491405E-002
   2.4317372590303421E-002
   2.4318456184118986E-002
   2.4318873416632414E-002
   2.4319801945239305E-002
   2.4319960735738277E-002
   2.4320268072187901E-002
   2.4321528617292643E-002
   2.4322886951267719E-002
   2.4324420839548111E-002
   2.4324676487594843E-002
   2.4325223639607430E-002
   2.4325707461684942E-002
   2.4328287690877914E-002
   2.4328690953552723E-002
   2.4331961758434772E-002
   2.4334481917321682E-002
   2.4337558541446924E-002
   2.4341803975403309E-002
   2.4342713411897421E-002
   2.4346370249986649E-002
   2.4348048027604818E-002
   2.4348049424588680E-002
   2.4348529987037182E-002
   2.4352903012186289E-002
   2.4356367532163858E-002
   2.4357636459171772E-002
   2.4361124727874994E-002
   2.4364379234611988E-002
   2.4369617924094200E-002
   2.4375022854655981E-002
   2.4378049653023481E-002
   2.4378201924264431E-002
   2.4384221527725458E-002
   2.4386251345276833E-002
   2.4387485347688198E-002
   2.4387923069298267E-002
   2.4398493114858866E-002
   2.4403163697570562E-002
   2.4403899908065796E-002
   2.4404890835285187E-002
   2.4409817997366190E-002
   2.4410707410424948E-002
   2.4412320461124182E-002
   2.4414644110947847E-002
   2.4415527470409870E-002
   2.4416807107627392E-002
   2.4417903739959002E-002
   2.4417982902377844E-002
   2.4420242756605148E-002
   2.4425155483186245E-002
   2.4425947107374668E-002
   2.4428796488791704E-002
   2.4431074038147926E-002
   2.4431218393146992E-002
   2.4431620724499226E-002
   2.4431738536804914E-002
   2.4432497099041939E-002
   2.4433362297713757E-002
   2.4434914812445641E-002
   2.4437347427010536E-002
   2.4441772140562534E-002
   2.4444284383207560E-002
   2.4445001967251301E-002
   2.4445322342216969E-002
   2.4445598479360342E-002
   2.4446727242320776E-002
   2.4447313044220209E-002
   2.4449673481285572E-002
   2.4449827615171671E-002
   2.4450775235891342E-002
   2.4455768521875143E-002
   2.4456747341901064E-002
   2.4459347128868103E-002
   2.4459421169012785E-002
   2.4459524545818567E-002
   2.4460473563522100E-002
   2.4462045636028051E-002
   2.4462996982038021E-002
   2.4463051464408636E-002
   2.4464020971208811E-002
   2.4470283184200525E-002
   2.4470796342939138E-002
   2.4475856218487024E-002
   2.4477054364979267E-002
   2.4482176173478365E-002
   2.4482270702719688E-002
   2.4483158718794584E-002
   2.4484361056238413E-002
   2.4484370835125446E-002
   2.4484943598508835E-002
   2.4487626273185015E-002
   2.4488392286002636E-002
   2.4491379037499428E-002
   2.4492016993463039E-002
   2.4494211189448833E-002
   2.4495236109942198E-002
   2.4495706427842379E-002
   2.4496962316334248E-002
   2.4497771169990301E-002
   2.4509866256266832E-002
   2.4510128889232874E-002
   2.4511588737368584E-002
   2.4512812960892916E-002
   2.4516922887414694E-002
   2.4523779284209013E-002
   2.4524434935301542E-002
   2.4527277797460556E-002
   2.4532825220376253E-002
   2.4538618978112936E-002
   2.4540634825825691E-002
   2.4547014851123095E-002
   2.4550231639295816E-002
   2.4554915726184845E-002
   2.4555115960538387E-002
   2.4555294308811426E-002
   2.4556590709835291E-002
   2.4556879885494709E-002
   2.4557271506637335E-002
   2.4559819605201483E-002
   2.4561159778386354E-002
   2.4561657570302486E-002
   2.4561717640608549E-002
   2.4562743492424488E-002
   2.4564177729189396E-002
   2.4564332794398069E-002
   2.4565815925598145E-002
   2.4570400360971689E-002
   2.4571003392338753E-002
   2.4571766145527363E-002
   2.4571958929300308E-002
   2.4573045317083597E-002
   2.4577764328569174E-002
   2.4578455369919538E-002
   2.4582796264439821E-002
   2.4585903156548738E-002
   2.4593876209110022E-002
   2.4596408940851688E-002
   2.4599108379334211E-002
   2.4603465106338263E-002
   2.4603531230241060E-002
   2.4603632278740406E-002
   2.4606956634670496E-002
   2.4610813241451979E-002
   2.4611430242657661E-002
   2.4611603468656540E-002
   2.4613138288259506E-002
   2.4613603018224239E-002
   2.4619212374091148E-002
   2.4619363714009523E-002
   2.4622770491987467E-002
   2.4622937198728323E-002
   2.4623710196465254E-002
   2.4625109042972326E-002
   2.4627371691167355E-002
   2.4630696047097445E-002
   2.4632916320115328E-002
   2.4633533321321011E-002
   2.4633601307868958E-002
   2.4639930576086044E-002
   2.4640523362904787E-002
   2.4647348094731569E-002
   2.4649139959365129E-002
   2.4650732055306435E-002
   2.4653128813952208E-002
   2.4653989356011152E-002
   2.4655297864228487E-002
   2.4657055269926786E-002
   2.4657904170453548E-002
   2.4660699069499969E-002
   2.4661350063979626E-002
   2.4662460200488567E-002
   2.4663751013576984E-002
   2.4666686542332172E-002
   2.4668632540851831E-002
   2.4669265840202570E-002
   2.4673860054463148E-002
   2.4676213040947914E-002
   2.4677917826920748E-002
   2.4679511319845915E-002
   2.4679689668118954E-002
   2.4681824725121260E-002
   2.4682133924216032E-002
   2.4682756513357162E-002
   2.4683308787643909E-002
   2.4684512056410313E-002
   2.4687348399311304E-002
   2.4688914883881807E-002
   2.4694217834621668E-002
   2.4695075582712889E-002
   2.4695320054888725E-002
   2.4697687476873398E-002
   2.4699650704860687E-002
   2.4699928238987923E-002
   2.4704309180378914E-002
   2.4708411656320095E-002
   2.4708746466785669E-002
   2.4710185825824738E-002
   2.4712125770747662E-002
   2.4713928811252117E-002
   2.4715498555451632E-002
   2.4716245010495186E-002
   2.4717227090150118E-002
   2.4718266911804676E-002
   2.4719713255763054E-002
   2.4720713496208191E-002
   2.4724426679313183E-002
   2.4724673479795456E-002
   2.4725221097469330E-002
   2.4729543831199408E-002
   2.4730445817112923E-002
   2.4733873549848795E-002
   2.4736153893172741E-002
   2.4737722706049681E-002
   2.4742395151406527E-002
   2.4743719026446342E-002
   2.4744321592152119E-002
   2.4744442664086819E-002
   2.4744854774326086E-002
   2.4756036233156919E-002
   2.4758263025432825E-002
   2.4761588312685490E-002
   2.4762563873082399E-002
   2.4762587156146765E-002
   2.4763902183622122E-002
   2.4765830952674150E-002
   2.4766860529780388E-002
   2.4767254944890738E-002
   2.4770533200353384E-002
   2.4770704098045826E-002
   2.4774777702987194E-002
   2.4775417521595955E-002
   2.4776578415185213E-002
   2.4784374516457319E-002
   2.4786205496639013E-002
   2.4790984112769365E-002
   2.4793047457933426E-002
   2.4793480988591909E-002
   2.4794504046440125E-002
   2.4797914549708366E-002
   2.4801012128591537E-002
   2.4805600289255381E-002
   2.4807834532111883E-002
   2.4808128364384174E-002
   2.4812015704810619E-002
   2.4813273921608925E-002
   2.4813667871057987E-002
   2.4819873273372650E-002
   2.4820292368531227E-002
   2.4822033010423183E-002
   2.4823739659041166E-002
   2.4824261665344238E-002
   2.4826323613524437E-002
   2.4827860761433840E-002
   2.4829019326716661E-002
   2.4832010734826326E-002
   2.4835630785673857E-002
   2.4838398676365614E-002
   2.4843372404575348E-002
   2.4847559165209532E-002
   2.4856754112988710E-002
   2.4861359503120184E-002
   2.4863724596798420E-002
   2.4865383747965097E-002
   2.4865982588380575E-002
   2.4866321589797735E-002
   2.4866520892828703E-002
   2.4867099709808826E-002
   2.4871011264622211E-002
   2.4871138855814934E-002
   2.4871509522199631E-002
   2.4872382637113333E-002
   2.4872497189790010E-002
   2.4872604291886091E-002
   2.4874767754226923E-002
   2.4886649101972580E-002
   2.4887776933610439E-002
   2.4890277069061995E-002
   2.4891286622732878E-002
   2.4891575798392296E-002
   2.4891657289117575E-002
   2.4893113877624273E-002
   2.4895414244383574E-002
   2.4896564893424511E-002
   2.4896875489503145E-002
   2.4900390300899744E-002
   2.4901519995182753E-002
   2.4902257602661848E-002
   2.4902652017772198E-002
   2.4904729332774878E-002
   2.4904903955757618E-002
   2.4906387552618980E-002
   2.4907257407903671E-002
   2.4908066727221012E-002
   2.4911902844905853E-002
   2.4911937303841114E-002
   2.4915229994803667E-002
   2.4916435591876507E-002
   2.4919691495597363E-002
   2.4921462405472994E-002
   2.4921741336584091E-002
   2.4923969991505146E-002
   2.4925631470978260E-002
   2.4926988407969475E-002
   2.4931369349360466E-002
   2.4936564266681671E-002
   2.4938708636909723E-002
   2.4939313065260649E-002
   2.4945010431110859E-002
   2.4947928730398417E-002
   2.4952776730060577E-002
   2.4955039843916893E-002
   2.4962529074400663E-002
   2.4962930008769035E-002
   2.4964401498436928E-002
   2.4965952616184950E-002
   2.4969145189970732E-002
   2.4971396662294865E-002
   2.4972389452159405E-002
   2.4973241146653891E-002
   2.4973247665911913E-002
   2.4974033702164888E-002
   2.4974339175969362E-002
   2.4976103100925684E-002
   2.4980508256703615E-002
   2.4981254246085882E-002
   2.4985804222524166E-002
   2.4985804222524166E-002
   2.4987774435430765E-002
   2.4989046622067690E-002
   2.4991055019199848E-002
   2.4991069920361042E-002
   2.4991503451019526E-002
   2.4992145597934723E-002
   2.4992185179144144E-002
   2.4995303247123957E-002
   2.4996853899210691E-002
   2.4997279513627291E-002
   2.4998128879815340E-002
   2.4999083485454321E-002
   2.5001565925776958E-002
   2.5001971051096916E-002
   2.5002891663461924E-002
   2.5004723109304905E-002
   2.5005748961120844E-002
   2.5013596750795841E-002
   2.5015452876687050E-002
   2.5017701089382172E-002
   2.5020850356668234E-002
   2.5020896457135677E-002
   2.5026674848049879E-002
   2.5029554963111877E-002
   2.5031869765371084E-002
   2.5032059289515018E-002
   2.5032230187207460E-002
   2.5034261401742697E-002
   2.5034628808498383E-002
   2.5034833233803511E-002
   2.5038331747055054E-002
   2.5038722436875105E-002
   2.5038933847099543E-002
   2.5041049346327782E-002
   2.5042174383997917E-002
   2.5043720845133066E-002
   2.5044573005288839E-002
   2.5044818408787251E-002
   2.5046966969966888E-002
   2.5048935785889626E-002
   2.5050265248864889E-002
   2.5050907861441374E-002
   2.5057884398847818E-002
   2.5059446226805449E-002
   2.5059943553060293E-002
   2.5061855558305979E-002
   2.5062098167836666E-002
   2.5062209460884333E-002
   2.5063574314117432E-002
   2.5063993874937296E-002
   2.5067164096981287E-002
   2.5067212525755167E-002
   2.5067443493753672E-002
   2.5069503113627434E-002
   2.5070420000702143E-002
   2.5075792800635099E-002
   2.5078970938920975E-002
   2.5086066685616970E-002
   2.5088129565119743E-002
   2.5089039932936430E-002
   2.5091127026826143E-002
   2.5091636925935745E-002
   2.5095286313444376E-002
   2.5096742901951075E-002
   2.5105727836489677E-002
   2.5111408438533545E-002
   2.5116459000855684E-002
   2.5116770528256893E-002
   2.5117096025496721E-002
   2.5119009893387556E-002
   2.5121197570115328E-002
   2.5122646242380142E-002
   2.5123563129454851E-002
   2.5125404354184866E-002
   2.5126432999968529E-002
   2.5127816013991833E-002
   2.5134226307272911E-002
   2.5135768577456474E-002
   2.5146194733679295E-002
   2.5148122571408749E-002
   2.5148255750536919E-002
   2.5149436201900244E-002
   2.5150503497570753E-002
   2.5155515875667334E-002
   2.5158361066132784E-002
   2.5160258170217276E-002
   2.5163881946355104E-002
   2.5164510589092970E-002
   2.5167184416204691E-002
   2.5167807005345821E-002
   2.5167929474264383E-002
   2.5168359279632568E-002
   2.5168587453663349E-002
   2.5171116460114717E-002
   2.5172639172524214E-002
   2.5173234287649393E-002
   2.5174821726977825E-002
   2.5175674352794886E-002
   2.5176979135721922E-002
   2.5177835952490568E-002
   2.5178979150950909E-002
   2.5180515367537737E-002
   2.5181432720273733E-002
   2.5182114448398352E-002
   2.5182803161442280E-002
   2.5184595026075840E-002
   2.5184712838381529E-002
   2.5186195038259029E-002
   2.5188392959535122E-002
   2.5191539898514748E-002
   2.5195271708071232E-002
   2.5196463800966740E-002
   2.5197197683155537E-002
   2.5199064984917641E-002
   2.5201067328453064E-002
   2.5201112963259220E-002
   2.5205715559422970E-002
   2.5206996593624353E-002
   2.5207018479704857E-002
   2.5210413616150618E-002
   2.5211594067513943E-002
   2.5212991051375866E-002
   2.5214003399014473E-002
   2.5215867441147566E-002
   2.5216088630259037E-002
   2.5216142181307077E-002
   2.5220710318535566E-002
   2.5222890079021454E-002
   2.5225684512406588E-002
   2.5226257275789976E-002
   2.5226694066077471E-002
   2.5227776262909174E-002
   2.5228696409612894E-002
   2.5230207014828920E-002
   2.5230269879102707E-002
   2.5231437291949987E-002
   2.5234680157154799E-002
   2.5235396344214678E-002
   2.5236980523914099E-002
   2.5237286929041147E-002
   2.5239267852157354E-002
   2.5239436421543360E-002
   2.5240686722099781E-002
   2.5243891868740320E-002
   2.5247802957892418E-002
   2.5252440944314003E-002
   2.5253134313970804E-002
   2.5257116649299860E-002
   2.5258353911340237E-002
   2.5259344838559628E-002
   2.5260157417505980E-002
   2.5261633563786745E-002
   2.5262155104428530E-002
   2.5262696202844381E-002
   2.5266778655350208E-002
   2.5272026192396879E-002
   2.5273860897868872E-002
   2.5273934938013554E-002
   2.5274304207414389E-002
   2.5275442283600569E-002
   2.5277840904891491E-002
   2.5278928689658642E-002
   2.5281927082687616E-002
   2.5283972267061472E-002
   2.5284592993557453E-002
   2.5287596043199301E-002
   2.5289176497608423E-002
   2.5289820041507483E-002
   2.5291961152106524E-002
   2.5293467566370964E-002
   2.5293480139225721E-002
   2.5297158397734165E-002
   2.5299070402979851E-002
   2.5299531407654285E-002
   2.5299909990280867E-002
   2.5301132351160049E-002
   2.5303324684500694E-002
   2.5306592229753733E-002
   2.5316104292869568E-002
   2.5316481012851000E-002
   2.5317526888102293E-002
   2.5320545304566622E-002
   2.5324587710201740E-002
   2.5327172130346298E-002
   2.5327734649181366E-002
   2.5329000316560268E-002
   2.5330725591629744E-002
   2.5332644581794739E-002
   2.5335951708257198E-002
   2.5338095612823963E-002
   2.5341468397527933E-002
   2.5344043504446745E-002
   2.5345673318952322E-002
   2.5350944604724646E-002
   2.5351894553750753E-002
   2.5351949967443943E-002
   2.5352107360959053E-002
   2.5353235192596912E-002
   2.5353483855724335E-002
   2.5360455270856619E-002
   2.5360722560435534E-002
   2.5362427346408367E-002
   2.5362646672874689E-002
   2.5362877175211906E-002
   2.5365511421114206E-002
   2.5366070214658976E-002
   2.5366182439029217E-002
   2.5366372428834438E-002
   2.5367069989442825E-002
   2.5367858354002237E-002
   2.5369622744619846E-002
   2.5370072107762098E-002
   2.5370344985276461E-002
   2.5370492134243250E-002
   2.5377230253070593E-002
   2.5385866872966290E-002
   2.5386326480656862E-002
   2.5386373978108168E-002
   2.5387283414602280E-002
   2.5387594010680914E-002
   2.5387863628566265E-002
   2.5389479938894510E-002
   2.5389538612216711E-002
   2.5392051786184311E-002
   2.5392528157681227E-002
   2.5393521413207054E-002
   2.5399889331310987E-002
   2.5403875857591629E-002
   2.5406206026673317E-002
   2.5407013949006796E-002
   2.5408454705029726E-002
   2.5408763438463211E-002
   2.5409013498574495E-002
   2.5409522000700235E-002
   2.5413746945559978E-002
   2.5416218675673008E-002
   2.5416664779186249E-002
   2.5416911579668522E-002
   2.5417327415198088E-002
   2.5418666657060385E-002
   2.5419936049729586E-002
   2.5422500446438789E-002
   2.5423741433769464E-002
   2.5427641347050667E-002
   2.5428872555494308E-002
   2.5429596658796072E-002
   2.5432147551327944E-002
   2.5440710596740246E-002
   2.5440942030400038E-002
   2.5442081503570080E-002
   2.5442908052355051E-002
   2.5444717612117529E-002
   2.5446288287639618E-002
   2.5446808431297541E-002
   2.5450121611356735E-002
   2.5455797091126442E-002
   2.5458218529820442E-002
   2.5458264164626598E-002
   2.5460544042289257E-002
   2.5461092125624418E-002
   2.5461591314524412E-002
   2.5462480727583170E-002
   2.5466685649007559E-002
   2.5466691702604294E-002
   2.5470807682722807E-002
   2.5474052410572767E-002
   2.5477443356066942E-002
   2.5480784941464663E-002
   2.5483441539108753E-002
   2.5485291611403227E-002
   2.5487849488854408E-002
   2.5489386636763811E-002
   2.5491080246865749E-002
   2.5494099128991365E-002
   2.5494317058473825E-002
   2.5494610425084829E-002
   2.5495405308902264E-002
   2.5496176909655333E-002
   2.5500239338725805E-002
   2.5503503624349833E-002
   2.5503873359411955E-002
   2.5505844969302416E-002
   2.5507013779133558E-002
   2.5508041493594646E-002
   2.5510682258754969E-002
   2.5510886684060097E-002
   2.5511121843010187E-002
   2.5511236395686865E-002
   2.5514667388051748E-002
   2.5517553091049194E-002
   2.5517900940030813E-002
   2.5526803918182850E-002
   2.5545649230480194E-002
   2.5549280457198620E-002
   2.5549971032887697E-002
   2.5552705395966768E-002
   2.5553105399012566E-002
   2.5554417632520199E-002
   2.5558349676430225E-002
   2.5562146678566933E-002
   2.5565512478351593E-002
   2.5565649382770061E-002
   2.5566945318132639E-002
   2.5569306686520576E-002
   2.5569941848516464E-002
   2.5570056401193142E-002
   2.5571872014552355E-002
   2.5572071783244610E-002
   2.5577406864613295E-002
   2.5578193832188845E-002
   2.5585870258510113E-002
   2.5589833967387676E-002
   2.5590877514332533E-002
   2.5591834448277950E-002
   2.5593814440071583E-002
   2.5598116684705019E-002
   2.5598121806979179E-002
   2.5604553055018187E-002
   2.5605365633964539E-002
   2.5606632698327303E-002
   2.5606828276067972E-002
   2.5608504191040993E-002
   2.5609827600419521E-002
   2.5612088385969400E-002
   2.5613068137317896E-002
   2.5613622739911079E-002
   2.5613642763346434E-002
   2.5615750811994076E-002
   2.5617427658289671E-002
   2.5619110092520714E-002
   2.5620159693062305E-002
   2.5626045651733875E-002
   2.5626412127166986E-002
   2.5628710165619850E-002
   2.5632268283516169E-002
   2.5634300429373980E-002
   2.5635458528995514E-002
   2.5636293925344944E-002
   2.5638226419687271E-002
   2.5641742628067732E-002
   2.5642819236963987E-002
   2.5643572676926851E-002
   2.5647134054452181E-002
   2.5647735688835382E-002
   2.5649440009146929E-002
   2.5656728073954582E-002
   2.5658488273620605E-002
   2.5658777449280024E-002
   2.5660683866590261E-002
   2.5661107618361712E-002
   2.5661458261311054E-002
   2.5661981198936701E-002
   2.5664046872407198E-002
   2.5665493682026863E-002
   2.5667861104011536E-002
   2.5668139103800058E-002
   2.5671387556940317E-002
   2.5672918651252985E-002
   2.5675687938928604E-002
   2.5675936602056026E-002
   2.5677762925624847E-002
   2.5678549893200397E-002
   2.5679809506982565E-002
   2.5680901948362589E-002
   2.5681198108941317E-002
   2.5681851431727409E-002
   2.5684905704110861E-002
   2.5685446802526712E-002
   2.5686186738312244E-002
   2.5686431210488081E-002
   2.5688639376312494E-002
   2.5688762776553631E-002
   2.5691248010843992E-002
   2.5693131610751152E-002
   2.5694660842418671E-002
   2.5696138385683298E-002
   2.5698888581246138E-002
   2.5701210368424654E-002
   2.5705566629767418E-002
   2.5709765963256359E-002
   2.5712891947478056E-002
   2.5716659612953663E-002
   2.5717220734804869E-002
   2.5720697827637196E-002
   2.5722847785800695E-002
   2.5724710896611214E-002
   2.5724805425852537E-002
   2.5725982617586851E-002
   2.5729858782142401E-002
   2.5731342844665051E-002
   2.5731451343744993E-002
   2.5732800364494324E-002
   2.5733611080795527E-002
   2.5733743328601122E-002
   2.5734060909599066E-002
   2.5734559167176485E-002
   2.5738585274666548E-002
   2.5743661448359489E-002
   2.5745386723428965E-002
   2.5745794642716646E-002
   2.5748090352863073E-002
   2.5749469641596079E-002
   2.5749970227479935E-002
   2.5750989560037851E-002
   2.5751371867954731E-002
   2.5752111338078976E-002
   2.5752407032996416E-002
   2.5753357913345098E-002
   2.5755305774509907E-002
   2.5756754912436008E-002
   2.5758150964975357E-002
   2.5758527684956789E-002
   2.5760088581591845E-002
   2.5760439224541187E-002
   2.5762166362255812E-002
   2.5769688189029694E-002
   2.5769970845431089E-002
   2.5770548265427351E-002
   2.5770577136427164E-002
   2.5771349668502808E-002
   2.5773366447538137E-002
   2.5782016571611166E-002
   2.5783115997910500E-002
   2.5783209595829248E-002
   2.5784381199628115E-002
   2.5788417086005211E-002
   2.5791816413402557E-002
   2.5794009212404490E-002
   2.5798510760068893E-002
   2.5799783412367105E-002
   2.5800528470426798E-002
   2.5801002047955990E-002
   2.5801109150052071E-002
   2.5802141521126032E-002
   2.5803895667195320E-002
   2.5810024701058865E-002
   2.5811666157096624E-002
   2.5812762323766947E-002
   2.5825349614024162E-002
   2.5825508404523134E-002
   2.5831095874309540E-002
   2.5832355022430420E-002
   2.5833843741565943E-002
   2.5834401138126850E-002
   2.5834644213318825E-002
   2.5835090316832066E-002
   2.5835999287664890E-002
   2.5836354121565819E-002
   2.5837094523012638E-002
   2.5840220972895622E-002
   2.5840567890554667E-002
   2.5840939488261938E-002
   2.5848918128758669E-002
   2.5849232450127602E-002
   2.5849833618849516E-002
   2.5853657629340887E-002
   2.5854424107819796E-002
   2.5856012944132090E-002
   2.5862738955765963E-002
   2.5863633025437593E-002
   2.5865204632282257E-002
   2.5865246541798115E-002
   2.5865339674055576E-002
   2.5866552256047726E-002
   2.5866875890642405E-002
   2.5867221411317587E-002
   2.5871916208416224E-002
   2.5881052482873201E-002
   2.5881373789161444E-002
   2.5883486960083246E-002
   2.5884133297950029E-002
   2.5885439012199640E-002
   2.5886177085340023E-002
   2.5888293515890837E-002
   2.5889310985803604E-002
   2.5889487005770206E-002
   2.5892320089042187E-002
   2.5894159916788340E-002
   2.5895157828927040E-002
   2.5896148756146431E-002
   2.5898995809257030E-002
   2.5899356696754694E-002
   2.5899380445480347E-002
   2.5900625623762608E-002
   2.5903209112584591E-002
   2.5903435889631510E-002
   2.5904558598995209E-002
   2.5910842698067427E-002
   2.5913198012858629E-002
   2.5913357734680176E-002
   2.5916956365108490E-002
   2.5920647196471691E-002
   2.5920873973518610E-002
   2.5928833987563848E-002
   2.5932542514055967E-002
   2.5935535319149494E-002
   2.5938018225133419E-002
   2.5938689243048429E-002
   2.5941105559468269E-002
   2.5942435953766108E-002
   2.5946551002562046E-002
   2.5951279792934656E-002
   2.5955428835004568E-002
   2.5959228631108999E-002
   2.5961629580706358E-002
   2.5962534360587597E-002
   2.5963381398469210E-002
   2.5963859632611275E-002
   2.5964093394577503E-002
   2.5965287815779448E-002
   2.5965739972889423E-002
   2.5966472458094358E-002
   2.5967322755604982E-002
   2.5968160480260849E-002
   2.5968828704208136E-002
   2.5968941859900951E-002
   2.5970852468162775E-002
   2.5971556082367897E-002
   2.5974040850996971E-002
   2.5976920966058969E-002
   2.5977731682360172E-002
   2.5980395730584860E-002
   2.5985747110098600E-002
   2.5988299399614334E-002
   2.5989014655351639E-002
   2.5991934351623058E-002
   2.5992035865783691E-002
   2.5993688963353634E-002
   2.5994564872235060E-002
   2.5996697135269642E-002
   2.5999215897172689E-002
   2.6003333274275064E-002
   2.6005940977483988E-002
   2.6008208282291889E-002
   2.6009139604866505E-002
   2.6011421345174313E-002
   2.6011500041931868E-002
   2.6013698428869247E-002
   2.6015422772616148E-002
   2.6017327792942524E-002
   2.6019257958978415E-002
   2.6027072686702013E-002
   2.6027707848697901E-002
   2.6029161643236876E-002
   2.6031966786831617E-002
   2.6037246454507113E-002
   2.6039676740765572E-002
   2.6039927266538143E-002
   2.6043273508548737E-002
   2.6048532687127590E-002
   2.6049120351672173E-002
   2.6049498002976179E-002
   2.6053347624838352E-002
   2.6058487594127655E-002
   2.6059921830892563E-002
   2.6061980053782463E-002
   2.6062297169119120E-002
   2.6062795426696539E-002
   2.6065597310662270E-002
   2.6068938896059990E-002
   2.6071037631481886E-002
   2.6071669068187475E-002
   2.6071842759847641E-002
   2.6072544045746326E-002
   2.6073511224240065E-002
   2.6073584333062172E-002
   2.6084221433848143E-002
   2.6084549725055695E-002
   2.6087366975843906E-002
   2.6087399106472731E-002
   2.6092027779668570E-002
   2.6092056650668383E-002
   2.6093347463756800E-002
   2.6093999855220318E-002
   2.6094360277056694E-002
   2.6097292546182871E-002
   2.6102480944246054E-002
   2.6102663949131966E-002
   2.6103170122951269E-002
   2.6103712152689695E-002
   2.6103807147592306E-002
   2.6104076765477657E-002
   2.6104146614670753E-002
   2.6104364078491926E-002
   2.6105775032192469E-002
   2.6108561083674431E-002
   2.6108811143785715E-002
   2.6110860519111156E-002
   2.6111013721674681E-002
   2.6113145053386688E-002
   2.6116790249943733E-002
   2.6122821494936943E-002
   2.6123503223061562E-002
   2.6123947929590940E-002
   2.6126117445528507E-002
   2.6126180775463581E-002
   2.6130058802664280E-002
   2.6131690014153719E-002
   2.6136370841413736E-002
   2.6136742904782295E-002
   2.6139074470847845E-002
   2.6142879854887724E-002
   2.6144462171941996E-002
   2.6149368379265070E-002
   2.6149431243538857E-002
   2.6154166087508202E-002
   2.6154528371989727E-002
   2.6155761443078518E-002
   2.6158402208238840E-002
   2.6158981025218964E-002
   2.6159312110394239E-002
   2.6159337721765041E-002
   2.6162332855165005E-002
   2.6163358241319656E-002
   2.6167319621890783E-002
   2.6167633943259716E-002
   2.6172334793955088E-002
   2.6173116639256477E-002
   2.6178874541074038E-002
   2.6180349290370941E-002
   2.6181956287473440E-002
   2.6185981463640928E-002
   2.6186876930296421E-002
   2.6187109760940075E-002
   2.6192259043455124E-002
   2.6192295365035534E-002
   2.6192548684775829E-002
   2.6205761358141899E-002
   2.6210810523480177E-002
   2.6211711578071117E-002
   2.6213486678898335E-002
   2.6213758159428835E-002
   2.6215800084173679E-002
   2.6221896056085825E-002
   2.6222391519695520E-002
   2.6222976855933666E-002
   2.6224489789456129E-002
   2.6225330308079720E-002
   2.6228381786495447E-002
   2.6238194666802883E-002
   2.6239431463181973E-002
   2.6241529732942581E-002
   2.6242453604936600E-002
   2.6245171204209328E-002
   2.6245385408401489E-002
   2.6254223659634590E-002
   2.6255298405885696E-002
   2.6262799743562937E-002
   2.6265171822160482E-002
   2.6266709435731173E-002
   2.6270167436450720E-002
   2.6271483860909939E-002
   2.6271488051861525E-002
   2.6273299008607864E-002
   2.6276430115103722E-002
   2.6279166806489229E-002
   2.6282517705112696E-002
   2.6286069769412279E-002
   2.6287700980901718E-002
   2.6292350143194199E-002
   2.6292829308658838E-002
   2.6293578557670116E-002
   2.6295027229934931E-002
   2.6296142488718033E-002
   2.6307399384677410E-002
   2.6308216620236635E-002
   2.6309365872293711E-002
   2.6309745851904154E-002
   2.6311174500733614E-002
   2.6312777772545815E-002
   2.6313813403248787E-002
   2.6316244620829821E-002
   2.6319209486246109E-002
   2.6320592500269413E-002
   2.6320793200284243E-002
   2.6322184596210718E-002
   2.6323073543608189E-002
   2.6323178783059120E-002
   2.6323485653847456E-002
   2.6323819532990456E-002
   2.6326432824134827E-002
   2.6331347879022360E-002
   2.6334046386182308E-002
   2.6335074566304684E-002
   2.6336703449487686E-002
   2.6338198222219944E-002
   2.6339957490563393E-002
   2.6340974960476160E-002
   2.6342299766838551E-002
   2.6344967540353537E-002
   2.6346168015152216E-002
   2.6347486767917871E-002
   2.6348356623202562E-002
   2.6349030435085297E-002
   2.6351633016020060E-002
   2.6358950883150101E-002
   2.6360009331256151E-002
   2.6360502932220697E-002
   2.6363682933151722E-002
   2.6364421006292105E-002
   2.6370789855718613E-002
   2.6372561696916819E-002
   2.6372665073722601E-002
   2.6379967574030161E-002
   2.6380701921880245E-002
   2.6382268872112036E-002
   2.6382302399724722E-002
   2.6382768526673317E-002
   2.6383045129477978E-002
   2.6384342461824417E-002
   2.6386114768683910E-002
   2.6386119425296783E-002
   2.6390047278255224E-002
   2.6390569750219584E-002
   2.6391837745904922E-002
   2.6393112260848284E-002
   2.6394413784146309E-002
   2.6394447311758995E-002
   2.6396070607006550E-002
   2.6397267822176218E-002
   2.6398824062198400E-002
   2.6400187052786350E-002
   2.6402477174997330E-002
   2.6407110504806042E-002
   2.6407974772155285E-002
   2.6408669538795948E-002
   2.6410334277898073E-002
   2.6412175968289375E-002
   2.6414048857986927E-002
   2.6414660736918449E-002
   2.6416175067424774E-002
   2.6417029090225697E-002
   2.6418452151119709E-002
   2.6419076602905989E-002
   2.6421307586133480E-002
   2.6433161925524473E-002
   2.6433460880070925E-002
   2.6438920758664608E-002
   2.6442552916705608E-002
   2.6448601391166449E-002
   2.6449787896126509E-002
   2.6455137878656387E-002
   2.6455520652234554E-002
   2.6458214037120342E-002
   2.6458293665200472E-002
   2.6458407752215862E-002
   2.6462969370186329E-002
   2.6466181967407465E-002
   2.6467947289347649E-002
   2.6469066273421049E-002
   2.6469554286450148E-002
   2.6470287702977657E-002
   2.6470518205314875E-002
   2.6477651204913855E-002
   2.6479506865143776E-002
   2.6482529938220978E-002
   2.6484990026801825E-002
   2.6486468967050314E-002
   2.6489931158721447E-002
   2.6490236632525921E-002
   2.6490867603570223E-002
   2.6491594500839710E-002
   2.6500456500798464E-002
   2.6501615997403860E-002
   2.6501617394387722E-002
   2.6503191329538822E-002
   2.6504140347242355E-002
   2.6506241876631975E-002
   2.6506348978728056E-002
   2.6506429538130760E-002
   2.6506885420531034E-002
   2.6508151553571224E-002
   2.6511089410632849E-002
   2.6512426789849997E-002
   2.6513252872973680E-002
   2.6515535544604063E-002
   2.6518324390053749E-002
   2.6520993560552597E-002
   2.6521785650402308E-002
   2.6522526517510414E-002
   2.6527313049882650E-002
   2.6530243456363678E-002
   2.6531944517046213E-002
   2.6537271682173014E-002
   2.6538262609392405E-002
   2.6541150640696287E-002
   2.6542421430349350E-002
   2.6543488726019859E-002
   2.6545289438217878E-002
   2.6550524868071079E-002
   2.6553388219326735E-002
   2.6553498115390539E-002
   2.6554254814982414E-002
   2.6556852273643017E-002
   2.6557442266494036E-002
   2.6558014564216137E-002
   2.6558314915746450E-002
   2.6558541227132082E-002
   2.6560576166957617E-002
   2.6560637634247541E-002
   2.6560962200164795E-002
   2.6562451384961605E-002
   2.6563533581793308E-002
   2.6564704719930887E-002
   2.6565257925540209E-002
   2.6566224172711372E-002
   2.6566836517304182E-002
   2.6572381611913443E-002
   2.6573342271149158E-002
   2.6575788855552673E-002
   2.6576087344437838E-002
   2.6579300407320261E-002
   2.6581490878015757E-002
   2.6598647702485323E-002
   2.6599335949867964E-002
   2.6601079851388931E-002
   2.6609302498400211E-002
   2.6609621010720730E-002
   2.6610379107296467E-002
   2.6615908369421959E-002
   2.6619872078299522E-002
   2.6621601544320583E-002
   2.6621625758707523E-002
   2.6621788274496794E-002
   2.6622362900525331E-002
   2.6624544057995081E-002
   2.6626639068126678E-002
   2.6630788575857878E-002
   2.6631402317434549E-002
   2.6634119451045990E-002
   2.6637065690010786E-002
   2.6637989096343517E-002
   2.6638193987309933E-002
   2.6639027055352926E-002
   2.6640272699296474E-002
   2.6640639640390873E-002
   2.6641714852303267E-002
   2.6642666198313236E-002
   2.6642686687409878E-002
   2.6646567508578300E-002
   2.6647411752492189E-002
   2.6647902559489012E-002
   2.6651316322386265E-002
   2.6651476509869099E-002
   2.6653053238987923E-002
   2.6659023948013783E-002
   2.6660170406103134E-002
   2.6660234667360783E-002
   2.6662056799978018E-002
   2.6663044001907110E-002
   2.6664217002689838E-002
   2.6665493380278349E-002
   2.6666590943932533E-002
   2.6668152306228876E-002
   2.6668467558920383E-002
   2.6669431943446398E-002
   2.6669517625123262E-002
   2.6669574435800314E-002
   2.6673315092921257E-002
   2.6674081105738878E-002
   2.6675998233258724E-002
   2.6681099086999893E-002
   2.6684642769396305E-002
   2.6686694473028183E-002
   2.6687184814363718E-002
   2.6688844896852970E-002
   2.6692179962992668E-002
   2.6695682201534510E-002
   2.6698929257690907E-002
   2.6701137889176607E-002
   2.6701352093368769E-002
   2.6703239884227514E-002
   2.6704743038862944E-002
   2.6704779360443354E-002
   2.6705185417085886E-002
   2.6707733515650034E-002
   2.6709439698606730E-002
   2.6712973602116108E-002
   2.6713205501437187E-002
   2.6719224173575640E-002
   2.6721054688096046E-002
   2.6722832582890987E-002
   2.6723287533968687E-002
   2.6723695918917656E-002
   2.6723897550255060E-002
   2.6732339989393950E-002
   2.6733942795544863E-002
   2.6736252475529909E-002
   2.6736603118479252E-002
   2.6738915592432022E-002
   2.6742176618427038E-002
   2.6745372917503119E-002
   2.6749989017844200E-002
   2.6750676799565554E-002
   2.6756287552416325E-002
   2.6757249142974615E-002
   2.6757324114441872E-002
   2.6757692452520132E-002
   2.6762699708342552E-002
   2.6763142552226782E-002
   2.6763350237160921E-002
   2.6764829177409410E-002
   2.6768091600388288E-002
   2.6771104894578457E-002
   2.6771917939186096E-002
   2.6773325633257627E-002
   2.6773876044899225E-002
   2.6774034369736910E-002
   2.6776160113513470E-002
   2.6777339167892933E-002
   2.6780278421938419E-002
   2.6781746186316013E-002
   2.6785110123455524E-002
   2.6785415597259998E-002
   2.6792699936777353E-002
   2.6792983990162611E-002
   2.6793541386723518E-002
   2.6796502526849508E-002
   2.6812712661921978E-002
   2.6813751086592674E-002
   2.6814122218638659E-002
   2.6815085671842098E-002
   2.6817550882697105E-002
   2.6820306666195393E-002
   2.6820989791303873E-002
   2.6824028696864843E-002
   2.6825379114598036E-002
   2.6833235286176205E-002
   2.6836987119168043E-002
   2.6844977866858244E-002
   2.6845777872949839E-002
   2.6846366003155708E-002
   2.6847135275602341E-002
   2.6849664747714996E-002
   2.6854407973587513E-002
   2.6855410076677799E-002
   2.6855900883674622E-002
   2.6856362354010344E-002
   2.6859112549573183E-002
   2.6859706267714500E-002
   2.6860883925110102E-002
   2.6864563580602407E-002
   2.6868527289479971E-002
   2.6869684457778931E-002
   2.6870324742048979E-002
   2.6872018352150917E-002
   2.6873268652707338E-002
   2.6874678675085306E-002
   2.6874828152358532E-002
   2.6874910108745098E-002
   2.6877171359956264E-002
   2.6879161596298218E-002
   2.6879205834120512E-002
   2.6880405843257904E-002
   2.6880691759288311E-002
   2.6881271041929722E-002
   2.6881625410169363E-002
   2.6887385640293360E-002
   2.6887391228228807E-002
   2.6887407526373863E-002
   2.6889158878475428E-002
   2.6891101151704788E-002
   2.6896129362285137E-002
   2.6896228082478046E-002
   2.6896422728896141E-002
   2.6896491646766663E-002
   2.6897104922682047E-002
   2.6899592485278845E-002
   2.6907034218311310E-002
   2.6910701766610146E-002
   2.6913270354270935E-002
   2.6918895076960325E-002
   2.6924709323793650E-002
   2.6930310297757387E-002
   2.6936649344861507E-002
   2.6938399299979210E-002
   2.6939839590340853E-002
   2.6941992342472076E-002
   2.6942890137434006E-002
   2.6944299694150686E-002
   2.6945492252707481E-002
   2.6947382371872663E-002
   2.6950411032885313E-002
   2.6954804547131062E-002
   2.6957109104841948E-002
   2.6958084665238857E-002
   2.6960331480950117E-002
   2.6964847929775715E-002
   2.6965306140482426E-002
   2.6966847945004702E-002
   2.6972701307386160E-002
   2.6973060332238674E-002
   2.6973349042236805E-002
   2.6984485331922770E-002
   2.6986755430698395E-002
   2.6989704463630915E-002
   2.6995908468961716E-002
   2.6998130138963461E-002
   2.7000919450074434E-002
   2.7001002803444862E-002
   2.7001481037586927E-002
   2.7001674287021160E-002
   2.7005419600754976E-002
   2.7006831951439381E-002
   2.7011341415345669E-002
   2.7017112355679274E-002
   2.7019341941922903E-002
   2.7022033464163542E-002
   2.7022153139114380E-002
   2.7024064213037491E-002
   2.7024371549487114E-002
   2.7026255149394274E-002
   2.7026354335248470E-002
   2.7028140611946583E-002
   2.7029945049434900E-002
   2.7032734826207161E-002
   2.7034478727728128E-002
   2.7034965809434652E-002
   2.7042098343372345E-002
   2.7045923750847578E-002
   2.7049253694713116E-002
   2.7049417607486248E-002
   2.7049529366195202E-002
   2.7050512842833996E-002
   2.7050829026848078E-002
   2.7054711710661650E-002
   2.7056375984102488E-002
   2.7056817431002855E-002
   2.7057725004851818E-002
   2.7058120816946030E-002
   2.7062609791755676E-002
   2.7063801418989897E-002
   2.7064706664532423E-002
   2.7065864298492670E-002
   2.7069423347711563E-002
   2.7074120007455349E-002
   2.7074259705841541E-002
   2.7076506521552801E-002
   2.7078301645815372E-002
   2.7079141698777676E-002
   2.7079253923147917E-002
   2.7081720996648073E-002
   2.7082610409706831E-002
   2.7083845343440771E-002
   2.7085566427558661E-002
   2.7089089620858431E-002
   2.7089999988675117E-002
   2.7095592580735683E-002
   2.7096176054328680E-002
   2.7098972816020250E-002
   2.7099449187517166E-002
   2.7105034328997135E-002
   2.7106176130473614E-002
   2.7106955647468567E-002
   2.7107134461402893E-002
   2.7111456729471684E-002
   2.7111589908599854E-002
   2.7115589473396540E-002
   2.7118910104036331E-002
   2.7118945494294167E-002
   2.7120015118271112E-002
   2.7120873797684908E-002
   2.7121261693537235E-002
   2.7121833525598049E-002
   2.7123277075588703E-002
   2.7123657986521721E-002
   2.7124536689370871E-002
   2.7126227971166372E-002
   2.7133324183523655E-002
   2.7135508134961128E-002
   2.7142174076288939E-002
   2.7149612084031105E-002
   2.7153310365974903E-002
   2.7153614908456802E-002
   2.7154055424034595E-002
   2.7154583483934402E-002
   2.7155114803463221E-002
   2.7157525997608900E-002
   2.7157530654221773E-002
   2.7158087585121393E-002
   2.7164619415998459E-002
   2.7167626190930605E-002
   2.7168095577508211E-002
   2.7168788947165012E-002
   2.7169273234903812E-002
   2.7174856513738632E-002
   2.7175527997314930E-002
   2.7181936893612146E-002
   2.7184118516743183E-002
   2.7185020036995411E-002
   2.7186460793018341E-002
   2.7187725063413382E-002
   2.7189477346837521E-002
   2.7192066423594952E-002
   2.7193102054297924E-002
   2.7195590082556009E-002
   2.7195766102522612E-002
   2.7196779381483793E-002
   2.7197062969207764E-002
   2.7203218545764685E-002
   2.7207804843783379E-002
   2.7209966909140348E-002
   2.7213974855840206E-002
   2.7214949484914541E-002
   2.7215652633458376E-002
   2.7217174880206585E-002
   2.7219594456255436E-002
   2.7219732291996479E-002
   2.7220051735639572E-002
   2.7222769800573587E-002
   2.7223327197134495E-002
   2.7226334437727928E-002
   2.7230622246861458E-002
   2.7231164742261171E-002
   2.7235310990363359E-002
   2.7235517743974924E-002
   2.7237876784056425E-002
   2.7239384595304728E-002
   2.7242089156061411E-002
   2.7246045880019665E-002
   2.7247177436947823E-002
   2.7247948106378317E-002
   2.7248132508248091E-002
   2.7248170226812363E-002
   2.7251634281128645E-002
   2.7252138126641512E-002
   2.7253201697021723E-002
   2.7255113702267408E-002
   2.7255326509475708E-002
   2.7257611975073814E-002
   2.7257898356765509E-002
   2.7259061578661203E-002
   2.7259511873126030E-002
   2.7260467410087585E-002
   2.7260662987828255E-002
   2.7262502349913120E-002
   2.7265450917184353E-002
   2.7266493998467922E-002
   2.7269263286143541E-002
   2.7269588783383369E-002
   2.7270192280411720E-002
   2.7272467967122793E-002
   2.7274812106043100E-002
   2.7278098277747631E-002
   2.7278373017907143E-002
   2.7280456386506557E-002
   2.7283130679279566E-002
   2.7286527212709188E-002
   2.7286923490464687E-002
   2.7287085540592670E-002
   2.7288464363664389E-002
   2.7292343322187662E-002
   2.7293214574456215E-002
   2.7293965220451355E-002
   2.7294172905385494E-002
   2.7296746149659157E-002
   2.7296978980302811E-002
   2.7297047898173332E-002
   2.7305422816425562E-002
   2.7309987694025040E-002
   2.7313791215419769E-002
   2.7314302977174520E-002
   2.7320334687829018E-002
   2.7321915142238140E-002
   2.7326473966240883E-002
   2.7326602023094893E-002
   2.7326900977641344E-002
   2.7330410666763783E-002
   2.7334259357303381E-002
   2.7335619088262320E-002
   2.7338369283825159E-002
   2.7339540421962738E-002
   2.7339822147041559E-002
   2.7340726461261511E-002
   2.7342605404555798E-002
   2.7344399131834507E-002
   2.7345515321940184E-002
   2.7347136754542589E-002
   2.7350191026926041E-002
   2.7351423632353544E-002
   2.7352306991815567E-002
   2.7353429701179266E-002
   2.7354330290108919E-002
   2.7354687917977571E-002
   2.7358088176697493E-002
   2.7358520310372114E-002
   2.7359052095562220E-002
   2.7360823005437851E-002
   2.7361073065549135E-002
   2.7361646760255098E-002
   2.7364654466509819E-002
   2.7366217225790024E-002
   2.7375674340873957E-002
   2.7376940473914146E-002
   2.7380207087844610E-002
   2.7382929809391499E-002
   2.7383176144212484E-002
   2.7385118883103132E-002
   2.7385951019823551E-002
   2.7386419940739870E-002
   2.7390384115278721E-002
   2.7390860486775637E-002
   2.7391307055950165E-002
   2.7391827665269375E-002
   2.7393542230129242E-002
   2.7395971119403839E-002
   2.7398484759032726E-002
   2.7400752529501915E-002
   2.7401106432080269E-002
   2.7403705287724733E-002
   2.7409721165895462E-002
   2.7410879265516996E-002
   2.7410979382693768E-002
   2.7416005264967680E-002
   2.7417547069489956E-002
   2.7418945915997028E-002
   2.7420376427471638E-002
   2.7424715459346771E-002
   2.7425277046859264E-002
   2.7428413275629282E-002
   2.7430410962551832E-002
   2.7438623830676079E-002
   2.7440199162811041E-002
   2.7441209647804499E-002
   2.7443557977676392E-002
   2.7445908170193434E-002
   2.7446140069514513E-002
   2.7450173627585173E-002
   2.7450522407889366E-002
   2.7452298440039158E-002
   2.7452856767922640E-002
   2.7454789262264967E-002
   2.7457689866423607E-002
   2.7460204437375069E-002
   2.7461231220513582E-002
   2.7469194959849119E-002
   2.7470123488456011E-002
   2.7470708359032869E-002
   2.7471751440316439E-002
   2.7475565206259489E-002
   2.7483290061354637E-002
   2.7490790467709303E-002
   2.7493009343743324E-002
   2.7496518567204475E-002
   2.7498221024870872E-002
   2.7498691342771053E-002
   2.7499351184815168E-002
   2.7501111384481192E-002
   2.7503106277436018E-002
   2.7503691148012877E-002
   2.7505532372742891E-002
   2.7505927253514528E-002
   2.7506057173013687E-002
   2.7509469073265791E-002
   2.7511934284120798E-002
   2.7513663284480572E-002
   2.7516717091202736E-002
   2.7516731526702642E-002
   2.7517297305166721E-002
   2.7519153896719217E-002
   2.7519315946847200E-002
   2.7520728763192892E-002
   2.7531903237104416E-002
   2.7537156362086535E-002
   2.7538029942661524E-002
   2.7545222081243992E-002
   2.7546270750463009E-002
   2.7546470053493977E-002
   2.7547350618988276E-002
   2.7547433041036129E-002
   2.7550237253308296E-002
   2.7552988380193710E-002
   2.7555160690099001E-002
   2.7556028217077255E-002
   2.7560392394661903E-002
   2.7561040129512548E-002
   2.7563380077481270E-002
   2.7563574723899364E-002
   2.7564235962927341E-002
   2.7565480675548315E-002
   2.7567649725824594E-002
   2.7569748461246490E-002
   2.7573885396122932E-002
   2.7578030712902546E-002
   2.7579379733651876E-002
   2.7579756919294596E-002
   2.7579923160374165E-002
   2.7580399066209793E-002
   2.7585731353610754E-002
   2.7585782576352358E-002
   2.7587296441197395E-002
   2.7587366756051779E-002
   2.7587834279984236E-002
   2.7588135097175837E-002
   2.7591725345700979E-002
   2.7593930717557669E-002
   2.7593946550041437E-002
   2.7596635278314352E-002
   2.7598128654062748E-002
   2.7598286047577858E-002
   2.7598414104431868E-002
   2.7600641828030348E-002
   2.7602934744209051E-002
   2.7603062335401773E-002
   2.7606692630797625E-002
   2.7609955519437790E-002
   2.7613658923655748E-002
   2.7615983970463276E-002
   2.7616473846137524E-002
   2.7618061285465956E-002
   2.7619853150099516E-002
   2.7620401699095964E-002
   2.7622849214822054E-002
   2.7624255977571011E-002
   2.7628573589026928E-002
   2.7628882322460413E-002
   2.7631013188511133E-002
   2.7633418794721365E-002
   2.7634016238152981E-002
   2.7638598810881376E-002
   2.7639592997729778E-002
   2.7641936205327511E-002
   2.7643890120089054E-002
   2.7645297348499298E-002
   2.7654876932501793E-002
   2.7654896490275860E-002
   2.7655770536512136E-002
   2.7657204773277044E-002
   2.7659241110086441E-002
   2.7660478372126818E-002
   2.7661678381264210E-002
   2.7662429027259350E-002
   2.7663154993206263E-002
   2.7663832530379295E-002
   2.7666525449603796E-002
   2.7668852359056473E-002
   2.7670873329043388E-002
   2.7671062387526035E-002
   2.7672479394823313E-002
   2.7674220968037844E-002
   2.7675047982484102E-002
   2.7676986530423164E-002
   2.7677455451339483E-002
   2.7678173035383224E-002
   2.7679301798343658E-002
   2.7682023588567972E-002
   2.7682163286954165E-002
   2.7682550251483917E-002
   2.7682945597916842E-002
   2.7684976346790791E-002
   2.7688621077686548E-002
   2.7694335673004389E-002
   2.7695325203239918E-002
   2.7696234639734030E-002
   2.7696969453245401E-002
   2.7698753867298365E-002
   2.7701080311089754E-002
   2.7702800929546356E-002
   2.7704011648893356E-002
   2.7704661246389151E-002
   2.7708463836461306E-002
   2.7711379341781139E-002
   2.7713049668818712E-002
   2.7716124895960093E-002
   2.7721681632101536E-002
   2.7722476981580257E-002
   2.7723237872123718E-002
   2.7724957093596458E-002
   2.7725280728191137E-002
   2.7731088455766439E-002
   2.7734215836971998E-002
   2.7741437312215567E-002
   2.7742743957787752E-002
   2.7746206615120173E-002
   2.7749148197472095E-002
   2.7751112822443247E-002
   2.7753313537687063E-002
   2.7756046503782272E-002
   2.7758234646171331E-002
   2.7758449316024780E-002
   2.7758611831814051E-002
   2.7760254684835672E-002
   2.7765188831835985E-002
   2.7769812382757664E-002
   2.7778729330748320E-002
   2.7779026422649622E-002
   2.7784913778305054E-002
   2.7784969657659531E-002
   2.7786097954958677E-002
   2.7786399703472853E-002
   2.7786727994680405E-002
   2.7787463273853064E-002
   2.7789378073066473E-002
   2.7790168765932322E-002
   2.7794667053967714E-002
   2.7795171830803156E-002
   2.7795822359621525E-002
   2.7801844291388988E-002
   2.7803214732557535E-002
   2.7805701363831758E-002
   2.7805762365460396E-002
   2.7807303704321384E-002
   2.7812895365059376E-002
   2.7813795953989029E-002
   2.7815249748528004E-002
   2.7815638110041618E-002
   2.7821525000035763E-002
   2.7822128031402826E-002
   2.7826879639178514E-002
   2.7827040292322636E-002
   2.7829230763018131E-002
   2.7829449158161879E-002
   2.7831224258989096E-002
   2.7835518587380648E-002
   2.7836054097861052E-002
   2.7836702298372984E-002
   2.7837484143674374E-002
   2.7838775422424078E-002
   2.7838799636811018E-002
   2.7838824316859245E-002
   2.7841681148856878E-002
   2.7842231094837189E-002
   2.7846775949001312E-002
   2.7846814598888159E-002
   2.7848511468619108E-002
   2.7849473059177399E-002
   2.7849786449223757E-002
   2.7850616723299026E-002
   2.7851173654198647E-002
   2.7852704282850027E-002
   2.7853367850184441E-002
   2.7854487765580416E-002
   2.7856805361807346E-002
   2.7862187940627337E-002
   2.7863192837685347E-002
   2.7866201940923929E-002
   2.7866437099874020E-002
   2.7869712561368942E-002
   2.7871675323694944E-002
   2.7871772181242704E-002
   2.7874620631337166E-002
   2.7875625062733889E-002
   2.7876356150954962E-002
   2.7877474669367075E-002
   2.7879411354660988E-002
   2.7879459783434868E-002
   2.7882897295057774E-002
   2.7883075643330812E-002
   2.7883746661245823E-002
   2.7887237258255482E-002
   2.7887633536010981E-002
   2.7888510376214981E-002
   2.7888573706150055E-002
   2.7890582568943501E-002
   2.7890961151570082E-002
   2.7893200051039457E-002
   2.7894752565771341E-002
   2.7895587496459484E-002
   2.7895688079297543E-002
   2.7895730920135975E-002
   2.7896426618099213E-002
   2.7896899264305830E-002
   2.7897736523300409E-002
   2.7898971457034349E-002
   2.7899656910449266E-002
   2.7900733985006809E-002
   2.7901085093617439E-002
   2.7901131194084883E-002
   2.7901422232389450E-002
   2.7905128430575132E-002
   2.7910002972930670E-002
   2.7912420686334372E-002
   2.7912804391235113E-002
   2.7914623264223337E-002
   2.7914704289287329E-002
   2.7916012331843376E-002
   2.7922992594540119E-002
   2.7925684116780758E-002
   2.7928062714636326E-002
   2.7931727468967438E-002
   2.7932452037930489E-002
   2.7933117933571339E-002
   2.7936604339629412E-002
   2.7941105887293816E-002
   2.7945321053266525E-002
   2.7946630492806435E-002
   2.7953325305134058E-002
   2.7956004720181227E-002
   2.7960213832557201E-002
   2.7960533276200294E-002
   2.7962428983300924E-002
   2.7962694410234690E-002
   2.7964756358414888E-002
   2.7967476285994053E-002
   2.7969642076641321E-002
   2.7970060240477324E-002
   2.7970399241894484E-002
   2.7972226496785879E-002
   2.7973970398306847E-002
   2.7976372744888067E-002
   2.7977907098829746E-002
   2.7978793252259493E-002
   2.7979341335594654E-002
   2.7986939065158367E-002
   2.7990698814392090E-002
   2.7991591952741146E-002
   2.7992714196443558E-002
   2.7993408497422934E-002
   2.7993551455438137E-002
   2.7994773350656033E-002
   2.7995382901281118E-002
   2.7996663469821215E-002
   2.8003556188195944E-002
   2.8004076331853867E-002
   2.8004338964819908E-002
   2.8005813714116812E-002
   2.8006065636873245E-002
   2.8008569031953812E-002
   2.8010960668325424E-002
   2.8011395130306482E-002
   2.8014994226396084E-002
   2.8016675729304552E-002
   2.8018025215715170E-002
   2.8019141405820847E-002
   2.8022350743412971E-002
   2.8023784514516592E-002
   2.8024992905557156E-002
   2.8025269508361816E-002
   2.8027606196701527E-002
   2.8028090484440327E-002
   2.8029867447912693E-002
   2.8033462818711996E-002
   2.8034246060997248E-002
   2.8037662617862225E-002
   2.8038428630679846E-002
   2.8039031662046909E-002
   2.8039162047207355E-002
   2.8041244484484196E-002
   2.8041341807693243E-002
   2.8042423073202372E-002
   2.8042485471814871E-002
   2.8050804510712624E-002
   2.8052940499037504E-002
   2.8053900692611933E-002
   2.8056846000254154E-002
   2.8058401308953762E-002
   2.8058419004082680E-002
   2.8060224372893572E-002
   2.8060509357601404E-002
   2.8063588310033083E-002
   2.8073538560420275E-002
   2.8074343223124743E-002
   2.8077983763068914E-002
   2.8078898787498474E-002
   2.8079221490770578E-002
   2.8085555415600538E-002
   2.8086420614272356E-002
   2.8087565675377846E-002
   2.8088240418583155E-002
   2.8092465363442898E-002
   2.8093199245631695E-002
   2.8093229513615370E-002
   2.8093715663999319E-002
   2.8096275404095650E-002
   2.8097560629248619E-002
   2.8097800910472870E-002
   2.8100654017180204E-002
   2.8104128316044807E-002
   2.8106036596000195E-002
   2.8107902035117149E-002
   2.8109446633607149E-002
   2.8114666696637869E-002
   2.8114937245845795E-002
   2.8118765447288752E-002
   2.8119845781475306E-002
   2.8122541960328817E-002
   2.8129890095442533E-002
   2.8130650054663420E-002
   2.8130731079727411E-002
   2.8132375795394182E-002
   2.8132702223956585E-002
   2.8132965788245201E-002
   2.8132978826761246E-002
   2.8133593499660492E-002
   2.8134395368397236E-002
   2.8136235661804676E-002
   2.8138736728578806E-002
   2.8139622882008553E-002
   2.8139877133071423E-002
   2.8145992197096348E-002
   2.8146110475063324E-002
   2.8146159369498491E-002
   2.8146755415946245E-002
   2.8150766156613827E-002
   2.8151649981737137E-002
   2.8153267689049244E-002
   2.8160952497273684E-002
   2.8164415620267391E-002
   2.8173075523227453E-002
   2.8173283208161592E-002
   2.8178438078612089E-002
   2.8179154265671968E-002
   2.8180758003145456E-002
   2.8180952183902264E-002
   2.8186980634927750E-002
   2.8189345728605986E-002
   2.8190258890390396E-002
   2.8192387893795967E-002
   2.8194268234074116E-002
   2.8198336716741323E-002
   2.8198996093124151E-002
   2.8199079912155867E-002
   2.8199199121445417E-002
   2.8201810549944639E-002
   2.8201904613524675E-002
   2.8202341869473457E-002
   2.8202970977872610E-002
   2.8203269932419062E-002
   2.8204842004925013E-002
   2.8206558432430029E-002
   2.8207565657794476E-002
   2.8207985684275627E-002
   2.8209295123815536E-002
   2.8211211320012808E-002
   2.8212745673954487E-002
   2.8216329868882895E-002
   2.8221568558365107E-002
   2.8224463574588299E-002
   2.8224523644894361E-002
   2.8226987924426794E-002
   2.8228436131030321E-002
   2.8229484334588051E-002
   2.8236106503754854E-002
   2.8245627880096436E-002
   2.8248272836208344E-002
   2.8252612333744764E-002
   2.8253044001758099E-002
   2.8254366945475340E-002
   2.8256135527044535E-002
   2.8256318066269159E-002
   2.8256701771169901E-002
   2.8256864752620459E-002
   2.8257268946617842E-002
   2.8263726271688938E-002
   2.8266502544283867E-002
   2.8267715591937304E-002
   2.8269374743103981E-002
   2.8273571748286486E-002
   2.8277461417019367E-002
   2.8279259800910950E-002
   2.8280690312385559E-002
   2.8283911291509867E-002
   2.8285853099077940E-002
   2.8288801200687885E-002
   2.8289033100008965E-002
   2.8290895279496908E-002
   2.8290982823818922E-002
   2.8292348142713308E-002
   2.8295184951275587E-002
   2.8297187294811010E-002
   2.8297343757003546E-002
   2.8301299549639225E-002
   2.8305200394243002E-002
   2.8306339867413044E-002
   2.8307339642196894E-002
   2.8307561296969652E-002
   2.8311625588685274E-002
   2.8312311042100191E-002
   2.8312496840953827E-002
   2.8314221650362015E-002
   2.8317643795162439E-002
   2.8317912481725216E-002
   2.8319084551185369E-002
   2.8320478275418282E-002
   2.8321683406829834E-002
   2.8322602156549692E-002
   2.8328413609415293E-002
   2.8330590110272169E-002
   2.8332530520856380E-002
   2.8333688154816628E-002
   2.8334692586213350E-002
   2.8336309827864170E-002
   2.8337092138826847E-002
   2.8341391123831272E-002
   2.8343982994556427E-002
   2.8345197904855013E-002
   2.8351933695375919E-002
   2.8353640809655190E-002
   2.8355093207210302E-002
   2.8358790557831526E-002
   2.8359526768326759E-002
   2.8359758201986551E-002
   2.8361758682876825E-002
   2.8369781561195850E-002
   2.8370269574224949E-002
   2.8371074702590704E-002
   2.8372765984386206E-002
   2.8376909438520670E-002
   2.8379142284393311E-002
   2.8380787000060081E-002
   2.8382484801113605E-002
   2.8383053839206696E-002
   2.8383245225995779E-002
   2.8384210076183081E-002
   2.8387380763888359E-002
   2.8387510217726231E-002
   2.8389077167958021E-002
   2.8389187529683113E-002
   2.8390586841851473E-002
   2.8392308857291937E-002
   2.8396759647876024E-002
   2.8397929389029741E-002
   2.8402180410921574E-002
   2.8402553405612707E-002
   2.8402851428836584E-002
   2.8402902185916901E-002
   2.8406238649040461E-002
   2.8406778350472450E-002
   2.8409596998244524E-002
   2.8409601189196110E-002
   2.8412879444658756E-002
   2.8414458967745304E-002
   2.8415616136044264E-002
   2.8416344895958900E-002
   2.8418397996574640E-002
   2.8419718146324158E-002
   2.8421534691005945E-002
   2.8426740784198046E-002
   2.8426869306713343E-002
   2.8427828568965197E-002
   2.8429339174181223E-002
   2.8433814644813538E-002
   2.8434841427952051E-002
   2.8435928747057915E-002
   2.8436298482120037E-002
   2.8442290145903826E-002
   2.8442662209272385E-002
   2.8443599119782448E-002
   2.8448513243347406E-002
   2.8448798693716526E-002
   2.8450452722609043E-002
   2.8452472761273384E-002
   2.8452633880078793E-002
   2.8454693965613842E-002
   2.8454863000661135E-002
   2.8455804567784071E-002
   2.8455814346671104E-002
   2.8461599256843328E-002
   2.8463331051170826E-002
   2.8463656548410654E-002
   2.8475444298237562E-002
   2.8476581443101168E-002
   2.8478155378252268E-002
   2.8478676918894053E-002
   2.8482984285801649E-002
   2.8483481146395206E-002
   2.8486372902989388E-002
   2.8486710507422686E-002
   2.8487250208854675E-002
   2.8487361967563629E-002
   2.8489600867033005E-002
   2.8498095925897360E-002
   2.8498995583504438E-002
   2.8502287808805704E-002
   2.8503799345344305E-002
   2.8504915535449982E-002
   2.8506793081760406E-002
   2.8508074581623077E-002
   2.8511944692581892E-002
   2.8512232005596161E-002
   2.8517410159111023E-002
   2.8519430197775364E-002
   2.8520881198346615E-002
   2.8521488886326551E-002
   2.8522211126983166E-002
   2.8524169698357582E-002
   2.8524497523903847E-002
   2.8526200447231531E-002
   2.8535760473459959E-002
   2.8536074794828892E-002
   2.8536097146570683E-002
   2.8541413135826588E-002
   2.8543635737150908E-002
   2.8543652966618538E-002
   2.8546706773340702E-002
   2.8546838555485010E-002
   2.8547980822622776E-002
   2.8548107482492924E-002
   2.8550705872476101E-002
   2.8550805523991585E-002
   2.8551317285746336E-002
   2.8558724094182253E-002
   2.8561195824295282E-002
   2.8564800973981619E-002
   2.8564919251948595E-002
   2.8565345332026482E-002
   2.8565703891217709E-002
   2.8573126066476107E-002
   2.8576500248163939E-002
   2.8576659969985485E-002
   2.8581071645021439E-002
   2.8583491221070290E-002
   2.8583714738488197E-002
   2.8586541768163443E-002
   2.8586654923856258E-002
   2.8588040266185999E-002
   2.8594170231372118E-002
   2.8596126008778811E-002
   2.8596523217856884E-002
   2.8605764266103506E-002
   2.8610911685973406E-002
   2.8611663728952408E-002
   2.8611906338483095E-002
   2.8613544069230556E-002
   2.8613887727260590E-002
   2.8617236297577620E-002
   2.8619508258998394E-002
   2.8622173704206944E-002
   2.8623441234230995E-002
   2.8625342994928360E-002
   2.8628597967326641E-002
   2.8630040120333433E-002
   2.8634353540837765E-002
   2.8634775429964066E-002
   2.8634803369641304E-002
   2.8636061120778322E-002
   2.8637790121138096E-002
   2.8639065101742744E-002
   2.8639650903642178E-002
   2.8640776872634888E-002
   2.8640976175665855E-002
   2.8641952201724052E-002
   2.8643725439906120E-002
   2.8644074220210314E-002
   2.8645606711506844E-002
   2.8646626509726048E-002
   2.8651576023548841E-002
   2.8654897119849920E-002
   2.8655190952122211E-002
   2.8657146263867617E-002
   2.8663324192166328E-002
   2.8666039928793907E-002
   2.8666701167821884E-002
   2.8668832965195179E-002
   2.8670359402894974E-002
   2.8671743813902140E-002
   2.8677540365606546E-002
   2.8677940368652344E-002
   2.8679631184786558E-002
   2.8680144343525171E-002
   2.8681587893515825E-002
   2.8684539720416069E-002
   2.8685654513537884E-002
   2.8686629142612219E-002
   2.8687325306236744E-002
   2.8688827063888311E-002
   2.8689730446785688E-002
   2.8690673410892487E-002
   2.8696101624518633E-002
   2.8696833178400993E-002
   2.8697185218334198E-002
   2.8701501898467541E-002
   2.8701802249997854E-002
   2.8703092131763697E-002
   2.8703306335955858E-002
   2.8703546151518822E-002
   2.8708280064165592E-002
   2.8708810918033123E-002
   2.8710788581520319E-002
   2.8712549246847630E-002
   2.8713703621178865E-002
   2.8713721316307783E-002
   2.8722404036670923E-002
   2.8723268769681454E-002
   2.8723394963890314E-002
   2.8724969830363989E-002
   2.8725861571729183E-002
   2.8729053679853678E-002
   2.8730429243296385E-002
   2.8731801081448793E-002
   2.8734352905303240E-002
   2.8736645355820656E-002
   2.8740609996020794E-002
   2.8745366260409355E-002
   2.8745471034198999E-002
   2.8747940436005592E-002
   2.8748223558068275E-002
   2.8750674333423376E-002
   2.8754285536706448E-002
   2.8755410574376583E-002
   2.8757246211171150E-002
   2.8757493477314711E-002
   2.8757664375007153E-002
   2.8762304224073887E-002
   2.8764179442077875E-002
   2.8770331293344498E-002
   2.8774224221706390E-002
   2.8776590712368488E-002
   2.8783780522644520E-002
   2.8785727452486753E-002
   2.8789324685931206E-002
   2.8794045560061932E-002
   2.8797226026654243E-002
   2.8797565493732691E-002
   2.8799920342862606E-002
   2.8803392313420773E-002
   2.8803820256143808E-002
   2.8804389759898186E-002
   2.8805795591324568E-002
   2.8806267771869898E-002
   2.8808556497097015E-002
   2.8814222197979689E-002
   2.8817184735089540E-002
   2.8817277867347002E-002
   2.8818979393690825E-002
   2.8819186147302389E-002
   2.8820654843002558E-002
   2.8828041162341833E-002
   2.8828748501837254E-002
   2.8828823473304510E-002
   2.8832871001213789E-002
   2.8835080564022064E-002
   2.8838175348937511E-002
   2.8841328807175159E-002
   2.8842065483331680E-002
   2.8842425439506769E-002
   2.8842843603342772E-002
   2.8850345872342587E-002
   2.8850450646132231E-002
   2.8856341261416674E-002
   2.8858400415629148E-002
   2.8859315440058708E-002
   2.8860699385404587E-002
   2.8862522449344397E-002
   2.8862740844488144E-002
   2.8864140622317791E-002
   2.8864163905382156E-002
   2.8865336906164885E-002
   2.8866701759397984E-002
   2.8870608191937208E-002
   2.8872323222458363E-002
   2.8873405419290066E-002
   2.8875043615698814E-002
   2.8875609394162893E-002
   2.8879507910460234E-002
   2.8883445076644421E-002
   2.8886277694255114E-002
   2.8887142892926931E-002
   2.8889747802168131E-002
   2.8890255372971296E-002
   2.8891205321997404E-002
   2.8891372494399548E-002
   2.8899149503558874E-002
   2.8900918550789356E-002
   2.8901334386318922E-002
   2.8901555109769106E-002
   2.8902379330247641E-002
   2.8903529513627291E-002
   2.8905123937875032E-002
   2.8905687853693962E-002
   2.8906072024255991E-002
   2.8907815460115671E-002
   2.8908520471304655E-002
   2.8909340035170317E-002
   2.8912895359098911E-002
   2.8914708644151688E-002
   2.8918976895511150E-002
   2.8920212294906378E-002
   2.8920947574079037E-002
   2.8921994846314192E-002
   2.8922693803906441E-002
   2.8923020698130131E-002
   2.8926104772835970E-002
   2.8927973937243223E-002
   2.8928440064191818E-002
   2.8929965104907751E-002
   2.8930933214724064E-002
   2.8932521119713783E-002
   2.8932642657309771E-002
   2.8936132322996855E-002
   2.8938121162354946E-002
   2.8940736316144466E-002
   2.8942751232534647E-002
   2.8942869510501623E-002
   2.8944354970008135E-002
   2.8945086058229208E-002
   2.8952778782695532E-002
   2.8953045606613159E-002
   2.8953453991562128E-002
   2.8954206034541130E-002
   2.8958385344594717E-002
   2.8958708047866821E-002
   2.8963203076273203E-002
   2.8963210526853800E-002
   2.8965508565306664E-002
   2.8966980054974556E-002
   2.8971925843507051E-002
   2.8972243424504995E-002
   2.8972589876502752E-002
   2.8972814790904522E-002
   2.8973448090255260E-002
   2.8973462525755167E-002
   2.8974830638617277E-002
   2.8975225519388914E-002
   2.8978715650737286E-002
   2.8981135692447424E-002
   2.8981926385313272E-002
   2.8982562012970448E-002
   2.8985270299017429E-002
   2.8987911064177752E-002
   2.8994460124522448E-002
   2.8994613327085972E-002
   2.8994981665164232E-002
   2.8995793778449297E-002
   2.8997211717069149E-002
   2.9000681824982166E-002
   2.9001587536185980E-002
   2.9006083495914936E-002
   2.9006896540522575E-002
   2.9009744990617037E-002
   2.9013317078351974E-002
   2.9020152986049652E-002
   2.9024131596088409E-002
   2.9026069678366184E-002
   2.9027879238128662E-002
   2.9028182849287987E-002
   2.9029248747974634E-002
   2.9029555153101683E-002
   2.9035998042672873E-002
   2.9036099091172218E-002
   2.9036763124167919E-002
   2.9037679079920053E-002
   2.9039272572845221E-002
   2.9040371067821980E-002
   2.9044186696410179E-002
   2.9047254007309675E-002
   2.9048597905784845E-002
   2.9048693366348743E-002
   2.9056644532829523E-002
   2.9060215223580599E-002
   2.9061176814138889E-002
   2.9062390793114901E-002
   2.9064286034554243E-002
   2.9071170836687088E-002
   2.9074666555970907E-002
   2.9075921047478914E-002
   2.9079720843583345E-002
   2.9080134350806475E-002
   2.9090707190334797E-002
   2.9094909783452749E-002
   2.9095932841300964E-002
   2.9096319805830717E-002
   2.9100910760462284E-002
   2.9102135915309191E-002
   2.9106503818184137E-002
   2.9108326882123947E-002
   2.9109761584550142E-002
   2.9110548552125692E-002
   2.9114437289535999E-002
   2.9115609824657440E-002
   2.9118202161043882E-002
   2.9118440579622984E-002
   2.9128952417522669E-002
   2.9131949413567781E-002
   2.9133442323654890E-002
   2.9134979937225580E-002
   2.9135704971849918E-002
   2.9135841410607100E-002
   2.9137227218598127E-002
   2.9139420948922634E-002
   2.9141665436327457E-002
   2.9142058454453945E-002
   2.9146532062441111E-002
   2.9147313442081213E-002
   2.9147805646061897E-002
   2.9150045942515135E-002
   2.9150266200304031E-002
   2.9151502996683121E-002
   2.9152655042707920E-002
   2.9155793134123087E-002
   2.9156525153666735E-002
   2.9157069977372885E-002
   2.9165294487029314E-002
   2.9169399756938219E-002
   2.9175145551562309E-002
   2.9177265707403421E-002
   2.9177826363593340E-002
   2.9182272497564554E-002
   2.9183486476540565E-002
   2.9183526989072561E-002
   2.9183965176343918E-002
   2.9185116756707430E-002
   2.9185820370912552E-002
   2.9185954015702009E-002
   2.9187040869146585E-002
   2.9192648828029633E-002
   2.9200738761574030E-002
   2.9202296398580074E-002
   2.9202782083302736E-002
   2.9203691519796848E-002
   2.9204698745161295E-002
   2.9205890372395515E-002
   2.9207461513578892E-002
   2.9216627124696970E-002
   2.9217632487416267E-002
   2.9218264855444431E-002
   2.9222119599580765E-002
   2.9222301673144102E-002
   2.9223521705716848E-002
   2.9224366415292025E-002
   2.9224453028291464E-002
   2.9228229075670242E-002
   2.9230732005089521E-002
   2.9233588837087154E-002
   2.9236073605716228E-002
   2.9237824026495218E-002
   2.9237935785204172E-002
   2.9239526484161615E-002
   2.9243042692542076E-002
   2.9244399163872004E-002
   2.9246624559164047E-002
   2.9247610364109278E-002
   2.9248839709907770E-002
   2.9249952174723148E-002
   2.9258700553327799E-002
   2.9258747119456530E-002
   2.9260322917252779E-002
   2.9261523857712746E-002
   2.9263886623084545E-002
   2.9268498532474041E-002
   2.9271252453327179E-002
   2.9271292965859175E-002
   2.9277872294187546E-002
   2.9277982190251350E-002
   2.9278782662004232E-002
   2.9281904920935631E-002
   2.9282764066010714E-002
   2.9282812494784594E-002
   2.9287566896528006E-002
   2.9290203936398029E-002
   2.9290502425283194E-002
   2.9290665406733751E-002
   2.9291248414665461E-002
   2.9291667509824038E-002
   2.9295429121702909E-002
   2.9295856598764658E-002
   2.9299443587660789E-002
   2.9303011950105429E-002
   2.9308084398508072E-002
   2.9310429468750954E-002
   2.9312408063560724E-002
   2.9314881656318903E-002
   2.9315912630409002E-002
   2.9319879598915577E-002
   2.9321634676307440E-002
   2.9322482179850340E-002
   2.9323929455131292E-002
   2.9325306415557861E-002
   2.9327004216611385E-002
   2.9328547883778811E-002
   2.9332373291254044E-002
   2.9333289247006178E-002
   2.9334188904613256E-002
   2.9337799642235041E-002
   2.9338646214455366E-002
   2.9341691639274359E-002
   2.9342500492930412E-002
   2.9343506786972284E-002
   2.9346104245632887E-002
   2.9347537085413933E-002
   2.9349021613597870E-002
   2.9350226279348135E-002
   2.9351018834859133E-002
   2.9354746453464031E-002
   2.9355546925216913E-002
   2.9357593972235918E-002
   2.9365757945924997E-002
   2.9369448777288198E-002
   2.9370540287345648E-002
   2.9370796866714954E-002
   2.9371545650064945E-002
   2.9371660668402910E-002
   2.9371709097176790E-002
   2.9375543817877769E-002
   2.9383171815425158E-002
   2.9385233763605356E-002
   2.9389776755124331E-002
   2.9390227980911732E-002
   2.9390579089522362E-002
   2.9391670133918524E-002
   2.9397220816463232E-002
   2.9397250618785620E-002
   2.9397629667073488E-002
   2.9400662984699011E-002
   2.9403178952634335E-002
   2.9407912865281105E-002
   2.9418129008263350E-002
   2.9420514125376940E-002
   2.9423574917018414E-002
   2.9432954732328653E-002
   2.9434275347739458E-002
   2.9440328478813171E-002
   2.9444415122270584E-002
   2.9444963205605745E-002
   2.9445663560181856E-002
   2.9446049593389034E-002
   2.9446485918015242E-002
   2.9446926899254322E-002
   2.9447072185575962E-002
   2.9447343200445175E-002
   2.9448746703565121E-002
   2.9449195601046085E-002
   2.9450296424329281E-002
   2.9451815411448479E-002
   2.9451884329319000E-002
   2.9453461989760399E-002
   2.9454665258526802E-002
   2.9455920215696096E-002
   2.9462581500411034E-002
   2.9464351478964090E-002
   2.9465545900166035E-002
   2.9466119129210711E-002
   2.9467782005667686E-002
   2.9468147084116936E-002
   2.9471668880432844E-002
   2.9471862129867077E-002
   2.9473915696144104E-002
   2.9474480077624321E-002
   2.9475065879523754E-002
   2.9475580435246229E-002
   2.9479182325303555E-002
   2.9479549266397953E-002
   2.9479936696588993E-002
   2.9480127152055502E-002
   2.9481613077223301E-002
   2.9485560022294521E-002
   2.9487400781363249E-002
   2.9489334207028151E-002
   2.9492637608200312E-002
   2.9494308866560459E-002
   2.9494523536413908E-002
   2.9496727045625448E-002
   2.9498582240194082E-002
   2.9500703327357769E-002
   2.9501145239919424E-002
   2.9502794146537781E-002
   2.9504968784749508E-002
   2.9505647718906403E-002
   2.9507894068956375E-002
   2.9513559304177761E-002
   2.9516134411096573E-002
   2.9517299029976130E-002
   2.9520584270358086E-002
   2.9520744457840919E-002
   2.9520961456000805E-002
   2.9521326068788767E-002
   2.9525008983910084E-002
   2.9525356832891703E-002
   2.9529140796512365E-002
   2.9529536142945290E-002
   2.9532779008150101E-002
   2.9534770641475916E-002
   2.9543321114033461E-002
   2.9543635435402393E-002
   2.9546848963946104E-002
   2.9547828249633312E-002
   2.9549667146056890E-002
   2.9551243409514427E-002
   2.9552929103374481E-002
   2.9555863700807095E-002
   2.9557040892541409E-002
   2.9557316098362207E-002
   2.9557470232248306E-002
   2.9561030212789774E-002
   2.9562353156507015E-002
   2.9565468896180391E-002
   2.9565948992967606E-002
   2.9569706879556179E-002
   2.9572189785540104E-002
   2.9572919011116028E-002
   2.9573066160082817E-002
   2.9573085717856884E-002
   2.9578283894807100E-002
   2.9579517897218466E-002
   2.9581874608993530E-002
   2.9583472758531570E-002
   2.9584522359073162E-002
   2.9585117939859629E-002
   2.9587243217974901E-002
   2.9590832069516182E-002
   2.9592001345008612E-002
   2.9594223015010357E-002
   2.9596835840493441E-002
   2.9596960637718439E-002
   2.9597419779747725E-002
   2.9598721303045750E-002
   2.9600373934954405E-002
   2.9603645205497742E-002
   2.9609336052089930E-002
   2.9609368648380041E-002
   2.9610965400934219E-002
   2.9612347483634949E-002
   2.9614892322570086E-002
   2.9614994768053293E-002
   2.9617710970342159E-002
   2.9618270229548216E-002
   2.9621399939060211E-002
   2.9621651396155357E-002
   2.9624100308865309E-002
   2.9627414420247078E-002
   2.9628208838403225E-002
   2.9634390491992235E-002
   2.9637422412633896E-002
   2.9637543484568596E-002
   2.9637587722390890E-002
   2.9638798907399178E-002
   2.9639883898198605E-002
   2.9641415923833847E-002
   2.9641782864928246E-002
   2.9643637128174305E-002
   2.9644289519637823E-002
   2.9644690919667482E-002
   2.9655864462256432E-002
   2.9657063074409962E-002
   2.9657197650521994E-002
   2.9664968606084585E-002
   2.9668105300515890E-002
   2.9669214040040970E-002
   2.9672982171177864E-002
   2.9674535151571035E-002
   2.9676398728042841E-002
   2.9677862301468849E-002
   2.9679475817829370E-002
   2.9679856728762388E-002
   2.9682481661438942E-002
   2.9688057024031878E-002
   2.9689334798604250E-002
   2.9690727591514587E-002
   2.9691625386476517E-002
   2.9692973941564560E-002
   2.9693175572901964E-002
   2.9695871286094189E-002
   2.9697225894778967E-002
   2.9697604477405548E-002
   2.9698054306209087E-002
   2.9698709957301617E-002
   2.9700568411499262E-002
   2.9701071791350842E-002
   2.9704232234507799E-002
   2.9705079738050699E-002
   2.9705329798161983E-002
   2.9705381020903587E-002
   2.9709662776440382E-002
   2.9710135888308287E-002
   2.9712267685681581E-002
   2.9712516348809004E-002
   2.9715893324464560E-002
   2.9720180202275515E-002
   2.9721958097070456E-002
   2.9721997678279877E-002
   2.9724471736699343E-002
   2.9733506962656975E-002
   2.9735970310866833E-002
   2.9736240860074759E-002
   2.9736274387687445E-002
   2.9737051110714674E-002
   2.9738453682512045E-002
   2.9739966150373220E-002
   2.9741216916590929E-002
   2.9745245352387428E-002
   2.9747152235358953E-002
   2.9750033747404814E-002
   2.9753888957202435E-002
   2.9756616335362196E-002
   2.9757077340036631E-002
   2.9757341835647821E-002
   2.9759449418634176E-002
   2.9760465491563082E-002
   2.9770002700388432E-002
   2.9771196655929089E-002
   2.9774290043860674E-002
   2.9775920789688826E-002
   2.9778527095913887E-002
   2.9780396725982428E-002
   2.9786147177219391E-002
   2.9787539504468441E-002
   2.9788617044687271E-002
   2.9789735563099384E-002
   2.9790670145303011E-002
   2.9793629422783852E-002
   2.9793924652040005E-002
   2.9795996844768524E-002
   2.9799020849168301E-002
   2.9800622723996639E-002
   2.9801839496940374E-002
   2.9802800156176090E-002
   2.9804316349327564E-002
   2.9806533362716436E-002
   2.9806592036038637E-002
   2.9807338491082191E-002
   2.9809135943651199E-002
   2.9809189960360527E-002
   2.9811075422912836E-002
   2.9811862856149673E-002
   2.9812378808856010E-002
   2.9815055895596743E-002
   2.9816353227943182E-002
   2.9818104114383459E-002
   2.9818541370332241E-002
   2.9818785376846790E-002
   2.9822278302162886E-002
   2.9822506010532379E-002
   2.9822533950209618E-002
   2.9823719989508390E-002
   2.9827720951288939E-002
   2.9827779624611139E-002
   2.9832189902663231E-002
   2.9833121690899134E-002
   2.9834315646439791E-002
   2.9840739443898201E-002
   2.9843137133866549E-002
   2.9844979289919138E-002
   2.9845900367945433E-002
   2.9846217948943377E-002
   2.9848468024283648E-002
   2.9850493185222149E-002
   2.9851149301975965E-002
   2.9860633425414562E-002
   2.9862007126212120E-002
   2.9865290503948927E-002
   2.9865617863833904E-002
   2.9870945494621992E-002
   2.9872213490307331E-002
   2.9872229322791100E-002
   2.9872934799641371E-002
   2.9874135740101337E-002
   2.9875990469008684E-002
   2.9879654757678509E-002
   2.9879797250032425E-002
   2.9879970941692591E-002
   2.9886180069297552E-002
   2.9887401498854160E-002
   2.9888513498008251E-002
   2.9896529391407967E-002
   2.9897693078964949E-002
   2.9898553621023893E-002
   2.9902217444032431E-002
   2.9904964379966259E-002
   2.9905868228524923E-002
   2.9906257987022400E-002
   2.9906625393778086E-002
   2.9906639829277992E-002
   2.9907163232564926E-002
   2.9910104814916849E-002
   2.9911944177001715E-002
   2.9912216123193502E-002
   2.9912235680967569E-002
   2.9917140956968069E-002
   2.9920981265604496E-002
   2.9930090531706810E-002
   2.9930315911769867E-002
   2.9934545978903770E-002
   2.9934899881482124E-002
   2.9935101512819529E-002
   2.9935354832559824E-002
   2.9935415368527174E-002
   2.9935624450445175E-002
   2.9937309212982655E-002
   2.9937854968011379E-002
   2.9938097111880779E-002
   2.9938554391264915E-002
   2.9938965104520321E-002
   2.9942139983177185E-002
   2.9943475965410471E-002
   2.9943509958684444E-002
   2.9944743495434523E-002
   2.9945150017738342E-002
   2.9949797783046961E-002
   2.9951854143291712E-002
   2.9954153113067150E-002
   2.9956250451505184E-002
   2.9956689104437828E-002
   2.9956854879856110E-002
   2.9960507992655039E-002
   2.9961410909891129E-002
   2.9963172506541014E-002
   2.9964234214276075E-002
   2.9965270776301622E-002
   2.9967482667416334E-002
   2.9968554619699717E-002
   2.9969975352287292E-002
   2.9970478266477585E-002
   2.9970716685056686E-002
   2.9970730654895306E-002
   2.9971094802021980E-002
   2.9971234500408173E-002
   2.9980388469994068E-002
   2.9983077198266983E-002
   2.9984671156853437E-002
   2.9985060915350914E-002
   2.9991410672664642E-002
   2.9991573188453913E-002
   2.9995916876941919E-002
   3.0000479891896248E-002
   3.0000795610249043E-002
   3.0000800732523203E-002
   3.0003996100276709E-002
   3.0005191918462515E-002
   3.0005778651684523E-002
   3.0008817091584206E-002
   3.0010547488927841E-002
   3.0019605997949839E-002
   3.0021453276276588E-002
   3.0022254213690758E-002
   3.0023325234651566E-002
   3.0023831408470869E-002
   3.0027187895029783E-002
   3.0028419569134712E-002
   3.0032687354832888E-002
   3.0033047311007977E-002
   3.0034910887479782E-002
   3.0038527678698301E-002
   3.0041103716939688E-002
   3.0041968915611506E-002
   3.0044995248317719E-002
   3.0046426225453615E-002
   3.0048443004488945E-002
   3.0049321241676807E-002
   3.0054961796849966E-002
   3.0060674529522657E-002
   3.0062042176723480E-002
   3.0066370032727718E-002
   3.0066646169871092E-002
   3.0070630833506584E-002
   3.0073443427681923E-002
   3.0074495822191238E-002
   3.0076826456934214E-002
   3.0079515650868416E-002
   3.0086174141615629E-002
   3.0088291969150305E-002
   3.0088647734373808E-002
   3.0090561602264643E-002
   3.0092868953943253E-002
   3.0095010064542294E-002
   3.0096878297626972E-002
   3.0096953269094229E-002
   3.0099448747932911E-002
   3.0099580530077219E-002
   3.0104318168014288E-002
   3.0105478130280972E-002
   3.0107154510915279E-002
   3.0107313301414251E-002
   3.0109539628028870E-002
   3.0109766405075788E-002
   3.0110641848295927E-002
   3.0111451167613268E-002
   3.0111493077129126E-002
   3.0112187378108501E-002
   3.0112258624285460E-002
   3.0112544540315866E-002
   3.0115075875073671E-002
   3.0117628164589405E-002
   3.0117894988507032E-002
   3.0119802337139845E-002
   3.0121452175080776E-002
   3.0123860575258732E-002
   3.0126021709293127E-002
   3.0128212645649910E-002
   3.0128515325486660E-002
   3.0128562357276678E-002
   3.0129353515803814E-002
   3.0130264349281788E-002
   3.0130982398986816E-002
   3.0132526066154242E-002
   3.0137491412460804E-002
   3.0141210183501244E-002
   3.0141225084662437E-002
   3.0142134986817837E-002
   3.0142988078296185E-002
   3.0149045400321484E-002
   3.0150373466312885E-002
   3.0158865731209517E-002
   3.0160762369632721E-002
   3.0164403375238180E-002
   3.0166266486048698E-002
   3.0167433898895979E-002
   3.0168247409164906E-002
   3.0171453952789307E-002
   3.0178335960954428E-002
   3.0178675428032875E-002
   3.0179524328559637E-002
   3.0185253825038671E-002
   3.0187894590198994E-002
   3.0188870616257191E-002
   3.0189505778253078E-002
   3.0191517900675535E-002
   3.0192840378731489E-002
   3.0193143989890814E-002
   3.0195417813956738E-002
   3.0196724459528923E-002
   3.0197207815945148E-002
   3.0199013650417328E-002
   3.0200857669115067E-002
   3.0202947091311216E-002
   3.0203364323824644E-002
   3.0207825824618340E-002
   3.0209118966013193E-002
   3.0211613513529301E-002
   3.0215020757168531E-002
   3.0216704588383436E-002
   3.0224509071558714E-002
   3.0226008500903845E-002
   3.0226025730371475E-002
   3.0226063448935747E-002
   3.0226264614611864E-002
   3.0227274633944035E-002
   3.0228539835661650E-002
   3.0229312833398581E-002
   3.0231066979467869E-002
   3.0232525430619717E-002
   3.0239562503993511E-002
   3.0241001397371292E-002
   3.0245897360146046E-002
   3.0246917158365250E-002
   3.0253411270678043E-002
   3.0254526063799858E-002
   3.0255963094532490E-002
   3.0256374273449183E-002
   3.0256578233093023E-002
   3.0260276049375534E-002
   3.0262892600148916E-002
   3.0265458393841982E-002
   3.0269560404121876E-002
   3.0270841903984547E-002
   3.0272255185991526E-002
   3.0273028649389744E-002
   3.0273918993771076E-002
   3.0275387223809958E-002
   3.0277606565505266E-002
   3.0283296946436167E-002
   3.0287317000329494E-002
   3.0287332367151976E-002
   3.0288857873529196E-002
   3.0290655791759491E-002
   3.0293645337224007E-002
   3.0293769668787718E-002
   3.0293865595012903E-002
   3.0295141972601414E-002
   3.0295236036181450E-002
   3.0298799276351929E-002
   3.0308213550597429E-002
   3.0308668501675129E-002
   3.0315769836306572E-002
   3.0316233634948730E-002
   3.0317977536469698E-002
   3.0321472790092230E-002
   3.0322139151394367E-002
   3.0322174541652203E-002
   3.0323702841997147E-002
   3.0323839280754328E-002
   3.0327836517244577E-002
   3.0331332236528397E-002
   3.0333534348756075E-002
   3.0335922259837389E-002
   3.0339330434799194E-002
   3.0339700635522604E-002
   3.0340261291712523E-002
   3.0340371653437614E-002
   3.0347073450684547E-002
   3.0350552871823311E-002
   3.0356134753674269E-002
   3.0358481220901012E-002
   3.0365377664566040E-002
   3.0365917831659317E-002
   3.0366184189915657E-002
   3.0370109714567661E-002
   3.0370503198355436E-002
   3.0371406115591526E-002
   3.0376505106687546E-002
   3.0376866459846497E-002
   3.0378081835806370E-002
   3.0379073228687048E-002
   3.0379868578165770E-002
   3.0380383599549532E-002
   3.0389279592782259E-002
   3.0392254237085581E-002
   3.0395383480936289E-002
   3.0399525538086891E-002
   3.0405988451093435E-002
   3.0414538457989693E-002
   3.0415215063840151E-002
   3.0417261179536581E-002
   3.0417448375374079E-002
   3.0418339185416698E-002
   3.0418580863624811E-002
   3.0419119633734226E-002
   3.0420658644288778E-002
   3.0422426294535398E-002
   3.0424728989601135E-002
   3.0427766498178244E-002
   3.0433553736656904E-002
   3.0435279011726379E-002
   3.0439122114330530E-002
   3.0443273484706879E-002
   3.0443435534834862E-002
   3.0448548030108213E-002
   3.0450308229774237E-002
   3.0453003477305174E-002
   3.0453118029981852E-002
   3.0459333676844835E-002
   3.0460632406175137E-002
   3.0464912764728069E-002
   3.0465798918157816E-002
   3.0467010103166103E-002
   3.0467141885310411E-002
   3.0467222444713116E-002
   3.0469428747892380E-002
   3.0469532590359449E-002
   3.0471241567283869E-002
   3.0472490936517715E-002
   3.0474646482616663E-002
   3.0475234147161245E-002
   3.0480329878628254E-002
   3.0484270304441452E-002
   3.0485333409160376E-002
   3.0485469382256269E-002
   3.0487551353871822E-002
   3.0489014927297831E-002
   3.0489774886518717E-002
   3.0490699689835310E-002
   3.0493140220642090E-002
   3.0494055710732937E-002
   3.0494997277855873E-002
   3.0495973769575357E-002
   3.0498128384351730E-002
   3.0501075088977814E-002
   3.0502664390951395E-002
   3.0503897927701473E-002
   3.0505279544740915E-002
   3.0507284682244062E-002
   3.0510774813592434E-002
   3.0512047465890646E-002
   3.0517487321048975E-002
   3.0521856620907784E-002
   3.0524436384439468E-002
   3.0526746995747089E-002
   3.0527340248227119E-002
   3.0528374947607517E-002
   3.0529204290360212E-002
   3.0529765877872705E-002
   3.0533100478351116E-002
   3.0535368248820305E-002
   3.0535740777850151E-002
   3.0538863968104124E-002
   3.0543076805770397E-002
   3.0548168811947107E-002
   3.0550641007721424E-002
   3.0554281082004309E-002
   3.0560076236724854E-002
   3.0560235027223825E-002
   3.0560329556465149E-002
   3.0564393382519484E-002
   3.0564605724066496E-002
   3.0565282329916954E-002
   3.0569302383810282E-002
   3.0574283562600613E-002
   3.0577871017158031E-002
   3.0581119004637003E-002
   3.0582515057176352E-002
   3.0584176070988178E-002
   3.0584197957068682E-002
   3.0590568669140339E-002
   3.0591096263378859E-002
   3.0591238755732775E-002
   3.0592911876738071E-002
   3.0593857169151306E-002
   3.0599313322454691E-002
   3.0599986668676138E-002
   3.0600769910961390E-002
   3.0602185986936092E-002
   3.0603362713009119E-002
   3.0603942461311817E-002
   3.0604454223066568E-002
   3.0605269130319357E-002
   3.0607562977820635E-002
   3.0608313623815775E-002
   3.0609971377998590E-002
   3.0610869172960520E-002
   3.0611403286457062E-002
   3.0616677366197109E-002
   3.0617170501500368E-002
   3.0623795930296183E-002
   3.0628393404185772E-002
   3.0629944987595081E-002
   3.0631345231086016E-002
   3.0635059811174870E-002
   3.0636816751211882E-002
   3.0639877542853355E-002
   3.0640070792287588E-002
   3.0640074051916599E-002
   3.0642858706414700E-002
   3.0644172336906195E-002
   3.0645914375782013E-002
   3.0647797975689173E-002
   3.0648161657154560E-002
   3.0649277381598949E-002
   3.0654423404484987E-002
   3.0654781963676214E-002
   3.0656903050839901E-002
   3.0658607371151447E-002
   3.0669224448502064E-002
   3.0671543441712856E-002
   3.0679940711706877E-002
   3.0682453885674477E-002
   3.0683878809213638E-002
   3.0685658566653728E-002
   3.0685746110975742E-002
   3.0693479347974062E-002
   3.0694509390741587E-002
   3.0694578308612108E-002
   3.0701473820954561E-002
   3.0703219585120678E-002
   3.0703734140843153E-002
   3.0703796539455652E-002
   3.0705889221280813E-002
   3.0707042198628187E-002
   3.0707255937159061E-002
   3.0716104432940483E-002
   3.0717859044671059E-002
   3.0718316324055195E-002
   3.0719743110239506E-002
   3.0719994101673365E-002
   3.0720991548150778E-002
   3.0724038835614920E-002
   3.0724476557224989E-002
   3.0727286823093891E-002
   3.0728125013411045E-002
   3.0733003281056881E-002
   3.0733020510524511E-002
   3.0735258944332600E-002
   3.0740748159587383E-002
   3.0743784271180630E-002
   3.0743961688131094E-002
   3.0744533054530621E-002
   3.0744741670787334E-002
   3.0746938660740852E-002
   3.0747377313673496E-002
   3.0748386867344379E-002
   3.0750097241252661E-002
   3.0751720536500216E-002
   3.0755435116589069E-002
   3.0764658935368061E-002
   3.0765494331717491E-002
   3.0768971424549818E-002
   3.0769758392125368E-002
   3.0770828016102314E-002
   3.0771409161388874E-002
   3.0772098340094090E-002
   3.0772433616220951E-002
   3.0776731669902802E-002
   3.0776853207498789E-002
   3.0777344480156898E-002
   3.0779749155044556E-002
   3.0780805274844170E-002
   3.0783480498939753E-002
   3.0785630922764540E-002
   3.0791055411100388E-002
   3.0792513396590948E-002
   3.0793155543506145E-002
   3.0796456150710583E-002
   3.0801381915807724E-002
   3.0801624059677124E-002
   3.0802741646766663E-002
   3.0806223396211863E-002
   3.0806745868176222E-002
   3.0807808041572571E-002
   3.0808045994490385E-002
   3.0809126328676939E-002
   3.0811331234872341E-002
   3.0811465345323086E-002
   3.0812965240329504E-002
   3.0817349907010794E-002
   3.0819708481431007E-002
   3.0819937121123075E-002
   3.0821033287793398E-002
   3.0821588356047869E-002
   3.0822769273072481E-002
   3.0822812579572201E-002
   3.0825362075120211E-002
   3.0828604009002447E-002
   3.0833917669951916E-002
   3.0835278332233429E-002
   3.0836186371743679E-002
   3.0836478807032108E-002
   3.0836503487080336E-002
   3.0837785918265581E-002
   3.0839804559946060E-002
   3.0841485131531954E-002
   3.0841813422739506E-002
   3.0843402724713087E-002
   3.0846504494547844E-002
   3.0848876107484102E-002
   3.0851370655000210E-002
   3.0852133408188820E-002
   3.0855748802423477E-002
   3.0858026351779699E-002
   3.0858714599162340E-002
   3.0863048974424601E-002
   3.0864689033478498E-002
   3.0869930516928434E-002
   3.0870939139276743E-002
   3.0877250712364912E-002
   3.0883940868079662E-002
   3.0886129476130009E-002
   3.0887403059750795E-002
   3.0895483214408159E-002
   3.0896026175469160E-002
   3.0896579846739769E-002
   3.0901726800948381E-002
   3.0905560590326786E-002
   3.0906235333532095E-002
   3.0907476320862770E-002
   3.0909074004739523E-002
   3.0909462366253138E-002
   3.0912133399397135E-002
   3.0912651680409908E-002
   3.0913402326405048E-002
   3.0914874747395515E-002
   3.0915437266230583E-002
   3.0915495008230209E-002
   3.0916279181838036E-002
   3.0916719697415829E-002
   3.0919998418539762E-002
   3.0921491794288158E-002
   3.0923031270503998E-002
   3.0928425490856171E-002
   3.0930553562939167E-002
   3.0932416208088398E-002
   3.0932920053601265E-002
   3.0933339614421129E-002
   3.0936921946704388E-002
   3.0939382500946522E-002
   3.0939429998397827E-002
   3.0939444899559021E-002
   3.0942399986088276E-002
   3.0942654702812433E-002
   3.0944072641432285E-002
   3.0944964848458767E-002
   3.0945646110922098E-002
   3.0951403547078371E-002
   3.0954946763813496E-002
   3.0955251771956682E-002
   3.0955784954130650E-002
   3.0956817325204611E-002
   3.0957741662859917E-002
   3.0960151460021734E-002
   3.0961602926254272E-002
   3.0963506549596786E-002
   3.0965393874794245E-002
   3.0965787824243307E-002
   3.0976073350757360E-002
   3.0977551359683275E-002
   3.0981059651821852E-002
   3.0981967225670815E-002
   3.0982814263552427E-002
   3.0982956290245056E-002
   3.0983768403530121E-002
   3.0984788201749325E-002
   3.0987223144620657E-002
   3.0988428741693497E-002
   3.0989078804850578E-002
   3.0990767292678356E-002
   3.0997268389910460E-002
   3.1001018360257149E-002
   3.1003695912659168E-002
   3.1004085671156645E-002
   3.1008344609290361E-002
   3.1009133905172348E-002
   3.1009333208203316E-002
   3.1010552309453487E-002
   3.1011926941573620E-002
   3.1012230552732944E-002
   3.1012591440230608E-002
   3.1018408015370369E-002
   3.1023657880723476E-002
   3.1028259545564651E-002
   3.1036165077239275E-002
   3.1036953907459974E-002
   3.1037204433232546E-002
   3.1037481036037207E-002
   3.1040011905133724E-002
   3.1043290160596371E-002
   3.1045846175402403E-002
   3.1046430580317974E-002
   3.1050113029778004E-002
   3.1052138656377792E-002
   3.1060756184160709E-002
   3.1061760615557432E-002
   3.1061906367540359E-002
   3.1062747817486525E-002
   3.1064671929925680E-002
   3.1066156458109617E-002
   3.1075450591742992E-002
   3.1077333725988865E-002
   3.1079523265361786E-002
   3.1081660650670528E-002
   3.1084964517503977E-002
   3.1085748225450516E-002
   3.1088445335626602E-002
   3.1089325435459614E-002
   3.1089652795344591E-002
   3.1091073993593454E-002
   3.1093617901206017E-002
   3.1096060294657946E-002
   3.1098519917577505E-002
   3.1099039129912853E-002
   3.1101164408028126E-002
   3.1101846601814032E-002
   3.1110389623790979E-002
   3.1111856456845999E-002
   3.1115660909563303E-002
   3.1116556376218796E-002
   3.1119970604777336E-002
   3.1122793443500996E-002
   3.1125035136938095E-002
   3.1134577933698893E-002
   3.1138814985752106E-002
   3.1142617575824261E-002
   3.1144709326326847E-002
   3.1146172434091568E-002
   3.1146865338087082E-002
   3.1149296555668116E-002
   3.1159530859440565E-002
   3.1159833073616028E-002
   3.1160178594291210E-002
   3.1168796122074127E-002
   3.1168813817203045E-002
   3.1170996837317944E-002
   3.1173339579254389E-002
   3.1179140787571669E-002
   3.1179889105260372E-002
   3.1181873288005590E-002
   3.1186330597847700E-002
   3.1188802793622017E-002
   3.1188940629363060E-002
   3.1190298963338137E-002
   3.1191673129796982E-002
   3.1193046830594540E-002
   3.1193955335766077E-002
   3.1194719020277262E-002
   3.1198038253933191E-002
   3.1198348384350538E-002
   3.1198685523122549E-002
   3.1199339311569929E-002
   3.1200416851788759E-002
   3.1200906727463007E-002
   3.1201606616377831E-002
   3.1201699748635292E-002
   3.1201791018247604E-002
   3.1202938407659531E-002
   3.1205578241497278E-002
   3.1206123530864716E-002
   3.1206551939249039E-002
   3.1214287970215082E-002
   3.1214356888085604E-002
   3.1216993462294340E-002
   3.1219191383570433E-002
   3.1225158832967281E-002
   3.1230905558913946E-002
   3.1231075990945101E-002
   3.1231205444782972E-002
   3.1235011760145426E-002
   3.1239303294569254E-002
   3.1239883508533239E-002
   3.1240549869835377E-002
   3.1241766177117825E-002
   3.1241944525390863E-002
   3.1242031138390303E-002
   3.1244854442775249E-002
   3.1248925719410181E-002
   3.1249965541064739E-002
   3.1252347864210606E-002
   3.1252644490450621E-002
   3.1254888512194157E-002
   3.1261947005987167E-002
   3.1262723729014397E-002
   3.1262835953384638E-002
   3.1265906523913145E-002
   3.1266366131603718E-002
   3.1269112136214972E-002
   3.1270684208720922E-002
   3.1272331252694130E-002
   3.1272660009562969E-002
   3.1273437198251486E-002
   3.1273690517991781E-002
   3.1274886336177588E-002
   3.1277934554964304E-002
   3.1278362497687340E-002
   3.1278921291232109E-002
   3.1281199306249619E-002
   3.1281610019505024E-002
   3.1281623058021069E-002
   3.1284424010664225E-002
   3.1284888274967670E-002
   3.1285877805203199E-002
   3.1288118101656437E-002
   3.1288978643715382E-002
   3.1294644344598055E-002
   3.1296765431761742E-002
   3.1298308167606592E-002
   3.1300798989832401E-002
   3.1301923096179962E-002
   3.1309790443629026E-002
   3.1312509439885616E-002
   3.1313950661569834E-002
   3.1316198874264956E-002
   3.1318716239184141E-002
   3.1324008014053106E-002
   3.1331631820648909E-002
   3.1333153601735830E-002
   3.1334055587649345E-002
   3.1334096565842628E-002
   3.1335669569671154E-002
   3.1338290777057409E-002
   3.1339891254901886E-002
   3.1341804191470146E-002
   3.1342042144387960E-002
   3.1342731323093176E-002
   3.1342923641204834E-002
   3.1344150658696890E-002
   3.1350061297416687E-002
   3.1350372359156609E-002
   3.1353671569377184E-002
   3.1354363542050123E-002
   3.1356570776551962E-002
   3.1356589403003454E-002
   3.1359052751213312E-002
   3.1362110283225775E-002
   3.1363053247332573E-002
   3.1363816931843758E-002
   3.1364008784294128E-002
   3.1364846974611282E-002
   3.1365450937300920E-002
   3.1368396244943142E-002
   3.1372067518532276E-002
   3.1373836565762758E-002
   3.1373985577374697E-002
   3.1375784426927567E-002
   3.1381478533148766E-002
   3.1381795648485422E-002
   3.1382441520690918E-002
   3.1384328380227089E-002
   3.1386766582727432E-002
   3.1390167772769928E-002
   3.1390875577926636E-002
   3.1392627861350775E-002
   3.1392832286655903E-002
   3.1396658159792423E-002
   3.1399030704051256E-002
   3.1401137821376324E-002
   3.1401811167597771E-002
   3.1403196044266224E-002
   3.1404130160808563E-002
   3.1407036352902651E-002
   3.1412790063768625E-002
   3.1418534927070141E-002
   3.1422035302966833E-002
   3.1423519831150770E-002
   3.1426158733665943E-002
   3.1426453962922096E-002
   3.1427931506186724E-002
   3.1432865653187037E-002
   3.1433493830263615E-002
   3.1439120881259441E-002
   3.1439496204257011E-002
   3.1454080250114202E-002
   3.1454798299819231E-002
   3.1457992270588875E-002
   3.1459336634725332E-002
   3.1461611855775118E-002
   3.1463934108614922E-002
   3.1466611661016941E-002
   3.1470043584704399E-002
   3.1472726259380579E-002
   3.1473188195377588E-002
   3.1473745591938496E-002
   3.1482555903494358E-002
   3.1492133159190416E-002
   3.1494607683271170E-002
   3.1494682189077139E-002
   3.1495302449911833E-002
   3.1498466152697802E-002
   3.1500479672104120E-002
   3.1501024961471558E-002
   3.1502237543463707E-002
   3.1503635458648205E-002
   3.1504705082625151E-002
   3.1505115795880556E-002
   3.1506883446127176E-002
   3.1506995204836130E-002
   3.1509641092270613E-002
   3.1510519329458475E-002
   3.1510652508586645E-002
   3.1510892789810896E-002
   3.1511452049016953E-002
   3.1512083951383829E-002
   3.1514141708612442E-002
   3.1519166659563780E-002
   3.1519638374447823E-002
   3.1527457758784294E-002
   3.1528123654425144E-002
   3.1535200309008360E-002
   3.1539084389805794E-002
   3.1540292780846357E-002
   3.1540293712168932E-002
   3.1543540302664042E-002
   3.1547657679766417E-002
   3.1551997642964125E-002
   3.1555515713989735E-002
   3.1556118745356798E-002
   3.1557440757751465E-002
   3.1561540439724922E-002
   3.1561863142997026E-002
   3.1562189571559429E-002
   3.1566288787871599E-002
   3.1569598708301783E-002
   3.1571051105856895E-002
   3.1572330743074417E-002
   3.1574607361108065E-002
   3.1576266512274742E-002
   3.1577931251376867E-002
   3.1579421833157539E-002
   3.1579456757754087E-002
   3.1579930335283279E-002
   3.1585925724357367E-002
   3.1585999764502048E-002
   3.1587701756507158E-002
   3.1590687576681376E-002
   3.1592973507940769E-002
   3.1594649888575077E-002
   3.1596379354596138E-002
   3.1597622204571962E-002
   3.1599036883562803E-002
   3.1602744013071060E-002
   3.1603582203388214E-002
   3.1606572214514017E-002
   3.1609009020030499E-002
   3.1610171776264906E-002
   3.1615761574357748E-002
   3.1617729924619198E-002
   3.1619742047041655E-002
   3.1621328089386225E-002
   3.1621797475963831E-002
   3.1623715534806252E-002
   3.1623933929949999E-002
   3.1624962575733662E-002
   3.1625166535377502E-002
   3.1627011951059103E-002
   3.1630041543394327E-002
   3.1635606195777655E-002
   3.1641905196011066E-002
   3.1642271205782890E-002
   3.1651863828301430E-002
   3.1654439866542816E-002
   3.1655977480113506E-002
   3.1656038016080856E-002
   3.1659376807510853E-002
   3.1660545151680708E-002
   3.1662359833717346E-002
   3.1662465073168278E-002
   3.1664189882576466E-002
   3.1667305156588554E-002
   3.1674097292125225E-002
   3.1674336176365614E-002
   3.1676698941737413E-002
   3.1678136438131332E-002
   3.1681082211434841E-002
   3.1681262888014317E-002
   3.1681397929787636E-002
   3.1688536982983351E-002
   3.1689485535025597E-002
   3.1689814757555723E-002
   3.1692829914391041E-002
   3.1699362676590681E-002
   3.1701496802270412E-002
   3.1701635103672743E-002
   3.1707372516393661E-002
   3.1708452384918928E-002
   3.1711523886770010E-002
   3.1713065691292286E-002
   3.1714262440800667E-002
   3.1715683639049530E-002
   3.1717458739876747E-002
   3.1718117184937000E-002
   3.1719738617539406E-002
   3.1720464117825031E-002
   3.1722925603389740E-002
   3.1726814340800047E-002
   3.1727624125778675E-002
   3.1728180591017008E-002
   3.1730636488646269E-002
   3.1737432349473238E-002
   3.1738287769258022E-002
   3.1742612365633249E-002
   3.1743755564093590E-002
   3.1744869891554117E-002
   3.1747960951179266E-002
   3.1751439906656742E-002
   3.1755166593939066E-002
   3.1757334712892771E-002
   3.1757816672325134E-002
   3.1757981516420841E-002
   3.1758403871208429E-002
   3.1758863944560289E-002
   3.1759260222315788E-002
   3.1760985031723976E-002
   3.1762942206114531E-002
   3.1763367354869843E-002
   3.1764244195073843E-002
   3.1764612067490816E-002
   3.1766020692884922E-002
   3.1767315696924925E-002
   3.1769696623086929E-002
   3.1776200979948044E-002
   3.1778254546225071E-002
   3.1778835691511631E-002
   3.1782123725861311E-002
   3.1782525591552258E-002
   3.1782916747033596E-002
   3.1785837840288877E-002
   3.1786554493010044E-002
   3.1789980363100767E-002
   3.1790551729500294E-002
   3.1792810652405024E-002
   3.1792857684195042E-002
   3.1795017886906862E-002
   3.1799794174730778E-002
   3.1800314784049988E-002
   3.1800585333257914E-002
   3.1800685916095972E-002
   3.1801349949091673E-002
   3.1802618876099586E-002
   3.1804273370653391E-002
   3.1805484090000391E-002
   3.1805663369596004E-002
   3.1806813087314367E-002
   3.1810243148356676E-002
   3.1811377964913845E-002
   3.1812717672437429E-002
   3.1813556328415871E-002
   3.1814095564186573E-002
   3.1814352143555880E-002
   3.1814615242183208E-002
   3.1814855989068747E-002
   3.1815485097467899E-002
   3.1817689538002014E-002
   3.1825588084757328E-002
   3.1825981102883816E-002
   3.1826777849346399E-002
   3.1827920582145452E-002
   3.1828569713979959E-002
   3.1830347608774900E-002
   3.1837470363825560E-002
   3.1838175840675831E-002
   3.1839093659073114E-002
   3.1839176546782255E-002
   3.1839682254940271E-002
   3.1840315088629723E-002
   3.1840603332966566E-002
   3.1843297183513641E-002
   3.1843874603509903E-002
   3.1843966804444790E-002
   3.1844045501202345E-002
   3.1845978461205959E-002
   3.1848588492721319E-002
   3.1848722137510777E-002
   3.1848767772316933E-002
   3.1850249506533146E-002
   3.1858244910836220E-002
   3.1861499417573214E-002
   3.1863976269960403E-002
   3.1866434961557388E-002
   3.1867802608758211E-002
   3.1868719030171633E-002
   3.1871262472122908E-002
   3.1871571671217680E-002
   3.1872882042080164E-002
   3.1876485794782639E-002
   3.1881490256637335E-002
   3.1881874427199364E-002
   3.1882831361144781E-002
   3.1882926821708679E-002
   3.1884201802313328E-002
   3.1887432094663382E-002
   3.1888992059975863E-002
   3.1893579754978418E-002
   3.1896551605314016E-002
   3.1896666157990694E-002
   3.1899780500680208E-002
   3.1900501344352961E-002
   3.1901264563202858E-002
   3.1907132826745510E-002
   3.1909144017845392E-002
   3.1913038343191147E-002
   3.1913504935801029E-002
   3.1916134059429169E-002
   3.1921116635203362E-002
   3.1924397684633732E-002
   3.1925532035529613E-002
   3.1926042865961790E-002
   3.1929034274071455E-002
   3.1929343938827515E-002
   3.1930186320096254E-002
   3.1931648496538401E-002
   3.1932692974805832E-002
   3.1935438979417086E-002
   3.1936285551637411E-002
   3.1939310487359762E-002
   3.1939786858856678E-002
   3.1940252054482698E-002
   3.1941294670104980E-002
   3.1943301204591990E-002
   3.1944734044373035E-002
   3.1946344766765833E-002
   3.1947862822562456E-002
   3.1948178075253963E-002
   3.1948863994330168E-002
   3.1950468663126230E-002
   3.1953132711350918E-002
   3.1955203507095575E-002
   3.1959918327629566E-002
   3.1960604246705770E-002
   3.1969073694199324E-002
   3.1969751231372356E-002
   3.1975573860108852E-002
   3.1975909136235714E-002
   3.1976355239748955E-002
   3.1978267710655928E-002
   3.1979619991034269E-002
   3.1980451196432114E-002
   3.1981451902538538E-002
   3.1982579268515110E-002
   3.1987605616450310E-002
   3.1994082964956760E-002
   3.1997080892324448E-002
   3.1997141893953085E-002
   3.1997399404644966E-002
   3.1998517457395792E-002
   3.2000169623643160E-002
   3.2000759150832891E-002
   3.2004183158278465E-002
   3.2006240915507078E-002
   3.2008595764636993E-002
   3.2008978072553873E-002
   3.2009346876293421E-002
   3.2013314776122570E-002
   3.2015086151659489E-002
   3.2018144149333239E-002
   3.2018400728702545E-002
   3.2018635421991348E-002
   3.2019026577472687E-002
   3.2020929269492626E-002
   3.2021548599004745E-002
   3.2025342341512442E-002
   3.2026483677327633E-002
   3.2028442248702049E-002
   3.2033782918006182E-002
   3.2035639043897390E-002
   3.2036744523793459E-002
   3.2036933116614819E-002
   3.2037161290645599E-002
   3.2043403945863247E-002
   3.2047581858932972E-002
   3.2049613539129496E-002
   3.2053660135716200E-002
   3.2057605683803558E-002
   3.2058364711701870E-002
   3.2059977296739817E-002
   3.2062220387160778E-002
   3.2062952406704426E-002
   3.2062991056591272E-002
   3.2063266728073359E-002
   3.2064687460660934E-002
   3.2065806910395622E-002
   3.2067665364593267E-002
   3.2071359455585480E-002
   3.2072389964014292E-002
   3.2072707545012236E-002
   3.2074201852083206E-002
   3.2077856827527285E-002
   3.2082294579595327E-002
   3.2084415201097727E-002
   3.2085597049444914E-002
   3.2086118124425411E-002
   3.2088280655443668E-002
   3.2088319305330515E-002
   3.2089031301438808E-002
   3.2090375665575266E-002
   3.2090527471154928E-002
   3.2092477660626173E-002
   3.2095504924654961E-002
   3.2097731716930866E-002
   3.2097772695124149E-002
   3.2099508214741945E-002
   3.2101543620228767E-002
   3.2102898694574833E-002
   3.2103281933814287E-002
   3.2103591598570347E-002
   3.2105991616845131E-002
   3.2106778118759394E-002
   3.2107182778418064E-002
   3.2107471022754908E-002
   3.2107995823025703E-002
   3.2113197725266218E-002
   3.2114540692418814E-002
   3.2116056419909000E-002
   3.2119520008563995E-002
   3.2123690005391836E-002
   3.2124848105013371E-002
   3.2124956138432026E-002
   3.2126270700246096E-002
   3.2126423437148333E-002
   3.2126918435096741E-002
   3.2128380611538887E-002
   3.2128972001373768E-002
   3.2129392027854919E-002
   3.2129804603755474E-002
   3.2131520565599203E-002
   3.2132097519934177E-002
   3.2132801134139299E-002
   3.2138893846422434E-002
   3.2139513175934553E-002
   3.2143862918019295E-002
   3.2144126482307911E-002
   3.2144289463758469E-002
   3.2146330457180738E-002
   3.2148405909538269E-002
   3.2149487640708685E-002
   3.2149810809642076E-002
   3.2150470186024904E-002
   3.2158759888261557E-002
   3.2160020433366299E-002
   3.2160576898604631E-002
   3.2165312673896551E-002
   3.2166831195354462E-002
   3.2167405355721712E-002
   3.2168953679502010E-002
   3.2169321086257696E-002
   3.2171186059713364E-002
   3.2172711100429296E-002
   3.2174933236092329E-002
   3.2175395172089338E-002
   3.2175622880458832E-002
   3.2175851054489613E-002
   3.2175933010876179E-002
   3.2181621529161930E-002
   3.2182150520384312E-002
   3.2182854134589434E-002
   3.2184643670916557E-002
   3.2186049502342939E-002
   3.2188211102038622E-002
   3.2188645564019680E-002
   3.2191609963774681E-002
   3.2192100305110216E-002
   3.2192394137382507E-002
   3.2195820473134518E-002
   3.2199962995946407E-002
   3.2204176299273968E-002
   3.2206718809902668E-002
   3.2207356765866280E-002
   3.2208356074988842E-002
   3.2208371441811323E-002
   3.2208589371293783E-002
   3.2209121622145176E-002
   3.2214159145951271E-002
   3.2215568702667952E-002
   3.2219030894339085E-002
   3.2219731248915195E-002
   3.2220132648944855E-002
   3.2223892398178577E-002
   3.2224545255303383E-002
   3.2229403499513865E-002
   3.2230215147137642E-002
   3.2234827522188425E-002
   3.2235128805041313E-002
   3.2236075960099697E-002
   3.2241202890872955E-002
   3.2241957727819681E-002
   3.2244208268821239E-002
   3.2244468573480844E-002
   3.2244585920125246E-002
   3.2246498391032219E-002
   3.2252208329737186E-002
   3.2253065146505833E-002
   3.2254328485578299E-002
   3.2255926169455051E-002
   3.2256575301289558E-002
   3.2257056795060635E-002
   3.2258603256195784E-002
   3.2264625187963247E-002
   3.2265050336718559E-002
   3.2269483432173729E-002
   3.2270387280732393E-002
   3.2273002434521914E-002
   3.2275559380650520E-002
   3.2276135403662920E-002
   3.2276418060064316E-002
   3.2276852056384087E-002
   3.2281457912176847E-002
   3.2282061409205198E-002
   3.2283604145050049E-002
   3.2283673528581858E-002
   3.2287068199366331E-002
   3.2287208829075098E-002
   3.2287430483847857E-002
   3.2287432346493006E-002
   3.2288918737322092E-002
   3.2296353951096535E-002
   3.2297421712428331E-002
   3.2298833597451448E-002
   3.2302088104188442E-002
   3.2302602194249630E-002
   3.2302744686603546E-002
   3.2306495588272810E-002
   3.2310967799276114E-002
   3.2312295399606228E-002
   3.2315751072019339E-002
   3.2318909186869860E-002
   3.2319023273885250E-002
   3.2321461942046881E-002
   3.2325899228453636E-002
   3.2328071072697639E-002
   3.2330036628991365E-002
   3.2332397531718016E-002
   3.2333782874047756E-002
   3.2335639465600252E-002
   3.2337581273168325E-002
   3.2341050449758768E-002
   3.2344683073461056E-002
   3.2345572020858526E-002
   3.2345831859856844E-002
   3.2352552749216557E-002
   3.2354417722672224E-002
   3.2364595215767622E-002
   3.2366516999900341E-002
   3.2367103733122349E-002
   3.2367418054491282E-002
   3.2368326094001532E-002
   3.2368917949497700E-002
   3.2372340094298124E-002
   3.2376339193433523E-002
   3.2378479838371277E-002
   3.2379459589719772E-002
   3.2380256336182356E-002
   3.2380976714193821E-002
   3.2381401862949133E-002
   3.2383603043854237E-002
   3.2384409103542566E-002
   3.2387780025601387E-002
   3.2389707863330841E-002
   3.2390527892857790E-002
   3.2391119282692671E-002
   3.2392408233135939E-002
   3.2393439672887325E-002
   3.2393734436482191E-002
   3.2396538183093071E-002
   3.2397022005170584E-002
   3.2398761250078678E-002
   3.2399411313235760E-002
   3.2403415068984032E-002
   3.2406052574515343E-002
   3.2406358048319817E-002
   3.2407318241894245E-002
   3.2408277504146099E-002
   3.2409347128123045E-002
   3.2409372739493847E-002
   3.2410905230790377E-002
   3.2412093598395586E-002
   3.2415008638054132E-002
   3.2416106201708317E-002
   3.2418055459856987E-002
   3.2419337891042233E-002
   3.2421565614640713E-002
   3.2422000542283058E-002
   3.2424713950604200E-002
   3.2429656479507685E-002
   3.2429763581603765E-002
   3.2436424400657415E-002
   3.2439691945910454E-002
   3.2439789269119501E-002
   3.2440224196761847E-002
   3.2440569251775742E-002
   3.2440847717225552E-002
   3.2447948120534420E-002
   3.2454997301101685E-002
   3.2455004286020994E-002
   3.2455548644065857E-002
   3.2455952372401953E-002
   3.2458236906677485E-002
   3.2459580339491367E-002
   3.2462802249938250E-002
   3.2463111449033022E-002
   3.2464029267430305E-002
   3.2465765718370676E-002
   3.2466944772750139E-002
   3.2467494253069162E-002
   3.2470028847455978E-002
   3.2472856808453798E-002
   3.2477023545652628E-002
   3.2477263826876879E-002
   3.2479088753461838E-002
   3.2479345332831144E-002
   3.2479715999215841E-002
   3.2481104601174593E-002
   3.2481346279382706E-002
   3.2483946997672319E-002
   3.2486631069332361E-002
   3.2490650191903114E-002
   3.2491032965481281E-002
   3.2491256482899189E-002
   3.2491958234459162E-002
   3.2495313324034214E-002
   3.2498775981366634E-002
   3.2499524299055338E-002
   3.2499747816473246E-002
   3.2500073313713074E-002
   3.2501138281077147E-002
   3.2501632813364267E-002
   3.2501729205250740E-002
   3.2505049835890532E-002
   3.2507719472050667E-002
   3.2508168835192919E-002
   3.2508218660950661E-002
   3.2509670592844486E-002
   3.2509880606085062E-002
   3.2515158411115408E-002
   3.2516320236027241E-002
   3.2517214771360159E-002
   3.2518304418772459E-002
   3.2519923988729715E-002
   3.2524262554943562E-002
   3.2524626702070236E-002
   3.2526803668588400E-002
   3.2530588097870350E-002
   3.2531629316508770E-002
   3.2531980890780687E-002
   3.2535162288695574E-002
   3.2535949256271124E-002
   3.2537091989070177E-002
   3.2538409810513258E-002
   3.2541811931878328E-002
   3.2543349079787731E-002
   3.2546389382332563E-002
   3.2549599185585976E-002
   3.2550502102822065E-002
   3.2550696283578873E-002
   3.2551233656704426E-002
   3.2553791999816895E-002
   3.2556528691202402E-002
   3.2558946404606104E-002
   3.2559566665440798E-002
   3.2563522923737764E-002
   3.2570087816566229E-002
   3.2570585608482361E-002
   3.2572354655712843E-002
   3.2573783304542303E-002
   3.2574350014328957E-002
   3.2574934884905815E-002
   3.2579278107732534E-002
   3.2582997344434261E-002
   3.2588933594524860E-002
   3.2590325456112623E-002
   3.2593640033155680E-002
   3.2604729291051626E-002
   3.2606322783976793E-002
   3.2609367277473211E-002
   3.2612198498100042E-002
   3.2612716313451529E-002
   3.2613036688417196E-002
   3.2617019023746252E-002
   3.2618714962154627E-002
   3.2619206234812737E-002
   3.2621105201542377E-002
   3.2622429076582193E-002
   3.2623101957142353E-002
   3.2624749001115561E-002
   3.2629374880343676E-002
   3.2630195375531912E-002
   3.2630255911499262E-002
   3.2630568370223045E-002
   3.2631759997457266E-002
   3.2634441740810871E-002
   3.2635651528835297E-002
   3.2639346551150084E-002
   3.2639811746776104E-002
   3.2640815246850252E-002
   3.2644609920680523E-002
   3.2645892351865768E-002
   3.2649418804794550E-002
   3.2651296816766262E-002
   3.2651918008923531E-002
   3.2652014400810003E-002
   3.2652830705046654E-002
   3.2653398346155882E-002
   3.2655903138220310E-002
   3.2659748569130898E-002
   3.2659825868904591E-002
   3.2660378608852625E-002
   3.2661562785506248E-002
   3.2662654761224985E-002
   3.2663080375641584E-002
   3.2665515318512917E-002
   3.2665546983480453E-002
   3.2665713690221310E-002
   3.2671105582267046E-002
   3.2671168912202120E-002
   3.2671723514795303E-002
   3.2674071379005909E-002
   3.2676011323928833E-002
   3.2679919619113207E-002
   3.2686363905668259E-002
   3.2687043771147728E-002
   3.2691043335944414E-002
   3.2691106200218201E-002
   3.2693074084818363E-002
   3.2695654779672623E-002
   3.2697076443582773E-002
   3.2699145376682281E-002
   3.2700995448976755E-002
   3.2703963574022055E-002
   3.2710801344364882E-002
   3.2712691463530064E-002
   3.2713566441088915E-002
   3.2716826070100069E-002
   3.2718760427087545E-002
   3.2720491755753756E-002
   3.2720603514462709E-002
   3.2726505305618048E-002
   3.2729224767535925E-002
   3.2731939107179642E-002
   3.2732182648032904E-002
   3.2735616434365511E-002
   3.2736148685216904E-002
   3.2736226916313171E-002
   3.2742917537689209E-002
   3.2743120566010475E-002
   3.2744065858423710E-002
   3.2744379248470068E-002
   3.2748963218182325E-002
   3.2749009784311056E-002
   3.2749724108725786E-002
   3.2759204972535372E-002
   3.2762091141194105E-002
   3.2763028517365456E-002
   3.2765401992946863E-002
   3.2766669988632202E-002
   3.2767720054835081E-002
   3.2773037441074848E-002
   3.2773093320429325E-002
   3.2780994661152363E-002
   3.2782015390694141E-002
   3.2782172318547964E-002
   3.2782655674964190E-002
   3.2784617040306330E-002
   3.2785077113658190E-002
   3.2786716241389513E-002
   3.2788923475891352E-002
   3.2789176795631647E-002
   3.2789629418402910E-002
   3.2791273668408394E-002
   3.2791512552648783E-002
   3.2793875318020582E-002
   3.2794768456369638E-002
   3.2803977839648724E-002
   3.2804364338517189E-002
   3.2807957381010056E-002
   3.2809635624289513E-002
   3.2812145538628101E-002
   3.2813230995088816E-002
   3.2814810052514076E-002
   3.2816465478390455E-002
   3.2817708328366280E-002
   3.2818958628922701E-002
   3.2819508109241724E-002
   3.2820219174027443E-002
   3.2822144217789173E-002
   3.2823465764522552E-002
   3.2825649715960026E-002
   3.2828690949827433E-002
   3.2831450458616018E-002
   3.2832114491611719E-002
   3.2832641620188951E-002
   3.2838446553796530E-002
   3.2840154133737087E-002
   3.2844226807355881E-002
   3.2844378612935543E-002
   3.2846038695424795E-002
   3.2847825903445482E-002
   3.2848955597728491E-002
   3.2849054317921400E-002
   3.2851200550794601E-002
   3.2853470649570227E-002
   3.2854632940143347E-002
   3.2855829223990440E-002
   3.2855893950909376E-002
   3.2857846468687057E-002
   3.2860252540558577E-002
   3.2861848361790180E-002
   3.2867400906980038E-002
   3.2868992537260056E-002
   3.2872891984879971E-002
   3.2873447518795729E-002
   3.2874639146029949E-002
   3.2877522520720959E-002
   3.2878926023840904E-002
   3.2883465290069580E-002
   3.2886269502341747E-002
   3.2887352630496025E-002
   3.2887791283428669E-002
   3.2890872098505497E-002
   3.2891407143324614E-002
   3.2892141025513411E-002
   3.2895324286073446E-002
   3.2896471209824085E-002
   3.2905613072216511E-002
   3.2907292246818542E-002
   3.2908908557146788E-002
   3.2909675966948271E-002
   3.2915481366217136E-002
   3.2920328900218010E-002
   3.2921459525823593E-002
   3.2922712620347738E-002
   3.2924681436270475E-002
   3.2924724277108908E-002
   3.2925436273217201E-002
   3.2929030712693930E-002
   3.2929320819675922E-002
   3.2930121757090092E-002
   3.2930651213973761E-002
   3.2931421883404255E-002
   3.2933085691183805E-002
   3.2941458281129599E-002
   3.2941590063273907E-002
   3.2943664118647575E-002
   3.2944591250270605E-002
   3.2945148646831512E-002
   3.2947185914963484E-002
   3.2949860207736492E-002
   3.2952961511909962E-002
   3.2953554764389992E-002
   3.2955063972622156E-002
   3.2957087270915508E-002
   3.2958033494651318E-002
   3.2960665412247181E-002
   3.2965088728815317E-002
   3.2967930193990469E-002
   3.2971737440675497E-002
   3.2972123939543962E-002
   3.2976547256112099E-002
   3.2977147027850151E-002
   3.2979533541947603E-002
   3.2986818347126245E-002
   3.2988467253744602E-002
   3.2992220949381590E-002
   3.2994505483657122E-002
   3.2996814232319593E-002
   3.2999885734170675E-002
   3.3000539056956768E-002
   3.3003153745085001E-002
   3.3008643426001072E-002
   3.3015963155776262E-002
   3.3016307279467583E-002
   3.3016778063029051E-002
   3.3018575049936771E-002
   3.3018922433257103E-002
   3.3019169699400663E-002
   3.3023154363036156E-002
   3.3023767173290253E-002
   3.3025858923792839E-002
   3.3028766512870789E-002
   3.3029652666300535E-002
   3.3032198902219534E-002
   3.3033279236406088E-002
   3.3036548178642988E-002
   3.3038924448192120E-002
   3.3040203154087067E-002
   3.3042151480913162E-002
   3.3042212016880512E-002
   3.3043601550161839E-002
   3.3046185038983822E-002
   3.3047531265765429E-002
   3.3047553151845932E-002
   3.3048697747290134E-002
   3.3048945479094982E-002
   3.3049441874027252E-002
   3.3050548285245895E-002
   3.3050794154405594E-002
   3.3051516860723495E-002
   3.3054955769330263E-002
   3.3055387437343597E-002
   3.3059352077543736E-002
   3.3061585854738951E-002
   3.3063285052776337E-002
   3.3063462469726801E-002
   3.3073745202273130E-002
   3.3078168053179979E-002
   3.3081611618399620E-002
   3.3085326664149761E-002
   3.3085456117987633E-002
   3.3087579999119043E-002
   3.3087692223489285E-002
   3.3090941607952118E-002
   3.3091014251112938E-002
   3.3092719968408346E-002
   3.3093482255935669E-002
   3.3098186366260052E-002
   3.3098686486482620E-002
   3.3099414315074682E-002
   3.3099486026912928E-002
   3.3105409238487482E-002
   3.3106320537626743E-002
   3.3106510061770678E-002
   3.3109186217188835E-002
   3.3109955023974180E-002
   3.3114921301603317E-002
   3.3116681966930628E-002
   3.3116763457655907E-002
   3.3117832615971565E-002
   3.3119433093816042E-002
   3.3119433559477329E-002
   3.3121714834123850E-002
   3.3127257600426674E-002
   3.3127380535006523E-002
   3.3133102580904961E-002
   3.3137843944132328E-002
   3.3138042781502008E-002
   3.3139674458652735E-002
   3.3143474254757166E-002
   3.3144698943942785E-002
   3.3144718036055565E-002
   3.3149336464703083E-002
   3.3150445669889450E-002
   3.3150872681289911E-002
   3.3151776529848576E-002
   3.3151846379041672E-002
   3.3152295742183924E-002
   3.3160403836518526E-002
   3.3161344472318888E-002
   3.3163548912853003E-002
   3.3170236274600029E-002
   3.3171552699059248E-002
   3.3172222319990396E-002
   3.3173242583870888E-002
   3.3173630945384502E-002
   3.3179471734911203E-002
   3.3181423787027597E-002
   3.3182231243699789E-002
   3.3186973072588444E-002
   3.3187530934810638E-002
   3.3191761001944542E-002
   3.3198815304785967E-002
   3.3199434634298086E-002
   3.3204116392880678E-002
   3.3204682171344757E-002
   3.3208609092980623E-002
   3.3208819106221199E-002
   3.3209484070539474E-002
   3.3210328780114651E-002
   3.3211037516593933E-002
   3.3215240575373173E-002
   3.3215740229934454E-002
   3.3218567259609699E-002
   3.3219332341104746E-002
   3.3225147519260645E-002
   3.3226782456040382E-002
   3.3227099571377039E-002
   3.3228264655917883E-002
   3.3229377120733261E-002
   3.3233473077416420E-002
   3.3236064948141575E-002
   3.3240338321775198E-002
   3.3242067787796259E-002
   3.3244306687265635E-002
   3.3244319725781679E-002
   3.3244330901652575E-002
   3.3244853373616934E-002
   3.3245131839066744E-002
   3.3245547208935022E-002
   3.3246466889977455E-002
   3.3246911130845547E-002
   3.3247107639908791E-002
   3.3248971216380596E-002
   3.3251086715608835E-002
   3.3253676258027554E-002
   3.3258822280913591E-002
   3.3261732663959265E-002
   3.3262186218053102E-002
   3.3266554120928049E-002
   3.3268680330365896E-002
   3.3270474988967180E-002
   3.3271240070462227E-002
   3.3271546009927988E-002
   3.3274960704147816E-002
   3.3275260124355555E-002
   3.3276488538831472E-002
   3.3276525326073170E-002
   3.3279411960393190E-002
   3.3279950730502605E-002
   3.3288481645286083E-002
   3.3290406223386526E-002
   3.3294286113232374E-002
   3.3294568769633770E-002
   3.3294649329036474E-002
   3.3295496832579374E-002
   3.3296364825218916E-002
   3.3297090325504541E-002
   3.3297524787485600E-002
   3.3302133437246084E-002
   3.3302993513643742E-002
   3.3303216099739075E-002
   3.3303813077509403E-002
   3.3305018208920956E-002
   3.3305675722658634E-002
   3.3312776125967503E-002
   3.3313264604657888E-002
   3.3313843421638012E-002
   3.3318363595753908E-002
   3.3318622037768364E-002
   3.3318802248686552E-002
   3.3319008536636829E-002
   3.3319548703730106E-002
   3.3324051182717085E-002
   3.3325237687677145E-002
   3.3325936645269394E-002
   3.3329402096569538E-002
   3.3330225851386786E-002
   3.3330526668578386E-002
   3.3331172075122595E-002
   3.3332714345306158E-002
   3.3332800026983023E-002
   3.3333523198962212E-002
   3.3333915285766125E-002
   3.3334505278617144E-002
   3.3336646854877472E-002
   3.3339354209601879E-002
   3.3342962618917227E-002
   3.3344025257974863E-002
   3.3344291616231203E-002
   3.3348249271512032E-002
   3.3348406665027142E-002
   3.3356528729200363E-002
   3.3357198815792799E-002
   3.3359883818775415E-002
   3.3362110145390034E-002
   3.3362493850290775E-002
   3.3363551367074251E-002
   3.3368221949785948E-002
   3.3368586096912622E-002
   3.3368628472089767E-002
   3.3368648495525122E-002
   3.3369791693985462E-002
   3.3369862008839846E-002
   3.3371441066265106E-002
   3.3374713733792305E-002
   3.3376291859894991E-002
   3.3376713749021292E-002
   3.3378248102962971E-002
   3.3388477284461260E-002
   3.3394330181181431E-002
   3.3399216365069151E-002
   3.3402605447918177E-002
   3.3404601737856865E-002
   3.3405313268303871E-002
   3.3405383583158255E-002
   3.3406003843992949E-002
   3.3406813628971577E-002
   3.3407143317162991E-002
   3.3407728653401136E-002
   3.3407753799110651E-002
   3.3408062066882849E-002
   3.3417176455259323E-002
   3.3420393709093332E-002
   3.3422380220144987E-002
   3.3424979541450739E-002
   3.3426989335566759E-002
   3.3430999144911766E-002
   3.3431707415729761E-002
   3.3438007347285748E-002
   3.3439350314438343E-002
   3.3441109582781792E-002
   3.3441247884184122E-002
   3.3442295622080564E-002
   3.3442851621657610E-002
   3.3444206696003675E-002
   3.3444358035922050E-002
   3.3446343149989843E-002
   3.3446607645601034E-002
   3.3450097776949406E-002
   3.3451708033680916E-002
   3.3452848438173532E-002
   3.3453904557973146E-002
   3.3459340687841177E-002
   3.3467325847595930E-002
   3.3467533066868782E-002
   3.3467795234173536E-002
   3.3468477427959442E-002
   3.3473258838057518E-002
   3.3481449354439974E-002
   3.3483531791716814E-002
   3.3485366962850094E-002
   3.3487089909613132E-002
   3.3488825894892216E-002
   3.3490346744656563E-002
   3.3492544200271368E-002
   3.3493537455797195E-002
   3.3493805676698685E-002
   3.3494906965643167E-002
   3.3495466224849224E-002
   3.3498258795589209E-002
   3.3499006181955338E-002
   3.3504399936646223E-002
   3.3505640458315611E-002
   3.3511019311845303E-002
   3.3515421207994223E-002
   3.3516190014779568E-002
   3.3519288059324026E-002
   3.3523342572152615E-002
   3.3523853868246078E-002
   3.3527673222124577E-002
   3.3528066705912352E-002
   3.3529697451740503E-002
   3.3530009444802999E-002
   3.3530517481267452E-002
   3.3534664660692215E-002
   3.3539439085870981E-002
   3.3542668912559748E-002
   3.3546436578035355E-002
   3.3546926919370890E-002
   3.3552695065736771E-002
   3.3557404763996601E-002
   3.3559684175997972E-002
   3.3560800366103649E-002
   3.3563572447746992E-002
   3.3565356396138668E-002
   3.3567458391189575E-002
   3.3570209518074989E-002
   3.3571843523532152E-002
   3.3573193009942770E-002
   3.3574830275028944E-002
   3.3575735986232758E-002
   3.3577846363186836E-002
   3.3577947411686182E-002
   3.3580077346414328E-002
   3.3585460856556892E-002
   3.3586924895644188E-002
   3.3595167100429535E-002
   3.3595533575862646E-002
   3.3596210647374392E-002
   3.3598558511584997E-002
   3.3599520567804575E-002
   3.3603330142796040E-002
   3.3604694996029139E-002
   3.3605629112571478E-002
   3.3608236815780401E-002
   3.3611409366130829E-002
   3.3611953258514404E-002
   3.3611994702368975E-002
   3.3614403568208218E-002
   3.3616350498050451E-002
   3.3618184272199869E-002
   3.3620371017605066E-002
   3.3621177077293396E-002
   3.3621894195675850E-002
   3.3623463939875364E-002
   3.3625019248574972E-002
   3.3626358024775982E-002
   3.3628704957664013E-002
   3.3630941528826952E-002
   3.3632049802690744E-002
   3.3636042848229408E-002
   3.3638523891568184E-002
   3.3638704102486372E-002
   3.3641166985034943E-002
   3.3643359318375587E-002
   3.3645914867520332E-002
   3.3647628966718912E-002
   3.3648999407887459E-002
   3.3649956341832876E-002
   3.3650101628154516E-002
   3.3653722610324621E-002
   3.3655661623924971E-002
   3.3656104467809200E-002
   3.3660728950053453E-002
   3.3661636058241129E-002
   3.3662968315184116E-002
   3.3664761576801538E-002
   3.3665983006358147E-002
   3.3666195813566446E-002
   3.3667511772364378E-002
   3.3667604438960552E-002
   3.3669335767626762E-002
   3.3673627302050591E-002
   3.3674484118819237E-002
   3.3675119280815125E-002
   3.3675776328891516E-002
   3.3675963059067726E-002
   3.3676455728709698E-002
   3.3676811959594488E-002
   3.3677091822028160E-002
   3.3678665291517973E-002
   3.3679036423563957E-002
   3.3679468557238579E-002
   3.3682440873235464E-002
   3.3683053217828274E-002
   3.3683069981634617E-002
   3.3683717716485262E-002
   3.3684564288705587E-002
   3.3687657676637173E-002
   3.3688931725919247E-002
   3.3688990399241447E-002
   3.3689485862851143E-002
   3.3689705189317465E-002
   3.3690138254314661E-002
   3.3693086821585894E-002
   3.3694046549499035E-002
   3.3699731342494488E-002
   3.3700569998472929E-002
   3.3701234497129917E-002
   3.3703963272273540E-002
   3.3706236165016890E-002
   3.3706247340887785E-002
   3.3709001261740923E-002
   3.3710565418004990E-002
   3.3711822237819433E-002
   3.3712347503751516E-002
   3.3712634351104498E-002
   3.3715500030666590E-002
   3.3717469777911901E-002
   3.3717751037329435E-002
   3.3720271196216345E-002
   3.3720832318067551E-002
   3.3725326880812645E-002
   3.3726477064192295E-002
   3.3727465663105249E-002
   3.3730508759617805E-002
   3.3732085954397917E-002
   3.3737787045538425E-002
   3.3740478102117777E-002
   3.3740822691470385E-002
   3.3743548206984997E-002
   3.3745290711522102E-002
   3.3754994161427021E-002
   3.3758211415261030E-002
   3.3760415390133858E-002
   3.3760624472051859E-002
   3.3761356491595507E-002
   3.3762757200747728E-002
   3.3764649648219347E-002
   3.3770988695323467E-002
   3.3773202449083328E-002
   3.3777830656617880E-002
   3.3778449986129999E-002
   3.3779235091060400E-002
   3.3779811579734087E-002
   3.3780032768845558E-002
   3.3780826255679131E-002
   3.3780905418097973E-002
   3.3789588604122400E-002
   3.3789768815040588E-002
   3.3789820969104767E-002
   3.3790436573326588E-002
   3.3790814224630594E-002
   3.3791266847401857E-002
   3.3791738096624613E-002
   3.3798723947256804E-002
   3.3801000565290451E-002
   3.3803598955273628E-002
   3.3808222040534019E-002
   3.3811129163950682E-002
   3.3813299611210823E-002
   3.3814060501754284E-002
   3.3816949464380741E-002
   3.3823396079242229E-002
   3.3823623787611723E-002
   3.3825355116277933E-002
   3.3826321363449097E-002
   3.3828814979642630E-002
   3.3830586820840836E-002
   3.3831365406513214E-002
   3.3832577522844076E-002
   3.3837255090475082E-002
   3.3838966861367226E-002
   3.3842815551906824E-002
   3.3843069802969694E-002
   3.3843288198113441E-002
   3.3844180870801210E-002
   3.3845988102257252E-002
   3.3847673330456018E-002
   3.3847917336970568E-002
   3.3848340623080730E-002
   3.3852707594633102E-002
   3.3855566754937172E-002
   3.3856431487947702E-002
   3.3858321141451597E-002
   3.3861214295029640E-002
   3.3861846197396517E-002
   3.3862431067973375E-002
   3.3865154720842838E-002
   3.3866015262901783E-002
   3.3867619931697845E-002
   3.3869754988700151E-002
   3.3870477695018053E-002
   3.3872412052005529E-002
   3.3872555941343307E-002
   3.3873254433274269E-002
   3.3873762469738722E-002
   3.3874366432428360E-002
   3.3881048671901226E-002
   3.3882006537169218E-002
   3.3882489427924156E-002
   3.3883364871144295E-002
   3.3884785603731871E-002
   3.3888348843902349E-002
   3.3888952806591988E-002
   3.3890616148710251E-002
   3.3892972860485315E-002
   3.3892974723130465E-002
   3.3898484427481890E-002
   3.3901777118444443E-002
   3.3903440460562706E-002
   3.3903578761965036E-002
   3.3907942473888397E-002
   3.3910582773387432E-002
   3.3912604209035635E-002
   3.3913918770849705E-002
   3.3916037064045668E-002
   3.3921483438462019E-002
   3.3928847406059504E-002
   3.3930414356291294E-002
   3.3931605983525515E-002
   3.3936231397092342E-002
   3.3939389046281576E-002
   3.3943663351237774E-002
   3.3944318536669016E-002
   3.3947023563086987E-002
   3.3947115298360586E-002
   3.3947130199521780E-002
   3.3947400283068419E-002
   3.3948110882192850E-002
   3.3951499965041876E-002
   3.3955386839807034E-002
   3.3955412451177835E-002
   3.3955655060708523E-002
   3.3959488850086927E-002
   3.3959701191633940E-002
   3.3960469532757998E-002
   3.3961340785026550E-002
   3.3962153363972902E-002
   3.3963307272642851E-002
   3.3963643945753574E-002
   3.3969437703490257E-002
   3.3971378579735756E-002
   3.3974668942391872E-002
   3.3976936712861061E-002
   3.3982785418629646E-002
   3.3984101377427578E-002
   3.3984275534749031E-002
   3.3986448775976896E-002
   3.3988402690738440E-002
   3.3991064410656691E-002
   3.3993030898272991E-002
   3.3995014615356922E-002
   3.3995375037193298E-002
   3.3996626734733582E-002
   3.3997280057519674E-002
   3.3998362720012665E-002
   3.4000638872385025E-002
   3.4003117121756077E-002
   3.4003627952188253E-002
   3.4005480352789164E-002
   3.4005740657448769E-002
   3.4011871553957462E-002
   3.4013434313237667E-002
   3.4016683232039213E-002
   3.4019432030618191E-002
   3.4023333806544542E-002
   3.4024095162749290E-002
   3.4025778528302908E-002
   3.4027980640530586E-002
   3.4028253518044949E-002
   3.4028872847557068E-002
   3.4029955510050058E-002
   3.4031574148684740E-002
   3.4032557625323534E-002
   3.4039990976452827E-002
   3.4041310660541058E-002
   3.4042962361127138E-002
   3.4047021530568600E-002
   3.4048922825604677E-002
   3.4049534238874912E-002
   3.4055300988256931E-002
   3.4057560842484236E-002
   3.4058950841426849E-002
   3.4060901496559381E-002
   3.4065276850014925E-002
   3.4065748099237680E-002
   3.4069199580699205E-002
   3.4071465488523245E-002
   3.4072499256581068E-002
   3.4073959570378065E-002
   3.4075438510626554E-002
   3.4076084848493338E-002
   3.4076497890055180E-002
   3.4077317453920841E-002
   3.4081763122230768E-002
   3.4084756392985582E-002
   3.4086017869412899E-002
   3.4086549188941717E-002
   3.4090581815689802E-002
   3.4090734552592039E-002
   3.4092346671968699E-002
   3.4093492198735476E-002
   3.4098971169441938E-002
   3.4099483396857977E-002
   3.4101967234164476E-002
   3.4103093203157187E-002
   3.4103928133845329E-002
   3.4105276223272085E-002
   3.4106376115232706E-002
   3.4106731414794922E-002
   3.4107958432286978E-002
   3.4108629450201988E-002
   3.4110229928046465E-002
   3.4110313747078180E-002
   3.4111459739506245E-002
   3.4113624133169651E-002
   3.4114145673811436E-002
   3.4114257432520390E-002
   3.4115431830286980E-002
   3.4116573631763458E-002
   3.4117028582841158E-002
   3.4117959439754486E-002
   3.4118682611733675E-002
   3.4122518263757229E-002
   3.4124901052564383E-002
   3.4124996047466993E-002
   3.4132197964936495E-002
   3.4136371221393347E-002
   3.4143810160458088E-002
   3.4146086312830448E-002
   3.4146742895245552E-002
   3.4152718260884285E-002
   3.4154445398598909E-002
   3.4155430272221565E-002
   3.4163719974458218E-002
   3.4163982141762972E-002
   3.4164499491453171E-002
   3.4164542332291603E-002
   3.4164552576839924E-002
   3.4165025223046541E-002
   3.4170363098382950E-002
   3.4171018283814192E-002
   3.4172961954027414E-002
   3.4173183608800173E-002
   3.4174347762018442E-002
   3.4179230220615864E-002
   3.4183340147137642E-002
   3.4185141790658236E-002
   3.4186666831374168E-002
   3.4188612364232540E-002
   3.4195103216916323E-002
   3.4196247346699238E-002
   3.4199856221675873E-002
   3.4201820380985737E-002
   3.4204141702502966E-002
   3.4206148702651262E-002
   3.4207150805741549E-002
   3.4207845572382212E-002
   3.4207859076559544E-002
   3.4210510086268187E-002
   3.4212106838822365E-002
   3.4212663769721985E-002
   3.4221664536744356E-002
   3.4225136041641235E-002
   3.4225392621010542E-002
   3.4228687174618244E-002
   3.4229436423629522E-002
   3.4230588469654322E-002
   3.4231715369969606E-002
   3.4231927711516619E-002
   3.4232965670526028E-002
   3.4234269987791777E-002
   3.4235157072544098E-002
   3.4235527273267508E-002
   3.4235888626426458E-002
   3.4238824155181646E-002
   3.4239542204886675E-002
   3.4239570610225201E-002
   3.4240543376654387E-002
   3.4242801368236542E-002
   3.4255053848028183E-002
   3.4264919813722372E-002
   3.4269852098077536E-002
   3.4270748496055603E-002
   3.4272019285708666E-002
   3.4273742698132992E-002
   3.4273745492100716E-002
   3.4274187870323658E-002
   3.4274877049028873E-002
   3.4277660306543112E-002
   3.4279504790902138E-002
   3.4280628431588411E-002
   3.4290794283151627E-002
   3.4292220603674650E-002
   3.4293030388653278E-002
   3.4293164964765310E-002
   3.4298899117857218E-002
   3.4299176651984453E-002
   3.4299671649932861E-002
   3.4301501233130693E-002
   3.4304098226130009E-002
   3.4304171800613403E-002
   3.4306937362998724E-002
   3.4307579509913921E-002
   3.4308220725506544E-002
   3.4310682211071253E-002
   3.4310732502490282E-002
   3.4311209339648485E-002
   3.4313015639781952E-002
   3.4313251730054617E-002
   3.4313361160457134E-002
   3.4313556738197803E-002
   3.4313900861889124E-002
   3.4314587712287903E-002
   3.4315441735088825E-002
   3.4315665252506733E-002
   3.4316652454435825E-002
   3.4316782839596272E-002
   3.4317764453589916E-002
   3.4323082305490971E-002
   3.4327308647334576E-002
   3.4329036250710487E-002
   3.4333963412791491E-002
   3.4334021620452404E-002
   3.4339234232902527E-002
   3.4342627041041851E-002
   3.4346772823482752E-002
   3.4348192159086466E-002
   3.4349687397480011E-002
   3.4350966569036245E-002
   3.4355940762907267E-002
   3.4358205273747444E-002
   3.4359440207481384E-002
   3.4362159203737974E-002
   3.4367512911558151E-002
   3.4368508961051702E-002
   3.4371747169643641E-002
   3.4371989313513041E-002
   3.4376001451164484E-002
   3.4383968450129032E-002
   3.4384685102850199E-002
   3.4385859966278076E-002
   3.4386128652840853E-002
   3.4386261366307735E-002
   3.4387989901006222E-002
   3.4389040898531675E-002
   3.4391034394502640E-002
   3.4394436515867710E-002
   3.4394587855786085E-002
   3.4396219998598099E-002
   3.4397306852042675E-002
   3.4398328978568316E-002
   3.4398698713630438E-002
   3.4402093384414911E-002
   3.4402650315314531E-002
   3.4403054509311914E-002
   3.4405810292810202E-002
   3.4406321123242378E-002
   3.4410158637911081E-002
   3.4410612192004919E-002
   3.4412001259624958E-002
   3.4415018744766712E-002
   3.4415472764521837E-002
   3.4415757283568382E-002
   3.4415808506309986E-002
   3.4417748916894197E-002
   3.4418459981679916E-002
   3.4418762195855379E-002
   3.4419153816998005E-002
   3.4419565927237272E-002
   3.4421375021338463E-002
   3.4422506112605333E-002
   3.4424011129885912E-002
   3.4425265621393919E-002
   3.4426377154886723E-002
   3.4427280072122812E-002
   3.4428882878273726E-002
   3.4429130610078573E-002
   3.4429640509188175E-002
   3.4429966937750578E-002
   3.4432251006364822E-002
   3.4432890359312296E-002
   3.4434475004673004E-002
   3.4438736736774445E-002
   3.4442323725670576E-002
   3.4444027580320835E-002
   3.4445443190634251E-002
   3.4445610363036394E-002
   3.4447059966623783E-002
   3.4447549842298031E-002
   3.4449656493961811E-002
   3.4450899343937635E-002
   3.4453000873327255E-002
   3.4453316126018763E-002
   3.4454799722880125E-002
   3.4455648157745600E-002
   3.4461639821529388E-002
   3.4462741110473871E-002
   3.4463253803551197E-002
   3.4464104101061821E-002
   3.4464893396943808E-002
   3.4466524142771959E-002
   3.4470812417566776E-002
   3.4471620339900255E-002
   3.4475361928343773E-002
   3.4475584048777819E-002
   3.4479294903576374E-002
   3.4479931928217411E-002
   3.4480652306228876E-002
   3.4483280032873154E-002
   3.4488103818148375E-002
   3.4492770209908485E-002
   3.4493717364966869E-002
   3.4494577441364527E-002
   3.4496850799769163E-002
   3.4509680233895779E-002
   3.4511270467191935E-002
   3.4511825535446405E-002
   3.4513435326516628E-002
   3.4513437654823065E-002
   3.4517309162765741E-002
   3.4518674481660128E-002
   3.4519530367106199E-002
   3.4525573719292879E-002
   3.4525857307016850E-002
   3.4528311807662249E-002
   3.4530343487858772E-002
   3.4534467849880457E-002
   3.4534679260104895E-002
   3.4534908831119537E-002
   3.4536082297563553E-002
   3.4536508377641439E-002
   3.4542956855148077E-002
   3.4543036017566919E-002
   3.4544616937637329E-002
   3.4546096809208393E-002
   3.4546385984867811E-002
   3.4546667709946632E-002
   3.4547206945717335E-002
   3.4549335949122906E-002
   3.4550549462437630E-002
   3.4553726669400930E-002
   3.4554745536297560E-002
   3.4554988145828247E-002
   3.4555916208773851E-002
   3.4556569065898657E-002
   3.4559050574898720E-002
   3.4560570959001780E-002
   3.4563030581921339E-002
   3.4565403591841459E-002
   3.4566027577966452E-002
   3.4566580317914486E-002
   3.4568891394883394E-002
   3.4571185708045959E-002
   3.4571615047752857E-002
   3.4575636964291334E-002
   3.4575970843434334E-002
   3.4577692858874798E-002
   3.4579404164105654E-002
   3.4584112931042910E-002
   3.4585204906761646E-002
   3.4586505498737097E-002
   3.4586842637509108E-002
   3.4587294794619083E-002
   3.4594028256833553E-002
   3.4601389896124601E-002
   3.4603458363562822E-002
   3.4605016000568867E-002
   3.4609954338520765E-002
   3.4612013958394527E-002
   3.4615074284374714E-002
   3.4615321550518274E-002
   3.4615969751030207E-002
   3.4622987266629934E-002
   3.4626560751348734E-002
   3.4628438763320446E-002
   3.4630709327757359E-002
   3.4637967590242624E-002
   3.4638584125787020E-002
   3.4640009049326181E-002
   3.4641667269170284E-002
   3.4642927814275026E-002
   3.4643779508769512E-002
   3.4652023576200008E-002
   3.4654062706977129E-002
   3.4659802448004484E-002
   3.4660193137824535E-002
   3.4661600366234779E-002
   3.4662818070501089E-002
   3.4666308667510748E-002
   3.4669130109250546E-002
   3.4670739434659481E-002
   3.4672663081437349E-002
   3.4673246089369059E-002
   3.4673477523028851E-002
   3.4674640744924545E-002
   3.4674742259085178E-002
   3.4677062649279833E-002
   3.4678852185606956E-002
   3.4679386764764786E-002
   3.4682079218327999E-002
   3.4682160709053278E-002
   3.4684457350522280E-002
   3.4684492275118828E-002
   3.4687531180679798E-002
   3.4687800798565149E-002
   3.4688287414610386E-002
   3.4688629675656557E-002
   3.4692233894020319E-002
   3.4693348221480846E-002
   3.4695151261985302E-002
   3.4697094466537237E-002
   3.4699189476668835E-002
   3.4700446762144566E-002
   3.4702847711741924E-002
   3.4703836776316166E-002
   3.4705160185694695E-002
   3.4706036094576120E-002
   3.4707554616034031E-002
   3.4710499458014965E-002
   3.4715167246758938E-002
   3.4718609414994717E-002
   3.4718702081590891E-002
   3.4718981478363276E-002
   3.4719174727797508E-002
   3.4719890449196100E-002
   3.4721998963505030E-002
   3.4724019467830658E-002
   3.4724879078567028E-002
   3.4725182689726353E-002
   3.4726005513221025E-002
   3.4730984829366207E-002
   3.4734748303890228E-002
   3.4745377488434315E-002
   3.4745671320706606E-002
   3.4748564939945936E-002
   3.4755670465528965E-002
   3.4758986439555883E-002
   3.4760080743581057E-002
   3.4760192502290010E-002
   3.4760659094899893E-002
   3.4762824885547161E-002
   3.4768412355333567E-002
   3.4768645185977221E-002
   3.4770750440657139E-002
   3.4771668724715710E-002
   3.4772075247019529E-002
   3.4772566519677639E-002
   3.4775990992784500E-002
   3.4777149558067322E-002
   3.4777772147208452E-002
   3.4779391251504421E-002
   3.4780524671077728E-002
   3.4785463009029627E-002
   3.4786071162670851E-002
   3.4789363387972116E-002
   3.4792812075465918E-002
   3.4793703816831112E-002
   3.4797466360032558E-002
   3.4801814705133438E-002
   3.4801958128809929E-002
   3.4809021744877100E-002
   3.4809625241905451E-002
   3.4811690915375948E-002
   3.4812365192919970E-002
   3.4812380094081163E-002
   3.4814181737601757E-002
   3.4814512357115746E-002
   3.4815769176930189E-002
   3.4815978258848190E-002
   3.4816621802747250E-002
   3.4817434381693602E-002
   3.4818898886442184E-002
   3.4821229055523872E-002
   3.4821399021893740E-002
   3.4821511246263981E-002
   3.4822106827050447E-002
   3.4822174813598394E-002
   3.4822499845176935E-002
   3.4824238158762455E-002
   3.4824667032808065E-002
   3.4825877752155066E-002
   3.4828560892492533E-002
   3.4830184187740088E-002
   3.4831974655389786E-002
   3.4834317397326231E-002
   3.4836186561733484E-002
   3.4836701117455959E-002
   3.4837652463465929E-002
   3.4840370062738657E-002
   3.4840504638850689E-002
   3.4842116292566061E-002
   3.4842680208384991E-002
   3.4846498630940914E-002
   3.4848036244511604E-002
   3.4848963841795921E-002
   3.4850019495934248E-002
   3.4850529860705137E-002
   3.4853953868150711E-002
   3.4855331759899855E-002
   3.4858052153140306E-002
   3.4859156701713800E-002
   3.4860762301832438E-002
   3.4860824700444937E-002
   3.4861390944570303E-002
   3.4863971639424562E-002
   3.4865880385041237E-002
   3.4867054782807827E-002
   3.4870791714638472E-002
   3.4871936310082674E-002
   3.4871968906372786E-002
   3.4872611053287983E-002
   3.4873561933636665E-002
   3.4876389894634485E-002
   3.4876761026680470E-002
   3.4880267456173897E-002
   3.4889361821115017E-002
   3.4889818169176579E-002
   3.4892059862613678E-002
   3.4893717151135206E-002
   3.4894887357950211E-002
   3.4896477125585079E-002
   3.4898040816187859E-002
   3.4898253623396158E-002
   3.4900636877864599E-002
   3.4900688566267490E-002
   3.4907384775578976E-002
   3.4908511210232973E-002
   3.4909980371594429E-002
   3.4910045098513365E-002
   3.4910549875348806E-002
   3.4912195522338152E-002
   3.4915978088974953E-002
   3.4916708245873451E-002
   3.4918532706797123E-002
   3.4925643820315599E-002
   3.4932203125208616E-002
   3.4932711627334356E-002
   3.4933999646455050E-002
   3.4935303498059511E-002
   3.4938047174364328E-002
   3.4938500262796879E-002
   3.4940856043249369E-002
   3.4943234641104937E-002
   3.4943497739732265E-002
   3.4944999031722546E-002
   3.4946361090987921E-002
   3.4947420004755259E-002
   3.4948237240314484E-002
   3.4949247259646654E-002
   3.4951228648424149E-002
   3.4952305722981691E-002
   3.4952567890286446E-002
   3.4955613780766726E-002
   3.4956583287566900E-002
   3.4957650583237410E-002
   3.4958851523697376E-002
   3.4960125107318163E-002
   3.4961832221597433E-002
   3.4962648525834084E-002
   3.4964412916451693E-002
   3.4966694656759501E-002
   3.4967212472110987E-002
   3.4968465100973845E-002
   3.4970437642186880E-002
   3.4970724955201149E-002
   3.4974022768437862E-002
   3.4974710084497929E-002
   3.4977974835783243E-002
   3.4978917334228754E-002
   3.4979334566742182E-002
   3.4981050994247198E-002
   3.4983373712748289E-002
   3.4988056868314743E-002
   3.4988087601959705E-002
   3.4990433603525162E-002
   3.4996628761291504E-002
   3.4997991286218166E-002
   3.4998875111341476E-002
   3.5002224612981081E-002
   3.5004723817110062E-002
   3.5005070734769106E-002
   3.5008145496249199E-002
   3.5011033993214369E-002
   3.5011187661439180E-002
   3.5011207219213247E-002
   3.5011353436857462E-002
   3.5011707805097103E-002
   3.5013311542570591E-002
   3.5015970002859831E-002
   3.5017574205994606E-002
   3.5018912516534328E-002
   3.5024922806769609E-002
   3.5026094876229763E-002
   3.5026136320084333E-002
   3.5026964265853167E-002
   3.5029420163482428E-002
   3.5029465332627296E-002
   3.5030152648687363E-002
   3.5036555957049131E-002
   3.5036877263337374E-002
   3.5037680994719267E-002
   3.5038805101066828E-002
   3.5039072390645742E-002
   3.5040271934121847E-002
   3.5042128060013056E-002
   3.5042727366089821E-002
   3.5043338313698769E-002
   3.5044748801738024E-002
   3.5047136247158051E-002
   3.5047845914959908E-002
   3.5049423575401306E-002
   3.5052812658250332E-002
   3.5056688822805882E-002
   3.5056933294981718E-002
   3.5058977548032999E-002
   3.5060085821896791E-002
   3.5061484668403864E-002
   3.5064063966274261E-002
   3.5070180892944336E-002
   3.5072576720267534E-002
   3.5072618629783392E-002
   3.5074788611382246E-002
   3.5076541360467672E-002
   3.5077660810202360E-002
   3.5080844536423683E-002
   3.5086764022707939E-002
   3.5089183133095503E-002
   3.5089401993900537E-002
   3.5089705605059862E-002
   3.5091433208435774E-002
   3.5094282124191523E-002
   3.5095120314508677E-002
   3.5096958745270967E-002
   3.5103912930935621E-002
   3.5104943905025721E-002
   3.5105195827782154E-002
   3.5109393764287233E-002
   3.5110750235617161E-002
   3.5112650599330664E-002
   3.5114329308271408E-002
   3.5117418505251408E-002
   3.5118749365210533E-002
   3.5120573360472918E-002
   3.5120795946568251E-002
   3.5121295601129532E-002
   3.5121587570756674E-002
   3.5122279543429613E-002
   3.5124996211379766E-002
   3.5126811359077692E-002
   3.5126912873238325E-002
   3.5127880051732063E-002
   3.5130952950567007E-002
   3.5131730139255524E-002
   3.5133292898535728E-002
   3.5135837271809578E-002
   3.5138842649757862E-002
   3.5139314364641905E-002
   3.5141667816787958E-002
   3.5143804270774126E-002
   3.5144832916557789E-002
   3.5150447394698858E-002
   3.5151117946952581E-002
   3.5152544267475605E-002
   3.5152735654264688E-002
   3.5159730352461338E-002
   3.5159945487976074E-002
   3.5161137115210295E-002
   3.5162401851266623E-002
   3.5162576474249363E-002
   3.5163110122084618E-002
   3.5164274740964174E-002
   3.5166235640645027E-002
   3.5167085938155651E-002
   3.5167170688509941E-002
   3.5169463139027357E-002
   3.5171419382095337E-002
   3.5173083189874887E-002
   3.5174495074898005E-002
   3.5176152829080820E-002
   3.5176413133740425E-002
   3.5179545171558857E-002
   3.5181817598640919E-002
   3.5184073727577925E-002
   3.5185873042792082E-002
   3.5190011840313673E-002
   3.5192074254155159E-002
   3.5194077994674444E-002
   3.5196557641029358E-002
   3.5199515987187624E-002
   3.5201785620301962E-002
   3.5204165149480104E-002
   3.5204178187996149E-002
   3.5204463638365269E-002
   3.5210684407502413E-002
   3.5212077666074038E-002
   3.5220342688262463E-002
   3.5220714285969734E-002
   3.5223875194787979E-002
   3.5227661486715078E-002
   3.5227979999035597E-002
   3.5232298076152802E-002
   3.5235077142715454E-002
   3.5237097181379795E-002
   3.5237358883023262E-002
   3.5241059958934784E-002
   3.5241902805864811E-002
   3.5243023186922073E-002
   3.5246501211076975E-002
   3.5246883053332567E-002
   3.5247506573796272E-002
   3.5247849766165018E-002
   3.5249385517090559E-002
   3.5249814391136169E-002
   3.5249897278845310E-002
   3.5260777454823256E-002
   3.5263683181256056E-002
   3.5265398677438498E-002
   3.5265763755887747E-002
   3.5266054328531027E-002
   3.5268830135464668E-002
   3.5269921645522118E-002
   3.5271791275590658E-002
   3.5271880682557821E-002
   3.5273619927465916E-002
   3.5273666959255934E-002
   3.5275195259600878E-002
   3.5280168987810612E-002
   3.5280483309179544E-002
   3.5280620213598013E-002
   3.5281340591609478E-002
   3.5283739212900400E-002
   3.5284357611089945E-002
   3.5285507328808308E-002
   3.5286018159240484E-002
   3.5286810249090195E-002
   3.5291332751512527E-002
   3.5291860811412334E-002
   3.5292721819132566E-002
   3.5293432418256998E-002
   3.5293535795062780E-002
   3.5297842230647802E-002
   3.5301038064062595E-002
   3.5301642958074808E-002
   3.5303166601806879E-002
   3.5304602701216936E-002
   3.5306105390191078E-002
   3.5306576639413834E-002
   3.5306653939187527E-002
   3.5306870006024837E-002
   3.5307917278259993E-002
   3.5308494698256254E-002
   3.5309234168380499E-002
   3.5311011597514153E-002
   3.5314214881509542E-002
   3.5315939690917730E-002
   3.5317023284733295E-002
   3.5317742265760899E-002
   3.5320150200277567E-002
   3.5321314353495836E-002
   3.5321360919624567E-002
   3.5324898548424244E-002
   3.5325776785612106E-002
   3.5330412443727255E-002
   3.5331618040800095E-002
   3.5336842760443687E-002
   3.5338669549673796E-002
   3.5340110771358013E-002
   3.5340271890163422E-002
   3.5341470967978239E-002
   3.5341499373316765E-002
   3.5344159230589867E-002
   3.5349267534911633E-002
   3.5350859630852938E-002
   3.5351655911654234E-002
   3.5353428684175014E-002
   3.5353719256818295E-002
   3.5360444802790880E-002
   3.5361043177545071E-002
   3.5361080896109343E-002
   3.5367183387279510E-002
   3.5369866527616978E-002
   3.5370621364563704E-002
   3.5372008569538593E-002
   3.5372650250792503E-002
   3.5373685881495476E-002
   3.5373753402382135E-002
   3.5373760852962732E-002
   3.5380952991545200E-002
   3.5382160451263189E-002
   3.5382659174501896E-002
   3.5382761154323816E-002
   3.5384343937039375E-002
   3.5384504590183496E-002
   3.5394320730119944E-002
   3.5395667888224125E-002
   3.5401149187237024E-002
   3.5402568057179451E-002
   3.5405789501965046E-002
   3.5406293813139200E-002
   3.5407066345214844E-002
   3.5407186485826969E-002
   3.5408683586865664E-002
   3.5415282007306814E-002
   3.5416090860962868E-002
   3.5417168866842985E-002
   3.5419515799731016E-002
   3.5422175191342831E-002
   3.5423293244093657E-002
   3.5426302812993526E-002
   3.5427153576165438E-002
   3.5428342875093222E-002
   3.5434126388281584E-002
   3.5437609534710646E-002
   3.5437866114079952E-002
   3.5438392776995897E-002
   3.5439071711152792E-002
   3.5440769046545029E-002
   3.5447157919406891E-002
   3.5447366535663605E-002
   3.5449194256216288E-002
   3.5449390299618244E-002
   3.5450241062790155E-002
   3.5450325813144445E-002
   3.5451381001621485E-002
   3.5454130731523037E-002
   3.5454613622277975E-002
   3.5456919576972723E-002
   3.5460578277707100E-002
   3.5461233463138342E-002
   3.5461612045764923E-002
   3.5462081432342529E-002
   3.5469027236104012E-002
   3.5472415853291750E-002
   3.5473302938044071E-002
   3.5479214042425156E-002
   3.5482504405081272E-002
   3.5483646672219038E-002
   3.5487998276948929E-002
   3.5489891655743122E-002
   3.5491822287440300E-002
   3.5496442578732967E-002
   3.5500833299010992E-002
   3.5503588616847992E-002
   3.5503791645169258E-002
   3.5509810782968998E-002
   3.5512283444404602E-002
   3.5512426402419806E-002
   3.5513746552169323E-002
   3.5514700692147017E-002
   3.5514701623469591E-002
   3.5515427589416504E-002
   3.5518536344170570E-002
   3.5521326586604118E-002
   3.5522436723113060E-002
   3.5522975958883762E-002
   3.5524389706552029E-002
   3.5525565035641193E-002
   3.5527484491467476E-002
   3.5529803484678268E-002
   3.5531041212379932E-002
   3.5535192582756281E-002
   3.5541280638426542E-002
   3.5543514881283045E-002
   3.5543620586395264E-002
   3.5543889738619328E-002
   3.5548065789043903E-002
   3.5548449493944645E-002
   3.5551808308809996E-002
   3.5552863962948322E-002
   3.5553231369704008E-002
   3.5554307978600264E-002
   3.5555102862417698E-002
   3.5563775803893805E-002
   3.5565468948334455E-002
   3.5566222853958607E-002
   3.5568255465477705E-002
   3.5570399835705757E-002
   3.5574582405388355E-002
   3.5575779620558023E-002
   3.5576234571635723E-002
   3.5576562862843275E-002
   3.5581533331423998E-002
   3.5586238373070955E-002
   3.5586352460086346E-002
   3.5586561542004347E-002
   3.5589738283306360E-002
   3.5592976026237011E-002
   3.5593757871538401E-002
   3.5595116671174765E-002
   3.5596967209130526E-002
   3.5597567912191153E-002
   3.5598530899733305E-002
   3.5599631723016500E-002
   3.5605737473815680E-002
   3.5606076940894127E-002
   3.5607585683465004E-002
   3.5611510276794434E-002
   3.5612269770354033E-002
   3.5612344741821289E-002
   3.5613049753010273E-002
   3.5620112903416157E-002
   3.5621750634163618E-002
   3.5622453782707453E-002
   3.5624435637146235E-002
   3.5625244490802288E-002
   3.5627200268208981E-002
   3.5631872247904539E-002
   3.5633142106235027E-002
   3.5633889026939869E-002
   3.5638954956084490E-002
   3.5639159381389618E-002
   3.5639371722936630E-002
   3.5645864438265562E-002
   3.5646062809973955E-002
   3.5647031385451555E-002
   3.5651747137308121E-002
   3.5651755984872580E-002
   3.5652700345963240E-002
   3.5655851941555738E-002
   3.5656372550874949E-002
   3.5657577216625214E-002
   3.5657902248203754E-002
   3.5658408422023058E-002
   3.5661383066326380E-002
   3.5664921626448631E-002
   3.5668004304170609E-002
   3.5668431315571070E-002
   3.5669743549078703E-002
   3.5669920500367880E-002
   3.5671391058713198E-002
   3.5671885125339031E-002
   3.5672393161803484E-002
   3.5673409234732389E-002
   3.5676279105246067E-002
   3.5676562692970037E-002
   3.5676769446581602E-002
   3.5680801142007113E-002
   3.5682920832186937E-002
   3.5683935973793268E-002
   3.5684009548276663E-002
   3.5684667062014341E-002
   3.5690081771463156E-002
   3.5691029857844114E-002
   3.5692208912223577E-002
   3.5692970734089613E-002
   3.5698531661182642E-002
   3.5698889289051294E-002
   3.5701905842870474E-002
   3.5702519118785858E-002
   3.5707832779735327E-002
   3.5709457006305456E-002
   3.5709889605641365E-002
   3.5710385534912348E-002
   3.5718908533453941E-002
   3.5722235217690468E-002
   3.5723794717341661E-002
   3.5725269466638565E-002
   3.5725490655750036E-002
   3.5725756082683802E-002
   3.5729753784835339E-002
   3.5740118008106947E-002
   3.5740813706070185E-002
   3.5745932254940271E-002
   3.5746283363550901E-002
   3.5747971385717392E-002
   3.5748093854635954E-002
   3.5749666392803192E-002
   3.5751861985772848E-002
   3.5752178635448217E-002
   3.5755387507379055E-002
   3.5756288096308708E-002
   3.5757961217314005E-002
   3.5758171230554581E-002
   3.5758942365646362E-002
   3.5762897226959467E-002
   3.5767746623605490E-002
   3.5769857466220856E-002
   3.5774878226220608E-002
   3.5776641219854355E-002
   3.5779986064881086E-002
   3.5782776772975922E-002
   3.5785914864391088E-002
   3.5788896493613720E-002
   3.5792452283203602E-002
   3.5793776623904705E-002
   3.5794617142528296E-002
   3.5799858160316944E-002
   3.5800814162939787E-002
   3.5800992511212826E-002
   3.5801512654870749E-002
   3.5805912222713232E-002
   3.5808555781841278E-002
   3.5809545777738094E-002
   3.5810180474072695E-002
   3.5814594011753798E-002
   3.5815404262393713E-002
   3.5817238502204418E-002
   3.5821518860757351E-002
   3.5821643192321062E-002
   3.5823161713778973E-002
   3.5823927726596594E-002
   3.5824915859848261E-002
   3.5826873965561390E-002
   3.5827886778861284E-002
   3.5831268411129713E-002
   3.5831834189593792E-002
   3.5832013934850693E-002
   3.5836132708936930E-002
   3.5836157388985157E-002
   3.5838983952999115E-002
   3.5839273594319820E-002
   3.5839505959302187E-002
   3.5842227283865213E-002
   3.5845672246068716E-002
   3.5846398212015629E-002
   3.5849324427545071E-002
   3.5854016896337271E-002
   3.5865179263055325E-002
   3.5866704303771257E-002
   3.5867282655090094E-002
   3.5867587663233280E-002
   3.5867630038410425E-002
   3.5871908534318209E-002
   3.5873567219823599E-002
   3.5874209832400084E-002
   3.5875436849892139E-002
   3.5878517664968967E-002
   3.5880173556506634E-002
   3.5880198702216148E-002
   3.5881176590919495E-002
   3.5881897434592247E-002
   3.5882454831153154E-002
   3.5883225500583649E-002
   3.5884052049368620E-002
   3.5888745449483395E-002
   3.5888898186385632E-002
   3.5892137326300144E-002
   3.5892757587134838E-002
   3.5893273074179888E-002
   3.5893294028937817E-002
   3.5896191839128733E-002
   3.5897721536457539E-002
   3.5899208858609200E-002
   3.5900176502764225E-002
   3.5902115982025862E-002
   3.5902169998735189E-002
   3.5902678035199642E-002
   3.5903520416468382E-002
   3.5904773510992527E-002
   3.5907159093767405E-002
   3.5908394958823919E-002
   3.5912800580263138E-002
   3.5914310254156590E-002
   3.5917819477617741E-002
   3.5919414367526770E-002
   3.5923759452998638E-002
   3.5929203033447266E-002
   3.5929304547607899E-002
   3.5930639132857323E-002
   3.5931972321122885E-002
   3.5935852210968733E-002
   3.5941561218351126E-002
   3.5944895353168249E-002
   3.5948749165982008E-002
   3.5949771758168936E-002
   3.5951973870396614E-002
   3.5954267717897892E-002
   3.5954388789832592E-002
   3.5958633758127689E-002
   3.5959460772573948E-002
   3.5960732959210873E-002
   3.5961648914963007E-002
   3.5965480841696262E-002
   3.5968367941677570E-002
   3.5969046410173178E-002
   3.5970926284790039E-002
   3.5972525365650654E-002
   3.5977969877421856E-002
   3.5979543346911669E-002
   3.5988244693726301E-002
   3.5988971590995789E-002
   3.5989619791507721E-002
   3.5990346688777208E-002
   3.5990490578114986E-002
   3.5991674754768610E-002
   3.5992392804473639E-002
   3.5992987453937531E-002
   3.5998933948576450E-002
   3.6000498570501804E-002
   3.6001134198158979E-002
   3.6005724221467972E-002
   3.6006893031299114E-002
   3.6007328890264034E-002
   3.6007357295602560E-002
   3.6008261609822512E-002
   3.6008463241159916E-002
   3.6009595263749361E-002
   3.6012681666761637E-002
   3.6014754325151443E-002
   3.6016574129462242E-002
   3.6016858648508787E-002
   3.6022078245878220E-002
   3.6022447980940342E-002
   3.6026000510901213E-002
   3.6028498783707619E-002
   3.6029390059411526E-002
   3.6032079719007015E-002
   3.6033914890140295E-002
   3.6039256956428289E-002
   3.6040220409631729E-002
   3.6042684689164162E-002
   3.6047504749149084E-002
   3.6053049843758345E-002
   3.6054620053619146E-002
   3.6057891789823771E-002
   3.6059023346751928E-002
   3.6059338599443436E-002
   3.6062919069081545E-002
   3.6064720246940851E-002
   3.6071407143026590E-002
   3.6076445598155260E-002
   3.6076785996556282E-002
   3.6078321747481823E-002
   3.6084648221731186E-002
   3.6086888052523136E-002
   3.6088964436203241E-002
   3.6089782137423754E-002
   3.6090731620788574E-002
   3.6092171911150217E-002
   3.6093922797590494E-002
   3.6095388699322939E-002
   3.6098194774240255E-002
   3.6099119111895561E-002
   3.6101786419749260E-002
   3.6104626953601837E-002
   3.6108274478465319E-002
   3.6110474728047848E-002
   3.6110577639192343E-002
   3.6116050090640783E-002
   3.6116432864218950E-002
   3.6116730887442827E-002
   3.6119981668889523E-002
   3.6120050586760044E-002
   3.6120148375630379E-002
   3.6121746059507132E-002
   3.6123106256127357E-002
   3.6126506514847279E-002
   3.6130351945757866E-002
   3.6134338937699795E-002
   3.6134366411715746E-002
   3.6134703084826469E-002
   3.6136574111878872E-002
   3.6137789487838745E-002
   3.6138387862592936E-002
   3.6139435134828091E-002
   3.6145710386335850E-002
   3.6146037280559540E-002
   3.6149180494248867E-002
   3.6152751184999943E-002
   3.6154650151729584E-002
   3.6154791247099638E-002
   3.6157896276563406E-002
   3.6161986645311117E-002
   3.6162436474114656E-002
   3.6169314756989479E-002
   3.6175109911710024E-002
   3.6175207700580359E-002
   3.6175636108964682E-002
   3.6175704095512629E-002
   3.6175984423607588E-002
   3.6181420087814331E-002
   3.6182584706693888E-002
   3.6183688789606094E-002
   3.6186959128826857E-002
   3.6189546808600426E-002
   3.6191032733768225E-002
   3.6191617138683796E-002
   3.6193707957863808E-002
   3.6194283980876207E-002
   3.6197259090840816E-002
   3.6199776921421289E-002
   3.6200195550918579E-002
   3.6206010263413191E-002
   3.6208380945026875E-002
   3.6211858503520489E-002
   3.6218881141394377E-002
   3.6219913978129625E-002
   3.6219930276274681E-002
   3.6222934257239103E-002
   3.6223280243575573E-002
   3.6223357543349266E-002
   3.6225154064595699E-002
   3.6225486546754837E-002
   3.6226245108991861E-002
   3.6227583885192871E-002
   3.6229602526873350E-002
   3.6233581602573395E-002
   3.6233737599104643E-002
   3.6236176267266273E-002
   3.6241173278540373E-002
   3.6242921371012926E-002
   3.6247812677174807E-002
   3.6252069752663374E-002
   3.6253265570849180E-002
   3.6263525951653719E-002
   3.6263667047023773E-002
   3.6266044247895479E-002
   3.6266775801777840E-002
   3.6267375573515892E-002
   3.6271987017244101E-002
   3.6275157704949379E-002
   3.6276864353567362E-002
   3.6277645733207464E-002
   3.6281415726989508E-002
   3.6285712849348783E-002
   3.6287548951804638E-002
   3.6287621129304171E-002
   3.6290003452450037E-002
   3.6291462834924459E-002
   3.6293004639446735E-002
   3.6293476354330778E-002
   3.6296337842941284E-002
   3.6298832390457392E-002
   3.6304944660514593E-002
   3.6308103706687689E-002
   3.6310590803623199E-002
   3.6312235053628683E-002
   3.6312739364802837E-002
   3.6312915384769440E-002
   3.6314513068646193E-002
   3.6318918224424124E-002
   3.6319409962743521E-002
   3.6322079133242369E-002
   3.6325962282717228E-002
   3.6327162757515907E-002
   3.6327444948256016E-002
   3.6328598391264677E-002
   3.6329078022390604E-002
   3.6330774892121553E-002
   3.6333332769572735E-002
   3.6334751173853874E-002
   3.6338943056762218E-002
   3.6341081839054823E-002
   3.6341382190585136E-002
   3.6341489758342505E-002
   3.6347686313092709E-002
   3.6352084018290043E-002
   3.6352601367980242E-002
   3.6355155985802412E-002
   3.6356827244162560E-002
   3.6357813980430365E-002
   3.6361213773488998E-002
   3.6362122744321823E-002
   3.6364660132676363E-002
   3.6366687156260014E-002
   3.6374412477016449E-002
   3.6374684423208237E-002
   3.6375556141138077E-002
   3.6376565694808960E-002
   3.6377991549670696E-002
   3.6378747317939997E-002
   3.6384175531566143E-002
   3.6384407430887222E-002
   3.6389142274856567E-002
   3.6389227025210857E-002
   3.6389909684658051E-002
   3.6392448469996452E-002
   3.6399217322468758E-002
   3.6400370765477419E-002
   3.6401996854692698E-002
   3.6402594763785601E-002
   3.6407500039786100E-002
   3.6410071421414614E-002
   3.6410916130989790E-002
   3.6417555063962936E-002
   3.6423197016119957E-002
   3.6424276884645224E-002
   3.6430461332201958E-002
   3.6431751213967800E-002
   3.6436735186725855E-002
   3.6438990850001574E-002
   3.6440951749682426E-002
   3.6442601121962070E-002
   3.6442952696233988E-002
   3.6446701269596815E-002
   3.6450420040637255E-002
   3.6457802634686232E-002
   3.6460322793573141E-002
   3.6461834795773029E-002
   3.6467900499701500E-002
   3.6469693295657635E-002
   3.6472825333476067E-002
   3.6474055144935846E-002
   3.6476574838161469E-002
   3.6476840265095234E-002
   3.6477767862379551E-002
   3.6479183938354254E-002
   3.6480808164924383E-002
   3.6480899900197983E-002
   3.6482586059719324E-002
   3.6484258249402046E-002
   3.6485259886831045E-002
   3.6491613369435072E-002
   3.6498788278549910E-002
   3.6499555688351393E-002
   3.6499703302979469E-002
   3.6500147078186274E-002
   3.6500819027423859E-002
   3.6501509603112936E-002
   3.6503230687230825E-002
   3.6504173651337624E-002
   3.6504900548607111E-002
   3.6508430261164904E-002
   3.6514125764369965E-002
   3.6518538836389780E-002
   3.6523246206343174E-002
   3.6524268332868814E-002
   3.6525311879813671E-002
   3.6540614441037178E-002
   3.6542093381285667E-002
   3.6543121561408043E-002
   3.6544299218803644E-002
   3.6549213342368603E-002
   3.6551438737660646E-002
   3.6552121397107840E-002
   3.6554720252752304E-002
   3.6557233426719904E-002
   3.6561254877597094E-002
   3.6561483051627874E-002
   3.6562189459800720E-002
   3.6564215086400509E-002
   3.6564233712852001E-002
   3.6565588787198067E-002
   3.6567312199622393E-002
   3.6568061448633671E-002
   3.6571701988577843E-002
   3.6573228891938925E-002
   3.6578206811100245E-002
   3.6579255480319262E-002
   3.6586518865078688E-002
   3.6587735172361135E-002
   3.6588431335985661E-002
   3.6588615737855434E-002
   3.6588869988918304E-002
   3.6589470226317644E-002
   3.6591544281691313E-002
   3.6595638375729322E-002
   3.6599804181605577E-002
   3.6600882653146982E-002
   3.6602942273020744E-002
   3.6603483837097883E-002
   3.6604091990739107E-002
   3.6605764180421829E-002
   3.6613869946449995E-002
   3.6614843178540468E-002
   3.6616340745240450E-002
   3.6616835743188858E-002
   3.6617502104490995E-002
   3.6623473744839430E-002
   3.6624167580157518E-002
   3.6627276334911585E-002
   3.6627924535423517E-002
   3.6630813498049974E-002
   3.6641563288867474E-002
   3.6642764694988728E-002
   3.6643084138631821E-002
   3.6644468549638987E-002
   3.6646175663918257E-002
   3.6650505848228931E-002
   3.6653092596679926E-002
   3.6654074210673571E-002
   3.6659278906881809E-002
   3.6660374142229557E-002
   3.6660799290984869E-002
   3.6663537379354239E-002
   3.6664660554379225E-002
   3.6664929706603289E-002
   3.6668415647000074E-002
   3.6669455934315920E-002
   3.6672116722911596E-002
   3.6672431044280529E-002
   3.6673868540674448E-002
   3.6681169643998146E-002
   3.6682910285890102E-002
   3.6683430895209312E-002
   3.6686074919998646E-002
   3.6689450964331627E-002
   3.6697437986731529E-002
   3.6697503179311752E-002
   3.6698667332530022E-002
   3.6699914839118719E-002
   3.6703511606901884E-002
   3.6706237122416496E-002
   3.6707936786115170E-002
   3.6709825508296490E-002
   3.6711507476866245E-002
   3.6712972447276115E-002
   3.6713099572807550E-002
   3.6713765934109688E-002
   3.6714801564812660E-002
   3.6717691924422979E-002
   3.6719441413879395E-002
   3.6719674244523048E-002
   3.6723525263369083E-002
   3.6726664286106825E-002
   3.6729871761053801E-002
   3.6730547901242971E-002
   3.6736963316798210E-002
   3.6739942152053118E-002
   3.6745696328580379E-002
   3.6746736150234938E-002
   3.6747318692505360E-002
   3.6752143409103155E-002
   3.6752887070178986E-002
   3.6753769032657146E-002
   3.6754522472620010E-002
   3.6762023344635963E-002
   3.6764869932085276E-002
   3.6765812430530787E-002
   3.6766049917787313E-002
   3.6766443867236376E-002
   3.6767998244613409E-002
   3.6768259480595589E-002
   3.6768739577382803E-002
   3.6773773841559887E-002
   3.6774998530745506E-002
   3.6775757092982531E-002
   3.6776278167963028E-002
   3.6777356173843145E-002
   3.6777525674551725E-002
   3.6779602989554405E-002
   3.6780063994228840E-002
   3.6781440488994122E-002
   3.6782260518521070E-002
   3.6783590912818909E-002
   3.6783904768526554E-002
   3.6785133183002472E-002
   3.6786792799830437E-002
   3.6790421698242426E-002
   3.6790580023080111E-002
   3.6791408434510231E-002
   3.6793988663703203E-002
   3.6794578190892935E-002
   3.6795002408325672E-002
   3.6797320004552603E-002
   3.6799793131649494E-002
   3.6800486501306295E-002
   3.6805103067308664E-002
   3.6807511001825333E-002
   3.6812662612646818E-002
   3.6819833330810070E-002
   3.6821777932345867E-002
   3.6822063382714987E-002
   3.6823258269578218E-002
   3.6824050359427929E-002
   3.6826231516897678E-002
   3.6830465774983168E-002
   3.6832390818744898E-002
   3.6835638340562582E-002
   3.6836325656622648E-002
   3.6839052569121122E-002
   3.6840126849710941E-002
   3.6845634225755930E-002
   3.6848629824817181E-002
   3.6851680371910334E-002
   3.6854463163763285E-002
   3.6855946760624647E-002
   3.6858086008578539E-002
   3.6863886285573244E-002
   3.6867282353341579E-002
   3.6871290765702724E-002
   3.6872514989227057E-002
   3.6873855628073215E-002
   3.6874745041131973E-002
   3.6876962520182133E-002
   3.6877412348985672E-002
   3.6881272215396166E-002
   3.6881884559988976E-002
   3.6884224507957697E-002
   3.6886405665427446E-002
   3.6886978428810835E-002
   3.6889970768243074E-002
   3.6892333999276161E-002
   3.6897577811032534E-002
   3.6901880055665970E-002
   3.6902439780533314E-002
   3.6907547153532505E-002
   3.6910736467689276E-002
   3.6911073140799999E-002
   3.6915261298418045E-002
   3.6915959790349007E-002
   3.6917181219905615E-002
   3.6920308135449886E-002
   3.6921023391187191E-002
   3.6923391278833151E-002
   3.6925549153238535E-002
   3.6925896536558867E-002
   3.6928467452526093E-002
   3.6930021364241838E-002
   3.6930075846612453E-002
   3.6931813228875399E-002
   3.6931949667632580E-002
   3.6933667957782745E-002
   3.6933971568942070E-002
   3.6938451696187258E-002
   3.6942383740097284E-002
   3.6945379804819822E-002
   3.6947791930288076E-002
   3.6954581271857023E-002
   3.6955752409994602E-002
   3.6960161291062832E-002
   3.6962995771318674E-002
   3.6963536869734526E-002
   3.6964102648198605E-002
   3.6964294966310263E-002
   3.6965254228562117E-002
   3.6966301035135984E-002
   3.6968508269637823E-002
   3.6970133427530527E-002
   3.6970227025449276E-002
   3.6971522495150566E-002
   3.6971844732761383E-002
   3.6974905524402857E-002
   3.6977314855903387E-002
   3.6979249678552151E-002
   3.6980966106057167E-002
   3.6987849511206150E-002
   3.6988238338381052E-002
   3.6990170367062092E-002
   3.6993200425058603E-002
   3.6993633490055799E-002
   3.6993745248764753E-002
   3.6995215341448784E-002
   3.6997321993112564E-002
   3.6999807227402925E-002
   3.6999898962676525E-002
   3.7000861018896103E-002
   3.7005897611379623E-002
   3.7006244529038668E-002
   3.7008195649832487E-002
   3.7008977495133877E-002
   3.7012505810707808E-002
   3.7016015499830246E-002
   3.7016774527728558E-002
   3.7016920745372772E-002
   3.7023624405264854E-002
   3.7024247925728559E-002
   3.7031064741313457E-002
   3.7031688727438450E-002
   3.7032277323305607E-002
   3.7032502703368664E-002
   3.7032742984592915E-002
   3.7033214699476957E-002
   3.7033542990684509E-002
   3.7036447320133448E-002
   3.7040176335722208E-002
   3.7040888797491789E-002
   3.7042168900370598E-002
   3.7043452262878418E-002
   3.7045739591121674E-002
   3.7047956604510546E-002
   3.7052508909255266E-002
   3.7055430002510548E-002
   3.7063600029796362E-002
   3.7064010277390480E-002
   3.7066445220261812E-002
   3.7066507618874311E-002
   3.7066520657390356E-002
   3.7067883647978306E-002
   3.7069828715175390E-002
   3.7071133032441139E-002
   3.7074311170727015E-002
   3.7076008040457964E-002
   3.7077544722706079E-002
   3.7078270688652992E-002
   3.7080500740557909E-002
   3.7080519367009401E-002
   3.7081290036439896E-002
   3.7084740586578846E-002
   3.7088755052536726E-002
   3.7090686615556479E-002
   3.7092939950525761E-002
   3.7095971871167421E-002
   3.7096684332937002E-002
   3.7098195403814316E-002
   3.7099114153534174E-002
   3.7100837565958500E-002
   3.7102365400642157E-002
   3.7102736998349428E-002
   3.7102752365171909E-002
   3.7106527946889400E-002
   3.7107825744897127E-002
   3.7112158257514238E-002
   3.7116047460585833E-002
   3.7117189727723598E-002
   3.7118238396942616E-002
   3.7119172513484955E-002
   3.7119199056178331E-002
   3.7119226064532995E-002
   3.7119865417480469E-002
   3.7119901739060879E-002
   3.7124604452401400E-002
   3.7129281554371119E-002
   3.7131437100470066E-002
   3.7133777048438787E-002
   3.7135659717023373E-002
   3.7136245053261518E-002
   3.7138840649276972E-002
   3.7139577791094780E-002
   3.7144997157156467E-002
   3.7145345471799374E-002
   3.7145732901990414E-002
   3.7146356422454119E-002
   3.7146676331758499E-002
   3.7148245610296726E-002
   3.7148445378988981E-002
   3.7150510121136904E-002
   3.7153304088860750E-002
   3.7158802151679993E-002
   3.7161644548177719E-002
   3.7175092846155167E-002
   3.7175610661506653E-002
   3.7177989725023508E-002
   3.7180373910814524E-002
   3.7181222811341286E-002
   3.7181465886533260E-002
   3.7185285706073046E-002
   3.7187385838478804E-002
   3.7190908100455999E-002
   3.7193054333329201E-002
   3.7193153053522110E-002
   3.7196116056293249E-002
   3.7196326069533825E-002
   3.7201782222837210E-002
   3.7203748710453510E-002
   3.7206204608082771E-002
   3.7206673994660378E-002
   3.7208259571343660E-002
   3.7208418827503920E-002
   3.7210243288427591E-002
   3.7210611160844564E-002
   3.7213210016489029E-002
   3.7214049138128757E-002
   3.7218165118247271E-002
   3.7219990976154804E-002
   3.7220445461571217E-002
   3.7222387734800577E-002
   3.7223490420728922E-002
   3.7223804276436567E-002
   3.7224840372800827E-002
   3.7227634806185961E-002
   3.7228174041956663E-002
   3.7229197099804878E-002
   3.7229897454380989E-002
   3.7230248097330332E-002
   3.7230356596410275E-002
   3.7233361508697271E-002
   3.7236046977341175E-002
   3.7236343137919903E-002
   3.7236565724015236E-002
   3.7238171324133873E-002
   3.7239070516079664E-002
   3.7239343393594027E-002
   3.7240206729620695E-002
   3.7242602556943893E-002
   3.7244651932269335E-002
   3.7247273139655590E-002
   3.7251271307468414E-002
   3.7253733724355698E-002
   3.7253793794661760E-002
   3.7255962379276752E-002
   3.7262924481183290E-002
   3.7268380168825388E-002
   3.7269167602062225E-002
   3.7272116169333458E-002
   3.7273264490067959E-002
   3.7275303620845079E-002
   3.7284227553755045E-002
   3.7284303456544876E-002
   3.7285576574504375E-002
   3.7288411054760218E-002
   3.7290910724550486E-002
   3.7291264627128839E-002
   3.7293678149580956E-002
   3.7295033223927021E-002
   3.7295482587069273E-002
   3.7295762915164232E-002
   3.7302275188267231E-002
   3.7302316166460514E-002
   3.7305240053683519E-002
   3.7306371610611677E-002
   3.7308747880160809E-002
   3.7309478502720594E-002
   3.7310136016458273E-002
   3.7310912739485502E-002
   3.7311882246285677E-002
   3.7311991211026907E-002
   3.7322375457733870E-002
   3.7324128672480583E-002
   3.7330764811486006E-002
   3.7331136874854565E-002
   3.7335969973355532E-002
   3.7337104789912701E-002
   3.7340454757213593E-002
   3.7341468501836061E-002
   3.7344099953770638E-002
   3.7345507182180882E-002
   3.7351413629949093E-002
   3.7352682556957006E-002
   3.7362178321927786E-002
   3.7364135030657053E-002
   3.7365802563726902E-002
   3.7366356234997511E-002
   3.7367651239037514E-002
   3.7367721088230610E-002
   3.7370113655924797E-002
   3.7371282465755939E-002
   3.7372871767729521E-002
   3.7375926040112972E-002
   3.7377731408923864E-002
   3.7377977743744850E-002
   3.7381887901574373E-002
   3.7386244162917137E-002
   3.7388680502772331E-002
   3.7393231410533190E-002
   3.7394545972347260E-002
   3.7395209539681673E-002
   3.7395416293293238E-002
   3.7395731545984745E-002
   3.7400063127279282E-002
   3.7401627283543348E-002
   3.7402144633233547E-002
   3.7402385380119085E-002
   3.7403514608740807E-002
   3.7404268048703671E-002
   3.7407146766781807E-002
   3.7411036435514688E-002
   3.7411367055028677E-002
   3.7413500715047121E-002
   3.7413696292787790E-002
   3.7414786405861378E-002
   3.7414890248328447E-002
   3.7419751286506653E-002
   3.7420202512294054E-002
   3.7420367822051048E-002
   3.7426046095788479E-002
   3.7428660783916712E-002
   3.7430810276418924E-002
   3.7433041259646416E-002
   3.7437742576003075E-002
   3.7440426182001829E-002
   3.7441238760948181E-002
   3.7444122601300478E-002
   3.7446053698658943E-002
   3.7449252791702747E-002
   3.7450366187840700E-002
   3.7451644893735647E-002
   3.7453644443303347E-002
   3.7454326171427965E-002
   3.7456362042576075E-002
   3.7457756698131561E-002
   3.7457919213920832E-002
   3.7459667772054672E-002
   3.7461604923009872E-002
   3.7462730892002583E-002
   3.7463821470737457E-002
   3.7466704379767179E-002
   3.7468493916094303E-002
   3.7469089962542057E-002
   3.7469696253538132E-002
   3.7472392432391644E-002
   3.7473001983016729E-002
   3.7474398966878653E-002
   3.7474413868039846E-002
   3.7476485129445791E-002
   3.7478519603610039E-002
   3.7481243256479502E-002
   3.7483451887965202E-002
   3.7485796026885509E-002
   3.7487309891730547E-002
   3.7490595597773790E-002
   3.7491024006158113E-002
   3.7491118069738150E-002
   3.7491475697606802E-002
   3.7493892945349216E-002
   3.7495343480259180E-002
   3.7495544180274010E-002
   3.7497412879019976E-002
   3.7498292513191700E-002
   3.7500198930501938E-002
   3.7500511854887009E-002
   3.7501020822674036E-002
   3.7501809652894735E-002
   3.7501920014619827E-002
   3.7503006868064404E-002
   3.7503037601709366E-002
   3.7505520973354578E-002
   3.7505961023271084E-002
   3.7507185246795416E-002
   3.7507317494601011E-002
   3.7513427436351776E-002
   3.7517241202294827E-002
   3.7518341559916735E-002
   3.7521314341574907E-002
   3.7522016093134880E-002
   3.7526083644479513E-002
   3.7527131848037243E-002
   3.7527704145759344E-002
   3.7527940236032009E-002
   3.7528953049331903E-002
   3.7528998684138060E-002
   3.7529558409005404E-002
   3.7530347704887390E-002
   3.7531381472945213E-002
   3.7532499991357327E-002
   3.7533584516495466E-002
   3.7534547504037619E-002
   3.7536807823926210E-002
   3.7537637632340193E-002
   3.7538506090641022E-002
   3.7540450692176819E-002
   3.7540615536272526E-002
   3.7541854195296764E-002
   3.7541930563747883E-002
   3.7543786689639091E-002
   3.7547050975263119E-002
   3.7547536194324493E-002
   3.7547942250967026E-002
   3.7548034917563200E-002
   3.7548555526882410E-002
   3.7549491506069899E-002
   3.7551142275333405E-002
   3.7554854992777109E-002
   3.7555840332061052E-002
   3.7557253614068031E-002
   3.7561842240393162E-002
   3.7561993114650249E-002
   3.7563424557447433E-002
   3.7564393598586321E-002
   3.7566505372524261E-002
   3.7567974068224430E-002
   3.7569802254438400E-002
   3.7571505177766085E-002
   3.7574714049696922E-002
   3.7576888222247362E-002
   3.7577140610665083E-002
   3.7578382529318333E-002
   3.7579477299004793E-002
   3.7580564618110657E-002
   3.7580717355012894E-002
   3.7581563461571932E-002
   3.7581615149974823E-002
   3.7587991915643215E-002
   3.7591438274830580E-002
   3.7592295091599226E-002
   3.7594736553728580E-002
   3.7596266716718674E-002
   3.7597375456243753E-002
   3.7598777096718550E-002
   3.7598995026201010E-002
   3.7603677716106176E-002
   3.7606331054121256E-002
   3.7607285659760237E-002
   3.7608283571898937E-002
   3.7608731072396040E-002
   3.7608737125992775E-002
   3.7609733175486326E-002
   3.7610338069498539E-002
   3.7615606095641851E-002
   3.7616942077875137E-002
   3.7630384322255850E-002
   3.7633820436894894E-002
   3.7633895408362150E-002
   3.7635990884155035E-002
   3.7641215603798628E-002
   3.7641245871782303E-002
   3.7641487084329128E-002
   3.7642315030097961E-002
   3.7644099909812212E-002
   3.7657632026821375E-002
   3.7657827138900757E-002
   3.7663074675947428E-002
   3.7670205347239971E-002
   3.7670929450541735E-002
   3.7672299426048994E-002
   3.7672330159693956E-002
   3.7673556711524725E-002
   3.7674637045711279E-002
   3.7674652878195047E-002
   3.7674830760806799E-002
   3.7675996311008930E-002
   3.7676141131669283E-002
   3.7676585372537374E-002
   3.7677682936191559E-002
   3.7677749525755644E-002
   3.7677760235965252E-002
   3.7678809370845556E-002
   3.7681269459426403E-002
   3.7683455739170313E-002
   3.7690017372369766E-002
   3.7690456025302410E-002
   3.7691809237003326E-002
   3.7692779675126076E-002
   3.7699154112488031E-002
   3.7700053304433823E-002
   3.7702945992350578E-002
   3.7705384194850922E-002
   3.7707974202930927E-002
   3.7714278791099787E-002
   3.7714387755841017E-002
   3.7714676931500435E-002
   3.7715257145464420E-002
   3.7717771716415882E-002
   3.7719704210758209E-002
   3.7720298394560814E-002
   3.7723000161349773E-002
   3.7724475376307964E-002
   3.7726681213825941E-002
   3.7732089404016733E-002
   3.7737936247140169E-002
   3.7744917441159487E-002
   3.7750652991235256E-002
   3.7751838564872742E-002
   3.7753724027425051E-002
   3.7754729390144348E-002
   3.7756275851279497E-002
   3.7758732680231333E-002
   3.7758773658424616E-002
   3.7761084269732237E-002
   3.7761622108519077E-002
   3.7763300351798534E-002
   3.7768022622913122E-002
   3.7769336253404617E-002
   3.7770144175738096E-002
   3.7770347204059362E-002
   3.7774832453578711E-002
   3.7777273450046778E-002
   3.7779296748340130E-002
   3.7780561018735170E-002
   3.7780613638460636E-002
   3.7786286789923906E-002
   3.7786464206874371E-002
   3.7786681670695543E-002
   3.7786884699016809E-002
   3.7787100765854120E-002
   3.7788139190524817E-002
   3.7789341062307358E-002
   3.7790563888847828E-002
   3.7792514078319073E-002
   3.7797762081027031E-002
   3.7799437064677477E-002
   3.7800151389092207E-002
   3.7802821490913630E-002
   3.7804325576871634E-002
   3.7804693914949894E-002
   3.7806167732924223E-002
   3.7808774039149284E-002
   3.7809430621564388E-002
   3.7809683475643396E-002
   3.7815147079527378E-002
   3.7815771996974945E-002
   3.7818627897650003E-002
   3.7821818143129349E-002
   3.7827083840966225E-002
   3.7827474530786276E-002
   3.7828588392585516E-002
   3.7828823085874319E-002
   3.7830722052603960E-002
   3.7831415422260761E-002
   3.7833409849554300E-002
   3.7835284601897001E-002
   3.7835705094039440E-002
   3.7841682322323322E-002
   3.7847093306481838E-002
   3.7849894724786282E-002
   3.7850250490009785E-002
   3.7850475404411554E-002
   3.7850577849894762E-002
   3.7850615568459034E-002
   3.7852566223591566E-002
   3.7854060996323824E-002
   3.7854617927223444E-002
   3.7856595590710640E-002
   3.7856941577047110E-002
   3.7859241012483835E-002
   3.7859298288822174E-002
   3.7859685253351927E-002
   3.7859975825995207E-002
   3.7860939279198647E-002
   3.7862255237996578E-002
   3.7867567501962185E-002
   3.7870957981795073E-002
   3.7871187087148428E-002
   3.7871725391596556E-002
   3.7872700020670891E-002
   3.7874590139836073E-002
   3.7875889334827662E-002
   3.7876030430197716E-002
   3.7876812741160393E-002
   3.7879452574998140E-002
   3.7880076095461845E-002
   3.7880706600844860E-002
   3.7882748991250992E-002
   3.7883187644183636E-002
   3.7884442601352930E-002
   3.7885349709540606E-002
   3.7886177189648151E-002
   3.7886892445385456E-002
   3.7887250073254108E-002
   3.7888432852923870E-002
   3.7894379347562790E-002
   3.7895521614700556E-002
   3.7899515125900507E-002
   3.7903468590229750E-002
   3.7905662786215544E-002
   3.7910722661763430E-002
   3.7912053987383842E-002
   3.7913085892796516E-002
   3.7914420012384653E-002
   3.7914437241852283E-002
   3.7915125954896212E-002
   3.7915254477411509E-002
   3.7915983702987432E-002
   3.7917491048574448E-002
   3.7917924579232931E-002
   3.7920567672699690E-002
   3.7921458482742310E-002
   3.7922237534075975E-002
   3.7923625204712152E-002
   3.7930334452539682E-002
   3.7934373598545790E-002
   3.7935909349471331E-002
   3.7943994160741568E-002
   3.7944173905998468E-002
   3.7944204173982143E-002
   3.7945518735796213E-002
   3.7946424447000027E-002
   3.7950547877699137E-002
   3.7951930426061153E-002
   3.7954966537654400E-002
   3.7960116751492023E-002
   3.7964104674756527E-002
   3.7964566145092249E-002
   3.7967850454151630E-002
   3.7969856057316065E-002
   3.7976982537657022E-002
   3.7977921310812235E-002
   3.7978666834533215E-002
   3.7979227025061846E-002
   3.7980067078024149E-002
   3.7981966976076365E-002
   3.7988591939210892E-002
   3.7989451549947262E-002
   3.7992367986589670E-002
   3.7995043210685253E-002
   3.7997990380972624E-002
   3.7999425083398819E-002
   3.8002959452569485E-002
   3.8003227207809687E-002
   3.8003507535904646E-002
   3.8003705907613039E-002
   3.8004210218787193E-002
   3.8005125708878040E-002
   3.8005372975021601E-002
   3.8006048649549484E-002
   3.8011231925338507E-002
   3.8014297373592854E-002
   3.8014956284314394E-002
   3.8021258078515530E-002
   3.8021645043045282E-002
   3.8022257853299379E-002
   3.8025389425456524E-002
   3.8025857415050268E-002
   3.8026223424822092E-002
   3.8026835303753614E-002
   3.8028480019420385E-002
   3.8028826005756855E-002
   3.8029719609767199E-002
   3.8030929397791624E-002
   3.8031677715480328E-002
   3.8039838429540396E-002
   3.8040147162973881E-002
   3.8041593972593546E-002
   3.8045976776629686E-002
   3.8046627771109343E-002
   3.8046993315219879E-002
   3.8054062984883785E-002
   3.8056113757193089E-002
   3.8062467239797115E-002
   3.8063659798353910E-002
   3.8065744563937187E-002
   3.8065749686211348E-002
   3.8066294509917498E-002
   3.8066973444074392E-002
   3.8067260757088661E-002
   3.8070146925747395E-002
   3.8073209580034018E-002
   3.8073599804192781E-002
   3.8075120188295841E-002
   3.8075513206422329E-002
   3.8078102748841047E-002
   3.8080270867794752E-002
   3.8080609869211912E-002
   3.8086910732090473E-002
   3.8088528439402580E-002
   3.8090108893811703E-002
   3.8090324029326439E-002
   3.8101238664239645E-002
   3.8101330399513245E-002
   3.8104071281850338E-002
   3.8104454055428505E-002
   3.8104652427136898E-002
   3.8106347434222698E-002
   3.8107888307422400E-002
   3.8109136279672384E-002
   3.8110102992504835E-002
   3.8111513014882803E-002
   3.8114192895591259E-002
   3.8115562871098518E-002
   3.8116815499961376E-002
   3.8120172917842865E-002
   3.8120325654745102E-002
   3.8120790384709835E-002
   3.8121742662042379E-002
   3.8122298661619425E-002
   3.8123377598822117E-002
   3.8125256542116404E-002
   3.8125758524984121E-002
   3.8138796109706163E-002
   3.8139185402542353E-002
   3.8144204765558243E-002
   3.8145017344504595E-002
   3.8145213387906551E-002
   3.8145740516483784E-002
   3.8147896528244019E-002
   3.8148055784404278E-002
   3.8148552179336548E-002
   3.8148992229253054E-002
   3.8150820415467024E-002
   3.8152550812810659E-002
   3.8155015558004379E-002
   3.8155203685164452E-002
   3.8155877962708473E-002
   3.8158372510224581E-002
   3.8160648662596941E-002
   3.8160684518516064E-002
   3.8161560893058777E-002
   3.8163612596690655E-002
   3.8164768833667040E-002
   3.8165229838341475E-002
   3.8170502986758947E-002
   3.8170536048710346E-002
   3.8171745836734772E-002
   3.8174554239958525E-002
   3.8175744470208883E-002
   3.8176753092557192E-002
   3.8177547510713339E-002
   3.8178235758095980E-002
   3.8179274648427963E-002
   3.8179324939846992E-002
   3.8180935196578503E-002
   3.8180992938578129E-002
   3.8182803429663181E-002
   3.8187362719327211E-002
   3.8191370666027069E-002
   3.8191779982298613E-002
   3.8192117586731911E-002
   3.8192172069102526E-002
   3.8193014450371265E-002
   3.8198764901608229E-002
   3.8200428243726492E-002
   3.8201713468879461E-002
   3.8208172656595707E-002
   3.8208741229027510E-002
   3.8211159408092499E-002
   3.8212825078517199E-002
   3.8214247208088636E-002
   3.8214501924812794E-002
   3.8216085173189640E-002
   3.8217548280954361E-002
   3.8220863323658705E-002
   3.8222348317503929E-002
   3.8223011884838343E-002
   3.8223864044994116E-002
   3.8224320393055677E-002
   3.8225053809583187E-002
   3.8225876633077860E-002
   3.8226506207138300E-002
   3.8228377234190702E-002
   3.8232837338000536E-002
   3.8234707899391651E-002
   3.8240756373852491E-002
   3.8242502138018608E-002
   3.8245767354965210E-002
   3.8248368538916111E-002
   3.8248814176768064E-002
   3.8251121062785387E-002
   3.8252885453402996E-002
   3.8253791630268097E-002
   3.8256552536040545E-002
   3.8257637061178684E-002
   3.8257768377661705E-002
   3.8262728136032820E-002
   3.8263029884546995E-002
   3.8263624068349600E-002
   3.8269296754151583E-002
   3.8272001314908266E-002
   3.8272920064628124E-002
   3.8272993639111519E-002
   3.8273393642157316E-002
   3.8274174090474844E-002
   3.8275978993624449E-002
   3.8277028128504753E-002
   3.8277767598628998E-002
   3.8278826978057623E-002
   3.8280058186501265E-002
   3.8282532710582018E-002
   3.8282772060483694E-002
   3.8284006062895060E-002
   3.8285540416836739E-002
   3.8287438452243805E-002
   3.8288820069283247E-002
   3.8289602380245924E-002
   3.8289882708340883E-002
   3.8291519042104483E-002
   3.8292186334729195E-002
   3.8293052930384874E-002
   3.8294711615890265E-002
   3.8295064121484756E-002
   3.8298771716654301E-002
   3.8299355190247297E-002
   3.8301636464893818E-002
   3.8303463254123926E-002
   3.8306648377329111E-002
   3.8307196460664272E-002
   3.8307575043290854E-002
   3.8308019749820232E-002
   3.8309501018375158E-002
   3.8310376927256584E-002
   3.8311648182570934E-002
   3.8313741795718670E-002
   3.8319796323776245E-002
   3.8323312532156706E-002
   3.8323448970913887E-002
   3.8323847576975822E-002
   3.8324349094182253E-002
   3.8328401278704405E-002
   3.8329213391989470E-002
   3.8329508621245623E-002
   3.8339156657457352E-002
   3.8340282626450062E-002
   3.8341995328664780E-002
   3.8342675194144249E-002
   3.8348350673913956E-002
   3.8349687587469816E-002
   3.8349714595824480E-002
   3.8351124618202448E-002
   3.8352713454514742E-002
   3.8353960495442152E-002
   3.8358642254024744E-002
   3.8359720725566149E-002
   3.8360678125172853E-002
   3.8361148908734322E-002
   3.8361286744475365E-002
   3.8362011779099703E-002
   3.8362344261258841E-002
   3.8363752886652946E-002
   3.8365259300917387E-002
   3.8367776200175285E-002
   3.8373039569705725E-002
   3.8376471027731895E-002
   3.8376994896680117E-002
   3.8379722274839878E-002
   3.8380783982574940E-002
   3.8386221043765545E-002
   3.8388134445995092E-002
   3.8389456924051046E-002
   3.8390316534787416E-002
   3.8390986155718565E-002
   3.8392483256757259E-002
   3.8392785936594009E-002
   3.8397073745727539E-002
   3.8400032557547092E-002
   3.8402548991143703E-002
   3.8404006045311689E-002
   3.8405919913202524E-002
   3.8409200496971607E-002
   3.8412668276578188E-002
   3.8414418231695890E-002
   3.8414477370679379E-002
   3.8415967486798763E-002
   3.8420991040766239E-002
   3.8422069512307644E-002
   3.8425105158239603E-002
   3.8428282830864191E-002
   3.8434078451246023E-002
   3.8435237016528845E-002
   3.8436661474406719E-002
   3.8437763229012489E-002
   3.8438713178038597E-002
   3.8439869415014982E-002
   3.8441366516053677E-002
   3.8448285311460495E-002
   3.8450468797236681E-002
   3.8450990803539753E-002
   3.8459622301161289E-002
   3.8460120093077421E-002
   3.8460345473140478E-002
   3.8461417425423861E-002
   3.8462218362838030E-002
   3.8463661447167397E-002
   3.8464411627501249E-002
   3.8467868231236935E-002
   3.8468908052891493E-002
   3.8473084103316069E-002
   3.8473497610539198E-002
   3.8476926274597645E-002
   3.8478067144751549E-002
   3.8478785660117865E-002
   3.8480282761156559E-002
   3.8482573349028826E-002
   3.8487319834530354E-002
   3.8490942679345608E-002
   3.8493791595101357E-002
   3.8496031425893307E-002
   3.8496275432407856E-002
   3.8497345056384802E-002
   3.8498736917972565E-002
   3.8499074056744576E-002
   3.8505049422383308E-002
   3.8506498094648123E-002
   3.8507055491209030E-002
   3.8509678095579147E-002
   3.8510407786816359E-002
   3.8514867424964905E-002
   3.8515619467943907E-002
   3.8519229274243116E-002
   3.8521477952599525E-002
   3.8524012546986341E-002
   3.8528840057551861E-002
   3.8529214914888144E-002
   3.8530099671334028E-002
   3.8531973492354155E-002
   3.8535408675670624E-002
   3.8539228029549122E-002
   3.8539468776434660E-002
   3.8541673216968775E-002
   3.8548373151570559E-002
   3.8550205063074827E-002
   3.8552793208509684E-002
   3.8554808590561152E-002
   3.8555622100830078E-002
   3.8557827938348055E-002
   3.8558871950954199E-002
   3.8560583721846342E-002
   3.8561154156923294E-002
   3.8561472203582525E-002
   3.8561597000807524E-002
   3.8568284362554550E-002
   3.8571463897824287E-002
   3.8571560755372047E-002
   3.8574243430048227E-002
   3.8576471153646708E-002
   3.8577285129576921E-002
   3.8577653933316469E-002
   3.8578817620873451E-002
   3.8580952212214470E-002
   3.8581267930567265E-002
   3.8582425564527512E-002
   3.8582628592848778E-002
   3.8582752458751202E-002
   3.8583379704505205E-002
   3.8584399037063122E-002
   3.8584814872592688E-002
   3.8585058413445950E-002
   3.8585672620683908E-002
   3.8589777424931526E-002
   3.8594527170062065E-002
   3.8597573526203632E-002
   3.8599763065576553E-002
   3.8600680418312550E-002
   3.8601365406066179E-002
   3.8603135850280523E-002
   3.8603826425969601E-002
   3.8603860884904861E-002
   3.8606940768659115E-002
   3.8608962669968605E-002
   3.8612091448158026E-002
   3.8613332435488701E-002
   3.8613874465227127E-002
   3.8615426514297724E-002
   3.8618270773440599E-002
   3.8621263578534126E-002
   3.8621866609901190E-002
   3.8623906206339598E-002
   3.8624048233032227E-002
   3.8625158369541168E-002
   3.8629116490483284E-002
   3.8631148636341095E-002
   3.8634234573692083E-002
   3.8634963333606720E-002
   3.8638379890471697E-002
   3.8640365935862064E-002
   3.8642404600977898E-002
   3.8643442559987307E-002
   3.8644807878881693E-002
   3.8645337335765362E-002
   3.8649732712656260E-002
   3.8652590941637754E-002
   3.8653233088552952E-002
   3.8654386065900326E-002
   3.8655515294522047E-002
   3.8657454773783684E-002
   3.8659233599901199E-002
   3.8659743499010801E-002
   3.8660328835248947E-002
   3.8663711864501238E-002
   3.8663747254759073E-002
   3.8666086737066507E-002
   3.8668198976665735E-002
   3.8669884204864502E-002
   3.8672120310366154E-002
   3.8672239985316992E-002
   3.8675124291330576E-002
   3.8677642121911049E-002
   3.8680006749927998E-002
   3.8680078927427530E-002
   3.8681630976498127E-002
   3.8682124111801386E-002
   3.8683551363646984E-002
   3.8686777465045452E-002
   3.8687028922140598E-002
   3.8690284360200167E-002
   3.8690927904099226E-002
   3.8691401481628418E-002
   3.8693153299391270E-002
   3.8698560558259487E-002
   3.8701275829225779E-002
   3.8704095873981714E-002
   3.8705372717231512E-002
   3.8709943182766438E-002
   3.8710153196007013E-002
   3.8715964648872614E-002
   3.8717883639037609E-002
   3.8717892486602068E-002
   3.8718940224498510E-002
   3.8719342555850744E-002
   3.8719767238944769E-002
   3.8720815908163786E-002
   3.8722176570445299E-002
   3.8722181227058172E-002
   3.8729704916477203E-002
   3.8730354513972998E-002
   3.8731790147721767E-002
   3.8732537068426609E-002
   3.8734543137252331E-002
   3.8736595772206783E-002
   3.8737805094569921E-002
   3.8737984374165535E-002
   3.8740415126085281E-002
   3.8742356933653355E-002
   3.8743257988244295E-002
   3.8743581157177687E-002
   3.8748074788600206E-002
   3.8748602848500013E-002
   3.8749760482460260E-002
   3.8750405889004469E-002
   3.8750855717808008E-002
   3.8752762135118246E-002
   3.8757106754928827E-002
   3.8761512842029333E-002
   3.8762094452977180E-002
   3.8766660261899233E-002
   3.8767457008361816E-002
   3.8768411614000797E-002
   3.8768806029111147E-002
   3.8769446313381195E-002
   3.8771098013967276E-002
   3.8774977438151836E-002
   3.8775935303419828E-002
   3.8778909016400576E-002
   3.8780726492404938E-002
   3.8781699258834124E-002
   3.8781852461397648E-002
   3.8783593103289604E-002
   3.8784095086157322E-002
   3.8784776348620653E-002
   3.8786122575402260E-002
   3.8788197096437216E-002
   3.8788786623626947E-002
   3.8790510501712561E-002
   3.8791988044977188E-002
   3.8792299572378397E-002
   3.8792421109974384E-002
   3.8794540800154209E-002
   3.8795205298811197E-002
   3.8796441629528999E-002
   3.8799653761088848E-002
   3.8800549227744341E-002
   3.8804116658866405E-002
   3.8806036114692688E-002
   3.8807900156825781E-002
   3.8810748141258955E-002
   3.8811724632978439E-002
   3.8812928833067417E-002
   3.8815177511423826E-002
   3.8818266242742538E-002
   3.8819900248199701E-002
   3.8821307010948658E-002
   3.8825904950499535E-002
   3.8833621889352798E-002
   3.8837056607007980E-002
   3.8840532302856445E-002
   3.8848083466291428E-002
   3.8848343770951033E-002
   3.8849181495606899E-002
   3.8850727025419474E-002
   3.8851018063724041E-002
   3.8857372477650642E-002
   3.8858332671225071E-002
   3.8860146887600422E-002
   3.8861021399497986E-002
   3.8861942011862993E-002
   3.8863934110850096E-002
   3.8865561597049236E-002
   3.8865962997078896E-002
   3.8866259623318911E-002
   3.8866690825670958E-002
   3.8867734372615814E-002
   3.8868737872689962E-002
   3.8877417333424091E-002
   3.8879118394106627E-002
   3.8880909327417612E-002
   3.8883200846612453E-002
   3.8884187117218971E-002
   3.8884861394762993E-002
   3.8885477464646101E-002
   3.8888916838914156E-002
   3.8890132680535316E-002
   3.8901565130800009E-002
   3.8904927205294371E-002
   3.8905908819288015E-002
   3.8907147478312254E-002
   3.8907480891793966E-002
   3.8911761250346899E-002
   3.8913907948881388E-002
   3.8915868382900953E-002
   3.8919047918170691E-002
   3.8919783663004637E-002
   3.8920688908547163E-002
   3.8924402557313442E-002
   3.8924575783312321E-002
   3.8925398606806993E-002
   3.8931610062718391E-002
   3.8932715542614460E-002
   3.8932724855840206E-002
   3.8932919036597013E-002
   3.8934962823987007E-002
   3.8940462749451399E-002
   3.8942811079323292E-002
   3.8946293760091066E-002
   3.8946796208620071E-002
   3.8951759692281485E-002
   3.8952328730374575E-002
   3.8955630734562874E-002
   3.8955897558480501E-002
   3.8956324569880962E-002
   3.8958509452641010E-002
   3.8958983030170202E-002
   3.8960035890340805E-002
   3.8962457329034805E-002
   3.8962628226727247E-002
   3.8966567255556583E-002
   3.8968451321125031E-002
   3.8968705572187901E-002
   3.8970608264207840E-002
   3.8972207345068455E-002
   3.8972940761595964E-002
   3.8973701652139425E-002
   3.8982653524726629E-002
   3.8983436301350594E-002
   3.8984258659183979E-002
   3.8984715007245541E-002
   3.8985009770840406E-002
   3.8985407445579767E-002
   3.8989728782325983E-002
   3.8993574213236570E-002
   3.8996295537799597E-002
   3.8997473660856485E-002
   3.9000657852739096E-002
   3.9000961929559708E-002
   3.9001103956252337E-002
   3.9006668608635664E-002
   3.9009818807244301E-002
   3.9013438392430544E-002
   3.9014820940792561E-002
   3.9015072397887707E-002
   3.9015305694192648E-002
   3.9019455667585135E-002
   3.9021024014800787E-002
   3.9025471545755863E-002
   3.9029394742101431E-002
   3.9029793813824654E-002
   3.9033680688589811E-002
   3.9035797119140625E-002
   3.9036501199007034E-002
   3.9038870017975569E-002
   3.9043621160089970E-002
   3.9043701719492674E-002
   3.9044019766151905E-002
   3.9044182747602463E-002
   3.9055866654962301E-002
   3.9058694615960121E-002
   3.9059599861502647E-002
   3.9059612434357405E-002
   3.9059916976839304E-002
   3.9064529817551374E-002
   3.9066592231392860E-002
   3.9069955702871084E-002
   3.9071809034794569E-002
   3.9072643499821424E-002
   3.9073022082448006E-002
   3.9075720589607954E-002
   3.9075914304703474E-002
   3.9076952729374170E-002
   3.9078337606042624E-002
   3.9083878509700298E-002
   3.9088293910026550E-002
   3.9089384488761425E-002
   3.9089993573725224E-002
   3.9093813393265009E-002
   3.9095067884773016E-002
   3.9098334964364767E-002
   3.9098939858376980E-002
   3.9099051617085934E-002
   3.9100089576095343E-002
   3.9102355483919382E-002
   3.9103841409087181E-002
   3.9106215350329876E-002
   3.9106871467083693E-002
   3.9124955888837576E-002
   3.9125074632465839E-002
   3.9125084877014160E-002
   3.9127396419644356E-002
   3.9128057658672333E-002
   3.9129673969000578E-002
   3.9134251885116100E-002
   3.9137373678386211E-002
   3.9151476696133614E-002
   3.9154180325567722E-002
   3.9154409896582365E-002
   3.9156500715762377E-002
   3.9156809914857149E-002
   3.9158002473413944E-002
   3.9160568267107010E-002
   3.9161249529570341E-002
   3.9162462111562490E-002
   3.9162684697657824E-002
   3.9164364337921143E-002
   3.9166777860373259E-002
   3.9167074020951986E-002
   3.9167846087366343E-002
   3.9171001408249140E-002
   3.9171245414763689E-002
   3.9171528536826372E-002
   3.9173431228846312E-002
   3.9174823090434074E-002
   3.9177285972982645E-002
   3.9177878294140100E-002
   3.9180658292025328E-002
   3.9191043470054865E-002
   3.9194245357066393E-002
   3.9195296354591846E-002
   3.9199279621243477E-002
   3.9200672879815102E-002
   3.9201310370117426E-002
   3.9202210027724504E-002
   3.9203054737299681E-002
   3.9204829372465611E-002
   3.9205045904964209E-002
   3.9206448942422867E-002
   3.9209700189530849E-002
   3.9216305129230022E-002
   3.9218371268361807E-002
   3.9218846242874861E-002
   3.9223072584718466E-002
   3.9223378058522940E-002
   3.9224279113113880E-002
   3.9225706364959478E-002
   3.9228046778589487E-002
   3.9228832349181175E-002
   3.9229963440448046E-002
   3.9243008941411972E-002
   3.9243146777153015E-002
   3.9244564715772867E-002
   3.9244655985385180E-002
   3.9246672764420509E-002
   3.9258714765310287E-002
   3.9259642362594604E-002
   3.9262967184185982E-002
   3.9264634251594543E-002
   3.9268242195248604E-002
   3.9269474335014820E-002
   3.9269647561013699E-002
   3.9269758854061365E-002
   3.9271460846066475E-002
   3.9277201052755117E-002
   3.9282802492380142E-002
   3.9285742212086916E-002
   3.9287508931010962E-002
   3.9290119893848896E-002
   3.9293829351663589E-002
   3.9294349960982800E-002
   3.9294949732720852E-002
   3.9297051262110472E-002
   3.9297752082347870E-002
   3.9297791663557291E-002
   3.9298301562666893E-002
   3.9300946518778801E-002
   3.9301546290516853E-002
   3.9301925338804722E-002
   3.9302820339798927E-002
   3.9304662961512804E-002
   3.9305343292653561E-002
   3.9305620361119509E-002
   3.9306589402258396E-002
   3.9308740757405758E-002
   3.9309003856033087E-002
   3.9312007836997509E-002
   3.9312513079494238E-002
   3.9312600623816252E-002
   3.9319319650530815E-002
   3.9322924334555864E-002
   3.9324145764112473E-002
   3.9324164390563965E-002
   3.9327023085206747E-002
   3.9329777471721172E-002
   3.9330442436039448E-002
   3.9333698805421591E-002
   3.9334602188318968E-002
   3.9335641544312239E-002
   3.9336238522082567E-002
   3.9341705385595560E-002
   3.9346457459032536E-002
   3.9346604142338037E-002
   3.9347509387880564E-002
   3.9352165535092354E-002
   3.9354767650365829E-002
   3.9355667307972908E-002
   3.9356380701065063E-002
   3.9356917142868042E-002
   3.9357361849397421E-002
   3.9358246140182018E-002
   3.9359384682029486E-002
   3.9359769783914089E-002
   3.9362039882689714E-002
   3.9368108846247196E-002
   3.9369782432913780E-002
   3.9373082108795643E-002
   3.9376253727823496E-002
   3.9377784822136164E-002
   3.9380515459924936E-002
   3.9381294511258602E-002
   3.9382141549140215E-002
   3.9382664486765862E-002
   3.9382691495120525E-002
   3.9388606324791908E-002
   3.9390259888023138E-002
   3.9393880870193243E-002
   3.9394374936819077E-002
   3.9397546555846930E-002
   3.9399993605911732E-002
   3.9403075352311134E-002
   3.9403884205967188E-002
   3.9404448587447405E-002
   3.9410189725458622E-002
   3.9410312194377184E-002
   3.9411279838532209E-002
   3.9412694051861763E-002
   3.9416689891368151E-002
   3.9422392845153809E-002
   3.9428887423127890E-002
   3.9430033415555954E-002
   3.9432888384908438E-002
   3.9432995952665806E-002
   3.9437012281268835E-002
   3.9437515195459127E-002
   3.9438029751181602E-002
   3.9442352950572968E-002
   3.9442401845008135E-002
   3.9444509893655777E-002
   3.9448583964258432E-002
   3.9456301834434271E-002
   3.9456674829125404E-002
   3.9457977283746004E-002
   3.9459568914026022E-002
   3.9460426662117243E-002
   3.9460687898099422E-002
   3.9461340289562941E-002
   3.9461347740143538E-002
   3.9464737288653851E-002
   3.9468271657824516E-002
   3.9472681470215321E-002
   3.9475167170166969E-002
   3.9479432627558708E-002
   3.9480103645473719E-002
   3.9481225889176130E-002
   3.9481554646044970E-002
   3.9481730666011572E-002
   3.9482555817812681E-002
   3.9483244065195322E-002
   3.9485559798777103E-002
   3.9487384259700775E-002
   3.9492143318057060E-002
   3.9493471849709749E-002
   3.9493563119322062E-002
   3.9493697695434093E-002
   3.9495304692536592E-002
   3.9497041143476963E-002
   3.9498127996921539E-002
   3.9500599261373281E-002
   3.9504625368863344E-002
   3.9507975336164236E-002
   3.9509450551122427E-002
   3.9512600749731064E-002
   3.9514781441539526E-002
   3.9522286038845778E-002
   3.9522531442344189E-002
   3.9524717256426811E-002
   3.9524836465716362E-002
   3.9525382220745087E-002
   3.9526871871203184E-002
   3.9527662098407745E-002
   3.9528541266918182E-002
   3.9537704084068537E-002
   3.9540246594697237E-002
   3.9541228674352169E-002
   3.9541371166706085E-002
   3.9544811006635427E-002
   3.9547322317957878E-002
   3.9548517670482397E-002
   3.9552189875394106E-002
   3.9553040172904730E-002
   3.9554598741233349E-002
   3.9555792231112719E-002
   3.9558052085340023E-002
   3.9559552446007729E-002
   3.9563438389450312E-002
   3.9563795551657677E-002
   3.9565363433212042E-002
   3.9566660299897194E-002
   3.9569192100316286E-002
   3.9570115506649017E-002
   3.9574227295815945E-002
   3.9580359123647213E-002
   3.9580400101840496E-002
   3.9580520242452621E-002
   3.9580618496984243E-002
   3.9581334218382835E-002
   3.9582153316587210E-002
   3.9587570820003748E-002
   3.9588058367371559E-002
   3.9595905691385269E-002
   3.9596025366336107E-002
   3.9597008377313614E-002
   3.9598249830305576E-002
   3.9599182084202766E-002
   3.9599342271685600E-002
   3.9600728545337915E-002
   3.9601350668817759E-002
   3.9601485710591078E-002
   3.9609720464795828E-002
   3.9611129555851221E-002
   3.9611322805285454E-002
   3.9611411280930042E-002
   3.9612357970327139E-002
   3.9614392444491386E-002
   3.9618979208171368E-002
   3.9621368981897831E-002
   3.9624216500669718E-002
   3.9625421632081270E-002
   3.9626306388527155E-002
   3.9629835635423660E-002
   3.9630682673305273E-002
   3.9632117375731468E-002
   3.9632992353290319E-002
   3.9641437120735645E-002
   3.9642219897359610E-002
   3.9644293487071991E-002
   3.9645557291805744E-002
   3.9646561723202467E-002
   3.9647475816309452E-002
   3.9647487457841635E-002
   3.9648875594139099E-002
   3.9651427417993546E-002
   3.9651510771363974E-002
   3.9653497748076916E-002
   3.9657461922615767E-002
   3.9664015173912048E-002
   3.9665023330599070E-002
   3.9676583837717772E-002
   3.9677733089774847E-002
   3.9678418077528477E-002
   3.9686016272753477E-002
   3.9687224198132753E-002
   3.9696373511105776E-002
   3.9696708321571350E-002
   3.9697712752968073E-002
   3.9699586573988199E-002
   3.9699802175164223E-002
   3.9700315799564123E-002
   3.9700998459011316E-002
   3.9705049246549606E-002
   3.9705893956124783E-002
   3.9706757757812738E-002
   3.9708134252578020E-002
   3.9710426237434149E-002
   3.9717692881822586E-002
   3.9723314344882965E-002
   3.9723348338156939E-002
   3.9725505746901035E-002
   3.9728597737848759E-002
   3.9731052704155445E-002
   3.9734341669827700E-002
   3.9734622463583946E-002
   3.9735557511448860E-002
   3.9735924918204546E-002
   3.9736425038427114E-002
   3.9737239014357328E-002
   3.9739468134939671E-002
   3.9742141962051392E-002
   3.9745800662785769E-002
   3.9748889394104481E-002
   3.9751819800585508E-002
   3.9752942975610495E-002
   3.9754146710038185E-002
   3.9758011233061552E-002
   3.9758285973221064E-002
   3.9770989678800106E-002
   3.9771010167896748E-002
   3.9772470016032457E-002
   3.9773092139512300E-002
   3.9773557335138321E-002
   3.9774795528501272E-002
   3.9775822311639786E-002
   3.9778062142431736E-002
   3.9778342936187983E-002
   3.9780758786946535E-002
   3.9786591660231352E-002
   3.9790073409676552E-002
   3.9793360047042370E-002
   3.9794310461729765E-002
   3.9797961711883545E-002
   3.9798768237233162E-002
   3.9802239276468754E-002
   3.9806979242712259E-002
   3.9813910610973835E-002
   3.9814147632569075E-002
   3.9814701769500971E-002
   3.9815010037273169E-002
   3.9816791657358408E-002
   3.9818698540329933E-002
   3.9820090401917696E-002
   3.9820470381528139E-002
   3.9820612873882055E-002
   3.9821674581617117E-002
   3.9823248982429504E-002
   3.9824191480875015E-002
   3.9829092565923929E-002
   3.9829951245337725E-002
   3.9830072317272425E-002
   3.9830669295042753E-002
   3.9832049515098333E-002
   3.9833035320043564E-002
   3.9834178984165192E-002
   3.9838764816522598E-002
   3.9841773454099894E-002
   3.9842028170824051E-002
   3.9845446590334177E-002
   3.9846403524279594E-002
   3.9849307853728533E-002
   3.9853336755186319E-002
   3.9856381714344025E-002
   3.9858241099864244E-002
   3.9858386851847172E-002
   3.9858567062765360E-002
   3.9859320968389511E-002
   3.9859406184405088E-002
   3.9860474877059460E-002
   3.9862260222434998E-002
   3.9862742181867361E-002
   3.9871802087873220E-002
   3.9872238412499428E-002
   3.9872400462627411E-002
   3.9872529450803995E-002
   3.9873244240880013E-002
   3.9875571615993977E-002
   3.9877659175544977E-002
   3.9879694581031799E-002
   3.9881081320345402E-002
   3.9881267119199038E-002
   3.9883905556052923E-002
   3.9884289260953665E-002
   3.9885004982352257E-002
   3.9885295089334249E-002
   3.9888964500278234E-002
   3.9888999424874783E-002
   3.9892843458801508E-002
   3.9894222281873226E-002
   3.9896642323583364E-002
   3.9898240007460117E-002
   3.9899826981127262E-002
   3.9902272634208202E-002
   3.9903259836137295E-002
   3.9903648197650909E-002
   3.9905769750475883E-002
   3.9907635655254126E-002
   3.9908130187541246E-002
   3.9912234991788864E-002
   3.9916255045682192E-002
   3.9916889276355505E-002
   3.9918861817568541E-002
   3.9919510949403048E-002
   3.9920272305607796E-002
   3.9921936579048634E-002
   3.9923414587974548E-002
   3.9924756158143282E-002
   3.9926862809807062E-002
   3.9927669800817966E-002
   3.9928908925503492E-002
   3.9929864928126335E-002
   3.9929899387061596E-002
   3.9930596016347408E-002
   3.9936709683388472E-002
   3.9937727618962526E-002
   3.9939077571034431E-002
   3.9939220994710922E-002
   3.9941560011357069E-002
   3.9942118339240551E-002
   3.9949522819370031E-002
   3.9950921200215816E-002
   3.9955466520041227E-002
   3.9956748019903898E-002
   3.9960881229490042E-002
   3.9962471462786198E-002
   3.9962702896445990E-002
   3.9964803028851748E-002
   3.9966410025954247E-002
   3.9966584183275700E-002
   3.9966932497918606E-002
   3.9967729244381189E-002
   3.9967764168977737E-002
   3.9969060104340315E-002
   3.9973381906747818E-002
   3.9973934181034565E-002
   3.9976132102310658E-002
   3.9979667402803898E-002
   3.9983783848583698E-002
   3.9984053000807762E-002
   3.9989726152271032E-002
   3.9994432590901852E-002
   3.9996624924242496E-002
   3.9997699670493603E-002
   4.0000934619456530E-002
   4.0004094131290913E-002
   4.0008589625358582E-002
   4.0010154247283936E-002
   4.0011777542531490E-002
   4.0012356359511614E-002
   4.0015486069023609E-002
   4.0016965940594673E-002
   4.0017093066126108E-002
   4.0017525199800730E-002
   4.0019979234784842E-002
   4.0020266547799110E-002
   4.0020517539232969E-002
   4.0021380875259638E-002
   4.0021832566708326E-002
   4.0023155044764280E-002
   4.0025371592491865E-002
   4.0027190931141376E-002
   4.0028407704085112E-002
   4.0028432849794626E-002
   4.0029190946370363E-002
   4.0030643809586763E-002
   4.0031682699918747E-002
   4.0032274089753628E-002
   4.0033500175923109E-002
   4.0034370496869087E-002
   4.0034868754446507E-002
   4.0034961886703968E-002
   4.0035092271864414E-002
   4.0038173086941242E-002
   4.0042341221123934E-002
   4.0045560803264380E-002
   4.0054165292531252E-002
   4.0055672638118267E-002
   4.0062714833766222E-002
   4.0064265951514244E-002
   4.0064622648060322E-002
   4.0066323708742857E-002
   4.0068964939564466E-002
   4.0072793141007423E-002
   4.0074814110994339E-002
   4.0075481869280338E-002
   4.0076461620628834E-002
   4.0077224373817444E-002
   4.0080151055008173E-002
   4.0080246515572071E-002
   4.0081792976707220E-002
   4.0082486812025309E-002
   4.0083246305584908E-002
   4.0083820465952158E-002
   4.0084545966237783E-002
   4.0086492430418730E-002
   4.0093206334859133E-002
   4.0095356293022633E-002
   4.0096625685691833E-002
   4.0096787735819817E-002
   4.0097088553011417E-002
   4.0097494143992662E-002
   4.0099449921399355E-002
   4.0101359132677317E-002
   4.0103334933519363E-002
   4.0104642976075411E-002
   4.0107028093189001E-002
   4.0108030661940575E-002
   4.0109093766659498E-002
   4.0110239293426275E-002
   4.0111687965691090E-002
   4.0111974813044071E-002
   4.0115031413733959E-002
   4.0115845389664173E-002
   4.0118219330906868E-002
   4.0118893142789602E-002
   4.0124043822288513E-002
   4.0131083223968744E-002
   4.0131480898708105E-002
   4.0132398251444101E-002
   4.0132415946573019E-002
   4.0134286507964134E-002
   4.0135757531970739E-002
   4.0137520525604486E-002
   4.0138911455869675E-002
   4.0140476077795029E-002
   4.0142285171896219E-002
   4.0143358055502176E-002
   4.0143672376871109E-002
   4.0156298317015171E-002
   4.0156435687094927E-002
   4.0159415453672409E-002
   4.0163076017051935E-002
   4.0163174737244844E-002
   4.0167112369090319E-002
   4.0168644860386848E-002
   4.0169857908040285E-002
   4.0172370150685310E-002
   4.0173400659114122E-002
   4.0174531284719706E-002
   4.0176274254918098E-002
   4.0177304763346910E-002
   4.0177608840167522E-002
   4.0179572068154812E-002
   4.0180556941777468E-002
   4.0188881568610668E-002
   4.0189355611801147E-002
   4.0189413353800774E-002
   4.0194431319832802E-002
   4.0195554029196501E-002
   4.0195709094405174E-002
   4.0200605522841215E-002
   4.0203032549470663E-002
   4.0203182492405176E-002
   4.0203511249274015E-002
   4.0205616038292646E-002
   4.0208988357335329E-002
   4.0209018625319004E-002
   4.0223697666078806E-002
   4.0228473022580147E-002
   4.0229721926152706E-002
   4.0232880506664515E-002
   4.0236459579318762E-002
   4.0239129215478897E-002
   4.0240285452455282E-002
   4.0247438009828329E-002
   4.0251528844237328E-002
   4.0254194755107164E-002
   4.0254331659525633E-002
   4.0261540096253157E-002
   4.0265880059450865E-002
   4.0266055613756180E-002
   4.0266716852784157E-002
   4.0267293807119131E-002
   4.0267448406666517E-002
   4.0272851940244436E-002
   4.0273344144225121E-002
   4.0274946484714746E-002
   4.0276144165545702E-002
   4.0280980523675680E-002
   4.0281697642058134E-002
   4.0282562840729952E-002
   4.0283192880451679E-002
   4.0285308845341206E-002
   4.0285368449985981E-002
   4.0286665782332420E-002
   4.0287171024829149E-002
   4.0287456475198269E-002
   4.0290706325322390E-002
   4.0291682817041874E-002
   4.0292460471391678E-002
   4.0295263286679983E-002
   4.0299701504409313E-002
   4.0299896150827408E-002
   4.0300741326063871E-002
   4.0306245908141136E-002
   4.0308546740561724E-002
   4.0309229400008917E-002
   4.0312264580279589E-002
   4.0312912780791521E-002
   4.0315453894436359E-002
   4.0317366365343332E-002
   4.0320052299648523E-002
   4.0320055559277534E-002
   4.0323903784155846E-002
   4.0325921494513750E-002
   4.0327874477952719E-002
   4.0328225586563349E-002
   4.0331632830202579E-002
   4.0333700831979513E-002
   4.0335041005164385E-002
   4.0336686186492443E-002
   4.0336890611797571E-002
   4.0341077838093042E-002
   4.0341162122786045E-002
   4.0344153065234423E-002
   4.0344559587538242E-002
   4.0346823632717133E-002
   4.0347589645534754E-002
   4.0349246934056282E-002
   4.0351869072765112E-002
   4.0352778974920511E-002
   4.0353685617446899E-002
   4.0360202547162771E-002
   4.0360386017709970E-002
   4.0366891771554947E-002
   4.0368263144046068E-002
   4.0373081807047129E-002
   4.0373313706368208E-002
   4.0376888588070869E-002
   4.0379986166954041E-002
   4.0381731931120157E-002
   4.0382243227213621E-002
   4.0384243708103895E-002
   4.0386349894106388E-002
   4.0386812295764685E-002
   4.0387110318988562E-002
   4.0390775073319674E-002
   4.0391888003796339E-002
   4.0394000709056854E-002
   4.0395858697593212E-002
   4.0397832635790110E-002
   4.0402719751000404E-002
   4.0405714418739080E-002
   4.0405821055173874E-002
   4.0408719796687365E-002
   4.0408986154943705E-002
   4.0410576388239861E-002
   4.0410706307739019E-002
   4.0411459282040596E-002
   4.0411573369055986E-002
   4.0411874186247587E-002
   4.0412110276520252E-002
   4.0412711910903454E-002
   4.0413122158497572E-002
   4.0414645802229643E-002
   4.0420004166662693E-002
   4.0422212798148394E-002
   4.0422570426017046E-002
   4.0423186030238867E-002
   4.0423899423331022E-002
   4.0425728540867567E-002
   4.0427824482321739E-002
   4.0428361389786005E-002
   4.0429599583148956E-002
   4.0430494584143162E-002
   4.0431485977023840E-002
   4.0432387962937355E-002
   4.0432880632579327E-002
   4.0433037560433149E-002
   4.0435397997498512E-002
   4.0435478091239929E-002
   4.0437701623886824E-002
   4.0441971272230148E-002
   4.0445923805236816E-002
   4.0448962710797787E-002
   4.0449153631925583E-002
   4.0449374821037054E-002
   4.0451738983392715E-002
   4.0453033056110144E-002
   4.0454669855535030E-002
   4.0454911068081856E-002
   4.0455418638885021E-002
   4.0457998402416706E-002
   4.0458647068589926E-002
   4.0462022181600332E-002
   4.0462991688400507E-002
   4.0464076213538647E-002
   4.0465054567903280E-002
   4.0465434547513723E-002
   4.0470870677381754E-002
   4.0471218526363373E-002
   4.0476421825587749E-002
   4.0476507041603327E-002
   4.0477149188518524E-002
   4.0478209964931011E-002
   4.0479535702615976E-002
   4.0480924770236015E-002
   4.0484484285116196E-002
   4.0484866127371788E-002
   4.0493623353540897E-002
   4.0495973546057940E-002
   4.0498892776668072E-002
   4.0504595264792442E-002
   4.0506550576537848E-002
   4.0507411584258080E-002
   4.0508636273443699E-002
   4.0510650724172592E-002
   4.0511232800781727E-002
   4.0512730367481709E-002
   4.0513275191187859E-002
   4.0517098736017942E-002
   4.0521442424505949E-002
   4.0525702759623528E-002
   4.0526865050196648E-002
   4.0526875760406256E-002
   4.0527529083192348E-002
   4.0530737955123186E-002
   4.0531172882765532E-002
   4.0531418286263943E-002
   4.0531557984650135E-002
   4.0533649735152721E-002
   4.0534423664212227E-002
   4.0536017157137394E-002
   4.0541653987020254E-002
   4.0543130133301020E-002
   4.0544590912759304E-002
   4.0546991396695375E-002
   4.0548239368945360E-002
   4.0550959296524525E-002
   4.0553425438702106E-002
   4.0553714148700237E-002
   4.0555472951382399E-002
   4.0555994492024183E-002
   4.0559705346822739E-002
   4.0561330039054155E-002
   4.0561422239989042E-002
   4.0562064852565527E-002
   4.0563951246440411E-002
   4.0565032977610826E-002
   4.0569025091826916E-002
   4.0569677483290434E-002
   4.0569923818111420E-002
   4.0577812120318413E-002
   4.0583469439297915E-002
   4.0588487870991230E-002
   4.0588727220892906E-002
   4.0589003823697567E-002
   4.0589399170130491E-002
   4.0590039454400539E-002
   4.0592059027403593E-002
   4.0592168457806110E-002
   4.0596234146505594E-002
   4.0597113780677319E-002
   4.0597844403237104E-002
   4.0597927756607533E-002
   4.0598313324153423E-002
   4.0599635336548090E-002
   4.0599975734949112E-002
   4.0601947810500860E-002
   4.0602063294500113E-002
   4.0610557422041893E-002
   4.0616606362164021E-002
   4.0618620812892914E-002
   4.0619013831019402E-002
   4.0621283929795027E-002
   4.0622239001095295E-002
   4.0623577777296305E-002
   4.0626557078212500E-002
   4.0632580406963825E-002
   4.0638926904648542E-002
   4.0639147162437439E-002
   4.0640519000589848E-002
   4.0641466155648232E-002
   4.0642247069627047E-002
   4.0643277112394571E-002
   4.0644201915711164E-002
   4.0645399596542120E-002
   4.0647950489073992E-002
   4.0648465510457754E-002
   4.0649036411195993E-002
   4.0652023162692785E-002
   4.0653297211974859E-002
   4.0653569158166647E-002
   4.0654664393514395E-002
   4.0654695127159357E-002
   4.0656005498021841E-002
   4.0656592231243849E-002
   4.0656911674886942E-002
   4.0663036983460188E-002
   4.0663285646587610E-002
   4.0666733868420124E-002
   4.0667989291250706E-002
   4.0668201167136431E-002
   4.0669083129614592E-002
   4.0670354384928942E-002
   4.0670704562216997E-002
   4.0675001684576273E-002
   4.0678380988538265E-002
   4.0678415913134813E-002
   4.0682510472834110E-002
   4.0683771949261427E-002
   4.0683927014470100E-002
   4.0684964507818222E-002
   4.0686838328838348E-002
   4.0692114271223545E-002
   4.0692342910915613E-002
   4.0693011134862900E-002
   4.0696175768971443E-002
   4.0698770433664322E-002
   4.0700003970414400E-002
   4.0700763463973999E-002
   4.0702075231820345E-002
   4.0703305043280125E-002
   4.0703692473471165E-002
   4.0708206593990326E-002
   4.0710502304136753E-002
   4.0713082533329725E-002
   4.0714533068239689E-002
   4.0715362410992384E-002
   4.0715573355555534E-002
   4.0716559626162052E-002
   4.0721613913774490E-002
   4.0724914520978928E-002
   4.0727319661527872E-002
   4.0728836320340633E-002
   4.0729233063757420E-002
   4.0734555572271347E-002
   4.0734726469963789E-002
   4.0735059417784214E-002
   4.0735724382102489E-002
   4.0741290897130966E-002
   4.0743023157119751E-002
   4.0744148194789886E-002
   4.0747121907770634E-002
   4.0747687220573425E-002
   4.0751969907432795E-002
   4.0752938017249107E-002
   4.0753285400569439E-002
   4.0755006484687328E-002
   4.0756972506642342E-002
   4.0763938799500465E-002
   4.0763964410871267E-002
   4.0764099918305874E-002
   4.0764335542917252E-002
   4.0765203069895506E-002
   4.0773216634988785E-002
   4.0774151217192411E-002
   4.0774387773126364E-002
   4.0775376372039318E-002
   4.0775485802441835E-002
   4.0775804314762354E-002
   4.0776678826659918E-002
   4.0777151472866535E-002
   4.0778211783617735E-002
   4.0780744515359402E-002
   4.0783647447824478E-002
   4.0784363634884357E-002
   4.0784537792205811E-002
   4.0785592515021563E-002
   4.0786257945001125E-002
   4.0789523627609015E-002
   4.0790176019072533E-002
   4.0791096631437540E-002
   4.0791276376694441E-002
   4.0793075691908598E-002
   4.0795031469315290E-002
   4.0795973967760801E-002
   4.0796677116304636E-002
   4.0797922294586897E-002
   4.0798397734761238E-002
   4.0798995178192854E-002
   4.0802824310958385E-002
   4.0804279968142509E-002
   4.0806091856211424E-002
   4.0806912817060947E-002
   4.0808420162647963E-002
   4.0811414364725351E-002
   4.0815303567796946E-002
   4.0817111730575562E-002
   4.0820383001118898E-002
   4.0823610499501228E-002
   4.0825076866894960E-002
   4.0826275479048491E-002
   4.0826369076967239E-002
   4.0827242657542229E-002
   4.0835649706423283E-002
   4.0839226450771093E-002
   4.0840439964085817E-002
   4.0842664428055286E-002
   4.0844252333045006E-002
   4.0844548959285021E-002
   4.0845966897904873E-002
   4.0848194155842066E-002
   4.0852277539670467E-002
   4.0855958592146635E-002
   4.0856274776160717E-002
   4.0858879219740629E-002
   4.0862140245735645E-002
   4.0864512789994478E-002
   4.0865070652216673E-002
   4.0866538416594267E-002
   4.0866571012884378E-002
   4.0871257893741131E-002
   4.0873367805033922E-002
   4.0874774567782879E-002
   4.0879387408494949E-002
   4.0881798602640629E-002
   4.0885073598474264E-002
   4.0886274538934231E-002
   4.0887905750423670E-002
   4.0892024058848619E-002
   4.0895719081163406E-002
   4.0897619910538197E-002
   4.0900954511016607E-002
   4.0903201792389154E-002
   4.0904220193624496E-002
   4.0905442554503679E-002
   4.0906334295868874E-002
   4.0914419107139111E-002
   4.0915568824857473E-002
   4.0916129946708679E-002
   4.0918391663581133E-002
   4.0919210296124220E-002
   4.0921942796558142E-002
   4.0923469234257936E-002
   4.0923580992966890E-002
   4.0924048051238060E-002
   4.0925936773419380E-002
   4.0926489513367414E-002
   4.0928837843239307E-002
   4.0928873699158430E-002
   4.0929664857685566E-002
   4.0930020157247782E-002
   4.0931215044111013E-002
   4.0932038333266973E-002
   4.0932237636297941E-002
   4.0934975724667311E-002
   4.0937158744782209E-002
   4.0938282385468483E-002
   4.0946655906736851E-002
   4.0947018656879663E-002
   4.0947556961327791E-002
   4.0948248934000731E-002
   4.0948344860225916E-002
   4.0948745794594288E-002
   4.0949264075607061E-002
   4.0951156988739967E-002
   4.0953731629997492E-002
   4.0953883435577154E-002
   4.0954376105219126E-002
   4.0955056902021170E-002
   4.0956829208880663E-002
   4.0963122155517340E-002
   4.0964253712445498E-002
   4.0964383631944656E-002
   4.0971920359879732E-002
   4.0975449606776237E-002
   4.0976897347718477E-002
   4.0979178622364998E-002
   4.0982896462082863E-002
   4.0983245242387056E-002
   4.0985698346048594E-002
   4.0986108127981424E-002
   4.0988796856254339E-002
   4.0989856235682964E-002
   4.0989877656102180E-002
   4.0991659741848707E-002
   4.0994082577526569E-002
   4.0995176415890455E-002
   4.1000211611390114E-002
   4.1000728495419025E-002
   4.1000849101692438E-002
   4.1002254001796246E-002
   4.1007675696164370E-002
   4.1011622641235590E-002
   4.1014132089912891E-002
   4.1014391463249922E-002
   4.1016353759914637E-002
   4.1020750533789396E-002
   4.1024536360055208E-002
   4.1026857215911150E-002
   4.1027873754501343E-002
   4.1028076782822609E-002
   4.1031653061509132E-002
   4.1032327804714441E-002
   4.1040940210223198E-002
   4.1042003314942122E-002
   4.1042015887796879E-002
   4.1047417093068361E-002
   4.1048517916351557E-002
   4.1049554944038391E-002
   4.1050998959690332E-002
   4.1055062320083380E-002
   4.1055235546082258E-002
   4.1055471170693636E-002
   4.1057467926293612E-002
   4.1062359698116779E-002
   4.1068818885833025E-002
   4.1071233339607716E-002
   4.1074693668633699E-002
   4.1077978909015656E-002
   4.1079362388700247E-002
   4.1084859985858202E-002
   4.1086318902671337E-002
   4.1086994577199221E-002
   4.1087027173489332E-002
   4.1087813209742308E-002
   4.1089465841650963E-002
   4.1097015608102083E-002
   4.1099798865616322E-002
   4.1100959293544292E-002
   4.1101869661360979E-002
   4.1106355376541615E-002
   4.1108793579041958E-002
   4.1108991950750351E-002
   4.1109941899776459E-002
   4.1112016886472702E-002
   4.1117107495665550E-002
   4.1118392720818520E-002
   4.1119074448943138E-002
   4.1120880749076605E-002
   4.1123548522591591E-002
   4.1123759001493454E-002
   4.1126539465039968E-002
   4.1128058917820454E-002
   4.1128411423414946E-002
   4.1129258461296558E-002
   4.1133502498269081E-002
   4.1134789586067200E-002
   4.1134838480502367E-002
   4.1136082727462053E-002
   4.1137184016406536E-002
   4.1140193585306406E-002
   4.1140900459140539E-002
   4.1141363792121410E-002
   4.1143781039863825E-002
   4.1144535411149263E-002
   4.1148943826556206E-002
   4.1149108204990625E-002
   4.1153716854751110E-002
   4.1154123842716217E-002
   4.1156045626848936E-002
   4.1156185790896416E-002
   4.1156588587909937E-002
   4.1156772989779711E-002
   4.1159021202474833E-002
   4.1164628230035305E-002
   4.1169244330376387E-002
   4.1174951475113630E-002
   4.1175408288836479E-002
   4.1179679334163666E-002
   4.1180500295013189E-002
   4.1183259803801775E-002
   4.1185448411852121E-002
   4.1185727808624506E-002
   4.1185731999576092E-002
   4.1191847994923592E-002
   4.1192807257175446E-002
   4.1198455728590488E-002
   4.1199283674359322E-002
   4.1200789157301188E-002
   4.1200906503945589E-002
   4.1201711632311344E-002
   4.1204020380973816E-002
   4.1204069741070271E-002
   4.1204762645065784E-002
   4.1204865556210279E-002
   4.1207167319953442E-002
   4.1208867914974689E-002
   4.1209019720554352E-002
   4.1210317518562078E-002
   4.1210869327187538E-002
   4.1213684249669313E-002
   4.1218719445168972E-002
   4.1221790947020054E-002
   4.1230512317270041E-002
   4.1230633389204741E-002
   4.1233808733522892E-002
   4.1234686039388180E-002
   4.1236120741814375E-002
   4.1238485369831324E-002
   4.1239521466195583E-002
   4.1240428108721972E-002
   4.1244234424084425E-002
   4.1245209053158760E-002
   4.1246589273214340E-002
   4.1246769949793816E-002
   4.1248769965022802E-002
   4.1253334376960993E-002
   4.1253604460507631E-002
   4.1254211682826281E-002
   4.1254217270761728E-002
   4.1254726704210043E-002
   4.1259840130805969E-002
   4.1260469704866409E-002
   4.1261297184973955E-002
   4.1262077167630196E-002
   4.1269718669354916E-002
   4.1270706802606583E-002
   4.1271983645856380E-002
   4.1272836737334728E-002
   4.1274532210081816E-002
   4.1276728734374046E-002
   4.1277104988694191E-002
   4.1277657728642225E-002
   4.1278424207121134E-002
   4.1279736440628767E-002
   4.1280624922364950E-002
   4.1283133439719677E-002
   4.1283854749053717E-002
   4.1287290398031473E-002
   4.1288040112704039E-002
   4.1288173291832209E-002
   4.1288795880973339E-002
   4.1291699744760990E-002
   4.1293767746537924E-002
   4.1294013615697622E-002
   4.1295227129012346E-002
   4.1295390110462904E-002
   4.1297830175608397E-002
   4.1301203425973654E-002
   4.1304183192551136E-002
   4.1307392530143261E-002
   4.1315130423754454E-002
   4.1320078074932098E-002
   4.1323623154312372E-002
   4.1323790326714516E-002
   4.1324339341372252E-002
   4.1327321436256170E-002
   4.1328175924718380E-002
   4.1328823193907738E-002
   4.1331242769956589E-002
   4.1332167573273182E-002
   4.1333143133670092E-002
   4.1336385533213615E-002
   4.1336528956890106E-002
   4.1337484959512949E-002
   4.1340946685522795E-002
   4.1342355776578188E-002
   4.1343554854393005E-002
   4.1344627737998962E-002
   4.1349064558744431E-002
   4.1350636165589094E-002
   4.1353714652359486E-002
   4.1354747954756021E-002
   4.1357321664690971E-002
   4.1361341718584299E-002
   4.1362422984093428E-002
   4.1363148018717766E-002
   4.1363960597664118E-002
   4.1363989468663931E-002
   4.1364023927599192E-002
   4.1366321034729481E-002
   4.1368129663169384E-002
   4.1369488928467035E-002
   4.1373802348971367E-002
   4.1380308102816343E-002
   4.1386365424841642E-002
   4.1387541219592094E-002
   4.1388869285583496E-002
   4.1393253486603498E-002
   4.1394848842173815E-002
   4.1396425105631351E-002
   4.1397042106837034E-002
   4.1404481977224350E-002
   4.1404866147786379E-002
   4.1405448690056801E-002
   4.1406434495002031E-002
   4.1407049633562565E-002
   4.1411823127418756E-002
   4.1414141654968262E-002
   4.1414838284254074E-002
   4.1416318621486425E-002
   4.1418104432523251E-002
   4.1418899782001972E-002
   4.1419879067689180E-002
   4.1420590132474899E-002
   4.1422839742153883E-002
   4.1423466522246599E-002
   4.1427568998187780E-002
   4.1427881922572851E-002
   4.1431564372032881E-002
   4.1439795866608620E-002
   4.1439873166382313E-002
   4.1441957466304302E-002
   4.1448848322033882E-002
   4.1451888624578714E-002
   4.1452177800238132E-002
   4.1455395519733429E-002
   4.1465746238827705E-002
   4.1465864982455969E-002
   4.1467719711363316E-002
   4.1467965580523014E-002
   4.1471222881227732E-002
   4.1473309975117445E-002
   4.1473985649645329E-002
   4.1475169360637665E-002
   4.1475614998489618E-002
   4.1476898360997438E-002
   4.1482390370219946E-002
   4.1482807137072086E-002
   4.1483469307422638E-002
   4.1484456043690443E-002
   4.1487158741801977E-002
   4.1487195063382387E-002
   4.1487594600766897E-002
   4.1492396499961615E-002
   4.1494325734674931E-002
   4.1496095713227987E-002
   4.1496319696307182E-002
   4.1498955804854631E-002
   4.1499911341816187E-002
   4.1499999817460775E-002
   4.1501768399029970E-002
   4.1504092514514923E-002
   4.1506942827254534E-002
   4.1508458554744720E-002
   4.1508572176098824E-002
   4.1509965900331736E-002
   4.1510065086185932E-002
   4.1515930555760860E-002
   4.1517713107168674E-002
   4.1523175314068794E-002
   4.1525636799633503E-002
   4.1527508758008480E-002
   4.1529180016368628E-002
   4.1535619180649519E-002
   4.1539240162819624E-002
   4.1539911646395922E-002
   4.1545854415744543E-002
   4.1546134743839502E-002
   4.1547215078026056E-002
   4.1552472393959761E-002
   4.1553916409611702E-002
   4.1558983270078897E-002
   4.1559678502380848E-002
   4.1559777688235044E-002
   4.1559931822121143E-002
   4.1562730446457863E-002
   4.1564465034753084E-002
   4.1566675063222647E-002
   4.1567668318748474E-002
   4.1568022221326828E-002
   4.1572031565010548E-002
   4.1572976391762495E-002
   4.1574631817638874E-002
   4.1576043237000704E-002
   4.1576479561626911E-002
   4.1584462858736515E-002
   4.1585454251617193E-002
   4.1587014682590961E-002
   4.1589039377868176E-002
   4.1595263872295618E-002
   4.1601491160690784E-002
   4.1601690929383039E-002
   4.1604040656238794E-002
   4.1607223916798830E-002
   4.1609988082200289E-002
   4.1617178823798895E-002
   4.1619830299168825E-002
   4.1619841009378433E-002
   4.1620898526161909E-002
   4.1621685028076172E-002
   4.1622094344347715E-002
   4.1622446849942207E-002
   4.1623557452112436E-002
   4.1626399382948875E-002
   4.1628664825111628E-002
   4.1630100458860397E-002
   4.1631198488175869E-002
   4.1632125154137611E-002
   4.1632140055298805E-002
   4.1635204106569290E-002
   4.1636429261416197E-002
   4.1639631148427725E-002
   4.1639929637312889E-002
   4.1640369221568108E-002
   4.1641350369900465E-002
   4.1642861906439066E-002
   4.1643478907644749E-002
   4.1645542252808809E-002
   4.1646744590252638E-002
   4.1647184640169144E-002
   4.1650736238807440E-002
   4.1654009371995926E-002
   4.1655458975583315E-002
   4.1656503453850746E-002
   4.1659273207187653E-002
   4.1663346812129021E-002
   4.1663572657853365E-002
   4.1665604803711176E-002
   4.1667174082249403E-002
   4.1669355239719152E-002
   4.1670142207294703E-002
   4.1677754372358322E-002
   4.1679430752992630E-002
   4.1682074312120676E-002
   4.1683977004140615E-002
   4.1690380312502384E-002
   4.1690700687468052E-002
   4.1690896265208721E-002
   4.1691704187542200E-002
   4.1694641578942537E-002
   4.1694929823279381E-002
   4.1696266271173954E-002
   4.1698225773870945E-002
   4.1698595508933067E-002
   4.1698694694787264E-002
   4.1700332891196012E-002
   4.1703570168465376E-002
   4.1706637945026159E-002
   4.1707040742039680E-002
   4.1709671728312969E-002
   4.1710163000971079E-002
   4.1710941586643457E-002
   4.1711695026606321E-002
   4.1714667342603207E-002
   4.1716129053384066E-002
   4.1717816144227982E-002
   4.1720878798514605E-002
   4.1724507231265306E-002
   4.1726917959749699E-002
   4.1729343589395285E-002
   4.1730504017323256E-002
   4.1731903329491615E-002
   4.1735620237886906E-002
   4.1738341562449932E-002
   4.1744923219084740E-002
   4.1745729278773069E-002
   4.1746582370251417E-002
   4.1747138369828463E-002
   4.1748509742319584E-002
   4.1749577037990093E-002
   4.1755453683435917E-002
   4.1755842044949532E-002
   4.1756290011107922E-002
   4.1756367776542902E-002
   4.1756381280720234E-002
   4.1758846491575241E-002
   4.1760921943932772E-002
   4.1761765722185373E-002
   4.1762801352888346E-002
   4.1763105895370245E-002
   4.1763396468013525E-002
   4.1764455381780863E-002
   4.1764833498746157E-002
   4.1768638882786036E-002
   4.1770947165787220E-002
   4.1772378142923117E-002
   4.1775509249418974E-002
   4.1776714846491814E-002
   4.1777552571147680E-002
   4.1779414750635624E-002
   4.1784031782299280E-002
   4.1787416208535433E-002
   4.1789176873862743E-002
   4.1793001815676689E-002
   4.1795520111918449E-002
   4.1800595354288816E-002
   4.1802383959293365E-002
   4.1804346721619368E-002
   4.1806391905993223E-002
   4.1806858964264393E-002
   4.1807094123214483E-002
   4.1808725800365210E-002
   4.1811524424701929E-002
   4.1814861353486776E-002
   4.1815132834017277E-002
   4.1818184778094292E-002
   4.1820333339273930E-002
   4.1823252104222775E-002
   4.1825819294899702E-002
   4.1828631889075041E-002
   4.1829135734587908E-002
   4.1830858215689659E-002
   4.1831322014331818E-002
   4.1833413764834404E-002
   4.1833934839814901E-002
   4.1834020055830479E-002
   4.1835144162178040E-002
   4.1840408928692341E-002
   4.1851942427456379E-002
   4.1851974092423916E-002
   4.1852466762065887E-002
   4.1852931492030621E-002
   4.1854659095406532E-002
   4.1855082381516695E-002
   4.1855974122881889E-002
   4.1856350377202034E-002
   4.1859497316181660E-002
   4.1860616300255060E-002
   4.1862850077450275E-002
   4.1867551859468222E-002
   4.1869762819260359E-002
   4.1871875990182161E-002
   4.1882482357323170E-002
   4.1882819496095181E-002
   4.1895422618836164E-002
   4.1897623799741268E-002
   4.1898116469383240E-002
   4.1901738382875919E-002
   4.1902667377144098E-002
   4.1902953758835793E-002
   4.1903039906173944E-002
   4.1908416431397200E-002
   4.1910205502063036E-002
   4.1917260270565748E-002
   4.1918483562767506E-002
   4.1923156008124352E-002
   4.1924398392438889E-002
   4.1925209108740091E-002
   4.1925826109945774E-002
   4.1926443111151457E-002
   4.1926894802600145E-002
   4.1929688304662704E-002
   4.1932266671210527E-002
   4.1934768669307232E-002
   4.1934961453080177E-002
   4.1935119777917862E-002
   4.1935401502996683E-002
   4.1937763802707195E-002
   4.1940568014979362E-002
   4.1940908413380384E-002
   4.1941754054278135E-002
   4.1941849514842033E-002
   4.1944085154682398E-002
   4.1947851423174143E-002
   4.1948203928768635E-002
   4.1949268430471420E-002
   4.1951363906264305E-002
   4.1951555293053389E-002
   4.1952550876885653E-002
   4.1953219566494226E-002
   4.1954612825065851E-002
   4.1956902481615543E-002
   4.1957003995776176E-002
   4.1957586072385311E-002
   4.1957610752433538E-002
   4.1960646398365498E-002
   4.1969221085309982E-002
   4.1977521497756243E-002
   4.1978653054684401E-002
   4.1981740389019251E-002
   4.1982864495366812E-002
   4.1985513642430305E-002
   4.1991217527538538E-002
   4.1999592445790768E-002
   4.2003699578344822E-002
   4.2004179675132036E-002
   4.2006220202893019E-002
   4.2007974814623594E-002
   4.2008422780781984E-002
   4.2009076103568077E-002
   4.2009380180388689E-002
   4.2010423261672258E-002
   4.2011741548776627E-002
   4.2012353893369436E-002
   4.2012998368591070E-002
   4.2013023979961872E-002
   4.2014529462903738E-002
   4.2020457796752453E-002
   4.2021933477371931E-002
   4.2024122085422277E-002
   4.2025991249829531E-002
   4.2029244359582663E-002
   4.2037710547447205E-002
   4.2037827428430319E-002
   4.2038918007165194E-002
   4.2041881009936333E-002
   4.2043282184749842E-002
   4.2045191861689091E-002
   4.2046050075441599E-002
   4.2046619113534689E-002
   4.2047783266752958E-002
   4.2048563715070486E-002
   4.2049566283822060E-002
   4.2052309494465590E-002
   4.2053226847201586E-002
   4.2056334670633078E-002
   4.2057227808982134E-002
   4.2057666461914778E-002
   4.2058143764734268E-002
   4.2064332403242588E-002
   4.2071304284036160E-002
   4.2071587871760130E-002
   4.2072262614965439E-002
   4.2074837721884251E-002
   4.2074942961335182E-002
   4.2075314559042454E-002
   4.2077893391251564E-002
   4.2078368831425905E-002
   4.2082012165337801E-002
   4.2082651983946562E-002
   4.2083384469151497E-002
   4.2084051761776209E-002
   4.2084927670657635E-002
   4.2086918838322163E-002
   4.2088773101568222E-002
   4.2090049013495445E-002
   4.2091443203389645E-002
   4.2092589661478996E-002
   4.2094336822628975E-002
   4.2096965946257114E-002
   4.2098329868167639E-002
   4.2105210945010185E-002
   4.2105388827621937E-002
   4.2105825617909431E-002
   4.2107255663722754E-002
   4.2112982366234064E-002
   4.2113063391298056E-002
   4.2113206814974546E-002
   4.2113390285521746E-002
   4.2116802651435137E-002
   4.2120901402086020E-002
   4.2121535167098045E-002
   4.2127082590013742E-002
   4.2127212509512901E-002
   4.2130670510232449E-002
   4.2131434660404921E-002
   4.2131833732128143E-002
   4.2134626768529415E-002
   4.2136244475841522E-002
   4.2136623524129391E-002
   4.2140862438827753E-002
   4.2142599355429411E-002
   4.2143472470343113E-002
   4.2145096231251955E-002
   4.2145341169089079E-002
   4.2148806620389223E-002
   4.2151589412242174E-002
   4.2151735629886389E-002
   4.2151848319917917E-002
   4.2152619455009699E-002
   4.2153027839958668E-002
   4.2153042275458574E-002
   4.2153717949986458E-002
   4.2154221795499325E-002
   4.2155031114816666E-002
   4.2155296076089144E-002
   4.2156828101724386E-002
   4.2159181553870440E-002
   4.2160511948168278E-002
   4.2163152713328600E-002
   4.2165693826973438E-002
   4.2167637497186661E-002
   4.2170345783233643E-002
   4.2171431705355644E-002
   4.2171705048531294E-002
   4.2172165121883154E-002
   4.2173358611762524E-002
   4.2175529990345240E-002
   4.2175670154392719E-002
   4.2176938615739346E-002
   4.2180443182587624E-002
   4.2180557269603014E-002
   4.2181598022580147E-002
   4.2184412013739347E-002
   4.2185226455330849E-002
   4.2188867460936308E-002
   4.2190016247332096E-002
   4.2190677952021360E-002
   4.2191304266452789E-002
   4.2192542459815741E-002
   4.2193910572677851E-002
   4.2194714769721031E-002
   4.2195012327283621E-002
   4.2197512462735176E-002
   4.2198662180453539E-002
   4.2199916206300259E-002
   4.2200920172035694E-002
   4.2201535776257515E-002
   4.2203528340905905E-002
   4.2205810546875000E-002
   4.2206611018627882E-002
   4.2209742125123739E-002
   4.2214049026370049E-002
   4.2214782908558846E-002
   4.2214873712509871E-002
   4.2215425055474043E-002
   4.2217554524540901E-002
   4.2217696551233530E-002
   4.2217963840812445E-002
   4.2218389455229044E-002
   4.2219699360430241E-002
   4.2220225092023611E-002
   4.2221074923872948E-002
   4.2221237439662218E-002
   4.2221734300255775E-002
   4.2222828138619661E-002
   4.2223282624036074E-002
   4.2224396020174026E-002
   4.2225623968988657E-002
   4.2227147147059441E-002
   4.2232559993863106E-002
   4.2236375156790018E-002
   4.2238639667630196E-002
   4.2241447139531374E-002
   4.2248277459293604E-002
   4.2250132188200951E-002
   4.2258744128048420E-002
   4.2259272653609514E-002
   4.2259349022060633E-002
   4.2263342998921871E-002
   4.2264057788997889E-002
   4.2265632655471563E-002
   4.2265701107680798E-002
   4.2266094125807285E-002
   4.2268316727131605E-002
   4.2269872967153788E-002
   4.2273017577826977E-002
   4.2274927254766226E-002
   4.2275040876120329E-002
   4.2279602494090796E-002
   4.2283603921532631E-002
   4.2283866554498672E-002
   4.2284524068236351E-002
   4.2288771364837885E-002
   4.2291067540645599E-002
   4.2291980236768723E-002
   4.2294987943023443E-002
   4.2298120912164450E-002
   4.2298947926610708E-002
   4.2299324180930853E-002
   4.2300179600715637E-002
   4.2300917673856020E-002
   4.2306711897253990E-002
   4.2307091876864433E-002
   4.2308879550546408E-002
   4.2309429962188005E-002
   4.2311539407819510E-002
   4.2311648838222027E-002
   4.2314504273235798E-002
   4.2315153870731592E-002
   4.2315876111388206E-002
   4.2318159714341164E-002
   4.2318740393966436E-002
   4.2319270316511393E-002
   4.2322104331105947E-002
   4.2323391418904066E-002
   4.2326174210757017E-002
   4.2326315306127071E-002
   4.2329577729105949E-002
   4.2330776341259480E-002
   4.2332068551331758E-002
   4.2333024553954601E-002
   4.2337322141975164E-002
   4.2339216917753220E-002
   4.2340171057730913E-002
   4.2353089898824692E-002
   4.2353863827884197E-002
   4.2354226578027010E-002
   4.2354251258075237E-002
   4.2356097605079412E-002
   4.2358575854450464E-002
   4.2360110674053431E-002
   4.2361478321254253E-002
   4.2362453881651163E-002
   4.2364092543721199E-002
   4.2365927714854479E-002
   4.2367108166217804E-002
   4.2367818299680948E-002
   4.2368825525045395E-002
   4.2371975723654032E-002
   4.2374188080430031E-002
   4.2378679383546114E-002
   4.2378803249448538E-002
   4.2379390913993120E-002
   4.2381358798593283E-002
   4.2387771420180798E-002
   4.2389817070215940E-002
   4.2392078787088394E-002
   4.2392803821712732E-002
   4.2393064126372337E-002
   4.2393388226628304E-002
   4.2393595911562443E-002
   4.2395234107971191E-002
   4.2395596858114004E-002
   4.2399088852107525E-002
   4.2399360798299313E-002
   4.2400996200740337E-002
   4.2403345927596092E-002
   4.2403598316013813E-002
   4.2406614869832993E-002
   4.2408537119626999E-002
   4.2411173228174448E-002
   4.2411950882524252E-002
   4.2412128765136003E-002
   4.2413194198161364E-002
   4.2414410505443811E-002
   4.2416583746671677E-002
   4.2420081794261932E-002
   4.2420234531164169E-002
   4.2421687860041857E-002
   4.2421861086040735E-002
   4.2424480896443129E-002
   4.2424492072314024E-002
   4.2424956802278757E-002
   4.2425366118550301E-002
   4.2432433459907770E-002
   4.2433968745172024E-002
   4.2435575742274523E-002
   4.2436750140041113E-002
   4.2437742464244366E-002
   4.2440115939825773E-002
   4.2440797202289104E-002
   4.2442168109118938E-002
   4.2447967454791069E-002
   4.2451994027942419E-002
   4.2452120222151279E-002
   4.2457696516066790E-002
   4.2458474636077881E-002
   4.2458774056285620E-002
   4.2458955198526382E-002
   4.2459019459784031E-002
   4.2462662793695927E-002
   4.2464332655072212E-002
   4.2466436047106981E-002
   4.2466744780540466E-002
   4.2471338994801044E-002
   4.2472686152905226E-002
   4.2474507819861174E-002
   4.2476593051105738E-002
   4.2479888536036015E-002
   4.2482228949666023E-002
   4.2483551427721977E-002
   4.2486682534217834E-002
   4.2487574741244316E-002
   4.2488030623644590E-002
   4.2489044833928347E-002
   4.2492908425629139E-002
   4.2493761517107487E-002
   4.2501074261963367E-002
   4.2502832133322954E-002
   4.2508534621447325E-002
   4.2510010302066803E-002
   4.2511811945587397E-002
   4.2513410560786724E-002
   4.2514092288911343E-002
   4.2516577523201704E-002
   4.2517576832324266E-002
   4.2521415278315544E-002
   4.2523767333477736E-002
   4.2527087498456240E-002
   4.2528341058641672E-002
   4.2531155515462160E-002
   4.2532189749181271E-002
   4.2535379994660616E-002
   4.2536131106317043E-002
   4.2536817491054535E-002
   4.2538091540336609E-002
   4.2539717629551888E-002
   4.2541057802736759E-002
   4.2541137896478176E-002
   4.2542373761534691E-002
   4.2543187271803617E-002
   4.2543883901089430E-002
   4.2544834315776825E-002
   4.2549787554889917E-002
   4.2551566846668720E-002
   4.2570840567350388E-002
   4.2572933714836836E-002
   4.2576190549880266E-002
   4.2578066233545542E-002
   4.2578896041959524E-002
   4.2582035996019840E-002
   4.2584103997796774E-002
   4.2590134311467409E-002
   4.2591688688844442E-002
   4.2594359721988440E-002
   4.2596513871103525E-002
   4.2596924118697643E-002
   4.2597003281116486E-002
   4.2599272914230824E-002
   4.2602871078997850E-002
   4.2604384012520313E-002
   4.2606493458151817E-002
   4.2608217336237431E-002
   4.2611658107489347E-002
   4.2612930294126272E-002
   4.2614293284714222E-002
   4.2615470010787249E-002
   4.2617465835064650E-002
   4.2619068175554276E-002
   4.2619095649570227E-002
   4.2619177605956793E-002
   4.2624116409569979E-002
   4.2625367641448975E-002
   4.2625995818525553E-002
   4.2626164387911558E-002
   4.2626245412975550E-002
   4.2635573074221611E-002
   4.2639361694455147E-002
   4.2639767751097679E-002
   4.2640686500817537E-002
   4.2642696294933558E-002
   4.2643856257200241E-002
   4.2645995039492846E-002
   4.2654514312744141E-002
   4.2655689641833305E-002
   4.2656950652599335E-002
   4.2658322956413031E-002
   4.2658939957618713E-002
   4.2658948339521885E-002
   4.2659556027501822E-002
   4.2660090606659651E-002
   4.2661694344133139E-002
   4.2661965824663639E-002
   4.2667236179113388E-002
   4.2670828290283680E-002
   4.2675251606851816E-002
   4.2678800411522388E-002
   4.2678802739828825E-002
   4.2678864207118750E-002
   4.2679129634052515E-002
   4.2680045589804649E-002
   4.2681456077843904E-002
   4.2684149462729692E-002
   4.2684463784098625E-002
   4.2684978805482388E-002
   4.2686218395829201E-002
   4.2687749024480581E-002
   4.2690270580351353E-002
   4.2691620532423258E-002
   4.2692198418080807E-002
   4.2692222166806459E-002
   4.2692996561527252E-002
   4.2697402182966471E-002
   4.2697406839579344E-002
   4.2698266915977001E-002
   4.2702305596321821E-002
   4.2706034611910582E-002
   4.2708824388682842E-002
   4.2712726630270481E-002
   4.2713713832199574E-002
   4.2713833041489124E-002
   4.2715722694993019E-002
   4.2718606069684029E-002
   4.2721582576632500E-002
   4.2723014019429684E-002
   4.2725999839603901E-002
   4.2726028244942427E-002
   4.2726915795356035E-002
   4.2727116961032152E-002
   4.2729987297207117E-002
   4.2730969842523336E-002
   4.2731234803795815E-002
   4.2734456714242697E-002
   4.2738310527056456E-002
   4.2742968536913395E-002
   4.2749093845486641E-002
   4.2750275693833828E-002
   4.2751241009682417E-002
   4.2752619832754135E-002
   4.2753188405185938E-002
   4.2753225658088923E-002
   4.2757232673466206E-002
   4.2757293675094843E-002
   4.2759045492857695E-002
   4.2759423144161701E-002
   4.2759575881063938E-002
   4.2761369608342648E-002
   4.2762373574078083E-002
   4.2762567289173603E-002
   4.2762991506606340E-002
   4.2763291392475367E-002
   4.2763417121022940E-002
   4.2763533536344767E-002
   4.2764375451952219E-002
   4.2764658574014902E-002
   4.2765669524669647E-002
   4.2770319618284702E-002
   4.2770755477249622E-002
   4.2772356420755386E-002
   4.2777201626449823E-002
   4.2777402326464653E-002
   4.2777733877301216E-002
   4.2779790703207254E-002
   4.2780812364071608E-002
   4.2783211451023817E-002
   4.2783269193023443E-002
   4.2784864548593760E-002
   4.2787035927176476E-002
   4.2787189595401287E-002
   4.2790728155523539E-002
   4.2791300918906927E-002
   4.2792023625224829E-002
   4.2793152388185263E-002
   4.2795123998075724E-002
   4.2795574292540550E-002
   4.2800091207027435E-002
   4.2802501935511827E-002
   4.2804205324500799E-002
   4.2804619297385216E-002
   4.2804923839867115E-002
   4.2809910606592894E-002
   4.2810216546058655E-002
   4.2811036575585604E-002
   4.2811197228729725E-002
   4.2814373038709164E-002
   4.2814849410206079E-002
   4.2815991211682558E-002
   4.2816772125661373E-002
   4.2817946523427963E-002
   4.2819439899176359E-002
   4.2822244111448526E-002
   4.2822718154639006E-002
   4.2823729570955038E-002
   4.2824110481888056E-002
   4.2825897689908743E-002
   4.2828820645809174E-002
   4.2829217389225960E-002
   4.2832363396883011E-002
   4.2833139188587666E-002
   4.2834517080336809E-002
   4.2835688218474388E-002
   4.2837610002607107E-002
   4.2837781831622124E-002
   4.2837939225137234E-002
   4.2840390000492334E-002
   4.2843157425522804E-002
   4.2844631709158421E-002
   4.2845421005040407E-002
   4.2846411000937223E-002
   4.2847087606787682E-002
   4.2847251985222101E-002
   4.2851137463003397E-002
   4.2852595914155245E-002
   4.2853313963860273E-002
   4.2853799648582935E-002
   4.2856118176132441E-002
   4.2856176849454641E-002
   4.2858039960265160E-002
   4.2859323788434267E-002
   4.2862868402153254E-002
   4.2863440699875355E-002
   4.2863903101533651E-002
   4.2864414397627115E-002
   4.2873010970652103E-002
   4.2877101805061102E-002
   4.2878059670329094E-002
   4.2878671549260616E-002
   4.2878949549049139E-002
   4.2880108579993248E-002
   4.2881150264292955E-002
   4.2881600093096495E-002
   4.2882559355348349E-002
   4.2883179150521755E-002
   4.2888194322586060E-002
   4.2890012729912996E-002
   4.2895348276942968E-002
   4.2895628605037928E-002
   4.2896579019725323E-002
   4.2897904757410288E-002
   4.2898530140519142E-002
   4.2898568324744701E-002
   4.2900141794234514E-002
   4.2900218628346920E-002
   4.2901523876935244E-002
   4.2910532094538212E-002
   4.2913204990327358E-002
   4.2916662525385618E-002
   4.2920609470456839E-002
   4.2920674197375774E-002
   4.2920720763504505E-002
   4.2925118468701839E-002
   4.2930289171636105E-002
   4.2935566045343876E-002
   4.2937262915074825E-002
   4.2941802181303501E-002
   4.2950251139700413E-002
   4.2954882606863976E-002
   4.2960540857166052E-002
   4.2961596976965666E-002
   4.2962760664522648E-002
   4.2965113185346127E-002
   4.2965773958712816E-002
   4.2968857567757368E-002
   4.2973646428436041E-002
   4.2974886018782854E-002
   4.2978326324373484E-002
   4.2978920973837376E-002
   4.2979198507964611E-002
   4.2980645317584276E-002
   4.2984889820218086E-002
   4.2986333835870028E-002
   4.2987916152924299E-002
   4.2993713635951281E-002
   4.2996441945433617E-002
   4.2998119723051786E-002
   4.2998534627258778E-002
   4.3002930004149675E-002
   4.3004434090107679E-002
   4.3008715379983187E-002
   4.3018717318773270E-002
   4.3019955046474934E-002
   4.3028695043176413E-002
   4.3029655702412128E-002
   4.3033853638917208E-002
   4.3034692294895649E-002
   4.3039481155574322E-002
   4.3040866963565350E-002
   4.3042337987571955E-002
   4.3043351732194424E-002
   4.3043843004852533E-002
   4.3044411577284336E-002
   4.3048969004303217E-002
   4.3051522225141525E-002
   4.3056926690042019E-002
   4.3061292730271816E-002
   4.3071839492768049E-002
   4.3072031345218420E-002
   4.3073051609098911E-002
   4.3073253706097603E-002
   4.3073673732578754E-002
   4.3076393194496632E-002
   4.3076698668301105E-002
   4.3079143390059471E-002
   4.3080148287117481E-002
   4.3084409087896347E-002
   4.3086137622594833E-002
   4.3087268713861704E-002
   4.3087709229439497E-002
   4.3089956045150757E-002
   4.3090086430311203E-002
   4.3090166524052620E-002
   4.3093396816402674E-002
   4.3093449901789427E-002
   4.3094409629702568E-002
   4.3096112087368965E-002
   4.3097540270537138E-002
   4.3099551461637020E-002
   4.3101641349494457E-002
   4.3103015050292015E-002
   4.3103343341499567E-002
   4.3110745027661324E-002
   4.3111302424222231E-002
   4.3111327569931746E-002
   4.3111331760883331E-002
   4.3112756218761206E-002
   4.3112779501825571E-002
   4.3113802559673786E-002
   4.3117080815136433E-002
   4.3118049390614033E-002
   4.3118186295032501E-002
   4.3118265457451344E-002
   4.3118850328028202E-002
   4.3118908070027828E-002
   4.3120048474520445E-002
   4.3120550457388163E-002
   4.3121474329382181E-002
   4.3122626841068268E-002
   4.3122977484017611E-002
   4.3124380055814981E-002
   4.3130780104547739E-002
   4.3130852282047272E-002
   4.3133201077580452E-002
   4.3135886546224356E-002
   4.3142629787325859E-002
   4.3145882431417704E-002
   4.3146390467882156E-002
   4.3148046825081110E-002
   4.3148310389369726E-002
   4.3150148354470730E-002
   4.3150310404598713E-002
   4.3151411227881908E-002
   4.3154839891940355E-002
   4.3159972876310349E-002
   4.3160547502338886E-002
   4.3169775046408176E-002
   4.3170406017452478E-002
   4.3171511963009834E-002
   4.3175039347261190E-002
   4.3182303663343191E-002
   4.3186588212847710E-002
   4.3189630843698978E-002
   4.3194110505282879E-002
   4.3198124505579472E-002
   4.3200761079788208E-002
   4.3202500790357590E-002
   4.3203667271882296E-002
   4.3204292654991150E-002
   4.3204929213970900E-002
   4.3217386584728956E-002
   4.3217816855758429E-002
   4.3225011322647333E-002
   4.3229460716247559E-002
   4.3236450757831335E-002
   4.3237371370196342E-002
   4.3238023295998573E-002
   4.3238644022494555E-002
   4.3240720871835947E-002
   4.3245382141321898E-002
   4.3245527893304825E-002
   4.3250112328678370E-002
   4.3254374526441097E-002
   4.3257387820631266E-002
   4.3258121237158775E-002
   4.3261235114187002E-002
   4.3274617288261652E-002
   4.3277454562485218E-002
   4.3278965167701244E-002
   4.3280690442770720E-002
   4.3283847160637379E-002
   4.3287754990160465E-002
   4.3287927750498056E-002
   4.3290114030241966E-002
   4.3290298432111740E-002
   4.3291461188346148E-002
   4.3292342685163021E-002
   4.3295628856867552E-002
   4.3296367861330509E-002
   4.3299773707985878E-002
   4.3300575576722622E-002
   4.3301076162606478E-002
   4.3301763944327831E-002
   4.3301825411617756E-002
   4.3305023107677698E-002
   4.3311095796525478E-002
   4.3313948903232813E-002
   4.3313998728990555E-002
   4.3315472546964884E-002
   4.3319870252162218E-002
   4.3320985976606607E-002
   4.3323252815753222E-002
   4.3324297759681940E-002
   4.3326894752681255E-002
   4.3333374429494143E-002
   4.3335315305739641E-002
   4.3335663154721260E-002
   4.3342055287212133E-002
   4.3342630844563246E-002
   4.3344754725694656E-002
   4.3347864411771297E-002
   4.3352747336030006E-002
   4.3354006484150887E-002
   4.3354311026632786E-002
   4.3357794638723135E-002
   4.3359902221709490E-002
   4.3361762538552284E-002
   4.3366170022636652E-002
   4.3367134872823954E-002
   4.3368036858737469E-002
   4.3372650630772114E-002
   4.3372783344238997E-002
   4.3373338878154755E-002
   4.3376613408327103E-002
   4.3377141468226910E-002
   4.3380570132285357E-002
   4.3382725678384304E-002
   4.3383687268942595E-002
   4.3383845593780279E-002
   4.3384012766182423E-002
   4.3384076561778784E-002
   4.3384673539549112E-002
   4.3386642355471849E-002
   4.3387671932578087E-002
   4.3387819081544876E-002
   4.3390738777816296E-002
   4.3391365092247725E-002
   4.3391831219196320E-002
   4.3396536726504564E-002
   4.3398292269557714E-002
   4.3399045243859291E-002
   4.3405712116509676E-002
   4.3407901190221310E-002
   4.3409427162259817E-002
   4.3409564532339573E-002
   4.3409660924226046E-002
   4.3410015292465687E-002
   4.3410037644207478E-002
   4.3413075618445873E-002
   4.3413857463747263E-002
   4.3414343614131212E-002
   4.3419329449534416E-002
   4.3424529489129782E-002
   4.3431289959698915E-002
   4.3432222213596106E-002
   4.3432446662336588E-002
   4.3432763312011957E-002
   4.3434055056422949E-002
   4.3436819687485695E-002
   4.3437291868031025E-002
   4.3437654618173838E-002
   4.3440015055239201E-002
   4.3445308692753315E-002
   4.3447552248835564E-002
   4.3449479155242443E-002
   4.3451574165374041E-002
   4.3453154154121876E-002
   4.3458538595587015E-002
   4.3460118118673563E-002
   4.3462953995913267E-002
   4.3464178685098886E-002
   4.3464226648211479E-002
   4.3464856222271919E-002
   4.3468845542520285E-002
   4.3471563141793013E-002
   4.3475142214447260E-002
   4.3475528247654438E-002
   4.3475583195686340E-002
   4.3477215804159641E-002
   4.3477570638060570E-002
   4.3479215819388628E-002
   4.3481835629791021E-002
   4.3482055887579918E-002
   4.3482236098498106E-002
   4.3484458699822426E-002
   4.3485437054187059E-002
   4.3485687114298344E-002
   4.3486428912729025E-002
   4.3488717637956142E-002
   4.3492046650499105E-002
   4.3493002653121948E-002
   4.3493317440152168E-002
   4.3498081155121326E-002
   4.3498339597135782E-002
   4.3500037863850594E-002
   4.3500187341123819E-002
   4.3500279076397419E-002
   4.3500633444637060E-002
   4.3500771280378103E-002
   4.3501074425876141E-002
   4.3503810651600361E-002
   4.3506517540663481E-002
   4.3507877737283707E-002
   4.3512123171240091E-002
   4.3512148782610893E-002
   4.3513666372746229E-002
   4.3515379074960947E-002
   4.3515423312783241E-002
   4.3516380246728659E-002
   4.3518832419067621E-002
   4.3519470840692520E-002
   4.3519821017980576E-002
   4.3520416133105755E-002
   4.3521388899534941E-002
   4.3525213375687599E-002
   4.3527951929718256E-002
   4.3530047405511141E-002
   4.3530216440558434E-002
   4.3531192000955343E-002
   4.3532335199415684E-002
   4.3534978758543730E-002
   4.3536493089050055E-002
   4.3536770623177290E-002
   4.3539348989725113E-002
   4.3540010694414377E-002
   4.3546766042709351E-002
   4.3552449904382229E-002
   4.3556935153901577E-002
   4.3557392433285713E-002
   4.3557874392718077E-002
   4.3564261868596077E-002
   4.3564528692513704E-002
   4.3565063271671534E-002
   4.3565342668443918E-002
   4.3567554093897343E-002
   4.3569599278271198E-002
   4.3572892900556326E-002
   4.3577652890235186E-002
   4.3579485267400742E-002
   4.3579943943768740E-002
   4.3580485973507166E-002
   4.3581765145063400E-002
   4.3583413586020470E-002
   4.3586615473031998E-002
   4.3591034132987261E-002
   4.3592584785073996E-002
   4.3592706788331270E-002
   4.3594135902822018E-002
   4.3594850227236748E-002
   4.3597102630883455E-002
   4.3598978780210018E-002
   4.3599773664027452E-002
   4.3605336453765631E-002
   4.3610794004052877E-002
   4.3613651301711798E-002
   4.3617296032607555E-002
   4.3624127283692360E-002
   4.3626163154840469E-002
   4.3629787396639585E-002
   4.3630039785057306E-002
   4.3634653557091951E-002
   4.3638759758323431E-002
   4.3638813775032759E-002
   4.3642350938171148E-002
   4.3642624747008085E-002
   4.3643654324114323E-002
   4.3646627571433783E-002
   4.3648104649037123E-002
   4.3648531194776297E-002
   4.3648889753967524E-002
   4.3649580795317888E-002
   4.3650355190038681E-002
   4.3650844600051641E-002
   4.3652911204844713E-002
   4.3654762674123049E-002
   4.3658029288053513E-002
   4.3659501243382692E-002
   4.3661570176482201E-002
   4.3663522694259882E-002
   4.3667724821716547E-002
   4.3672908563166857E-002
   4.3676970526576042E-002
   4.3678325135260820E-002
   4.3679354712367058E-002
   4.3681805953383446E-002
   4.3682936578989029E-002
   4.3684255797415972E-002
   4.3685961049050093E-002
   4.3688249308615923E-002
   4.3691837228834629E-002
   4.3692552018910646E-002
   4.3692982289940119E-002
   4.3694345746189356E-002
   4.3696035165339708E-002
   4.3696435634046793E-002
   4.3697123881429434E-002
   4.3701488524675369E-002
   4.3702272232621908E-002
   4.3703655712306499E-002
   4.3704053387045860E-002
   4.3704982381314039E-002
   4.3705070856958628E-002
   4.3710351455956697E-002
   4.3712977785617113E-002
   4.3715104460716248E-002
   4.3715266510844231E-002
   4.3719143141061068E-002
   4.3720591347664595E-002
   4.3725107330828905E-002
   4.3725973460823298E-002
   4.3729418423026800E-002
   4.3733298312872648E-002
   4.3733670841902494E-002
   4.3738073203712702E-002
   4.3738799169659615E-002
   4.3741115368902683E-002
   4.3741701170802116E-002
   4.3745258357375860E-002
   4.3752947822213173E-002
   4.3754394166171551E-002
   4.3755972757935524E-002
   4.3757244013249874E-002
   4.3762497138231993E-002
   4.3769885785877705E-002
   4.3773525394499302E-002
   4.3774274643510580E-002
   4.3775586411356926E-002
   4.3775872327387333E-002
   4.3779579922556877E-002
   4.3783707544207573E-002
   4.3783755972981453E-002
   4.3784351553767920E-002
   4.3787807691842318E-002
   4.3790186755359173E-002
   4.3791673146188259E-002
   4.3794493190944195E-002
   4.3799279723316431E-002
   4.3801662977784872E-002
   4.3805415276437998E-002
   4.3810121715068817E-002
   4.3810575269162655E-002
   4.3811200652271509E-002
   4.3819143436849117E-002
   4.3819162994623184E-002
   4.3820241000503302E-002
   4.3820786289870739E-002
   4.3821081053465605E-002
   4.3823479209095240E-002
   4.3824448250234127E-002
   4.3826379813253880E-002
   4.3826763518154621E-002
   4.3828337918967009E-002
   4.3829777743667364E-002
   4.3831659480929375E-002
   4.3832604773342609E-002
   4.3835533317178488E-002
   4.3838688172399998E-002
   4.3839601334184408E-002
   4.3842015322297812E-002
   4.3843232560902834E-002
   4.3846111278980970E-002
   4.3847492896020412E-002
   4.3847937602549791E-002
   4.3848163448274136E-002
   4.3848533648997545E-002
   4.3850199319422245E-002
   4.3852584436535835E-002
   4.3852769769728184E-002
   4.3853406794369221E-002
   4.3855878990143538E-002
   4.3856479227542877E-002
   4.3856854084879160E-002
   4.3861710932105780E-002
   4.3862341437488794E-002
   4.3867535889148712E-002
   4.3867557775229216E-002
   4.3868655338883400E-002
   4.3871678411960602E-002
   4.3873841874301434E-002
   4.3875203002244234E-002
   4.3878340627998114E-002
   4.3878674041479826E-002
   4.3881203513592482E-002
   4.3882235419005156E-002
   4.3887142557650805E-002
   4.3892020825296640E-002
   4.3892275542020798E-002
   4.3903041165322065E-002
   4.3907370418310165E-002
   4.3912247754633427E-002
   4.3912853579968214E-002
   4.3917586561292410E-002
   4.3920165393501520E-002
   4.3923238292336464E-002
   4.3923935387283564E-002
   4.3926468584686518E-002
   4.3926761019974947E-002
   4.3933076784014702E-002
   4.3934588320553303E-002
   4.3935938738286495E-002
   4.3941446579992771E-002
   4.3943149968981743E-002
   4.3945642653852701E-002
   4.3949089478701353E-002
   4.3950901366770267E-002
   4.3957723770290613E-002
   4.3958017136901617E-002
   4.3960777577012777E-002
   4.3962023686617613E-002
   4.3962884228676558E-002
   4.3963893782347441E-002
   4.3966697063297033E-002
   4.3966797180473804E-002
   4.3971141334623098E-002
   4.3972910381853580E-002
   4.3977087363600731E-002
   4.3977152090519667E-002
   4.3983136303722858E-002
   4.3985077179968357E-002
   4.3985810130834579E-002
   4.3993145227432251E-002
   4.3997624423354864E-002
   4.4000344350934029E-002
   4.4000970199704170E-002
   4.4001119211316109E-002
   4.4002178125083447E-002
   4.4005206786096096E-002
   4.4006064068526030E-002
   4.4007560703903437E-002
   4.4009760022163391E-002
   4.4010074809193611E-002
   4.4011377263814211E-002
   4.4011994265019894E-002
   4.4014589861035347E-002
   4.4015961699187756E-002
   4.4017526786774397E-002
   4.4019325170665979E-002
   4.4022664893418550E-002
   4.4023261871188879E-002
   4.4025426264852285E-002
   4.4025568291544914E-002
   4.4026443734765053E-002
   4.4027253985404968E-002
   4.4027575291693211E-002
   4.4030711520463228E-002
   4.4032154139131308E-002
   4.4033827725797892E-002
   4.4037330430001020E-002
   4.4038482941687107E-002
   4.4038962572813034E-002
   4.4041549786925316E-002
   4.4043767265975475E-002
   4.4043824076652527E-002
   4.4044453650712967E-002
   4.4044908601790667E-002
   4.4048618525266647E-002
   4.4048719573765993E-002
   4.4049758929759264E-002
   4.4050970580428839E-002
   4.4054478406906128E-002
   4.4059007894247770E-002
   4.4062534347176552E-002
   4.4062694068998098E-002
   4.4062853325158358E-002
   4.4063036795705557E-002
   4.4065824244171381E-002
   4.4067541137337685E-002
   4.4068562798202038E-002
   4.4068951159715652E-002
   4.4069262221455574E-002
   4.4072009157389402E-002
   4.4072491116821766E-002
   4.4072740245610476E-002
   4.4074514880776405E-002
   4.4075743295252323E-002
   4.4081143569201231E-002
   4.4085719157010317E-002
   4.4086423702538013E-002
   4.4086845126003027E-002
   4.4088517315685749E-002
   4.4092724565416574E-002
   4.4092922937124968E-002
   4.4093956705182791E-002
   4.4094242621213198E-002
   4.4096297118812799E-002
   4.4102387037128210E-002
   4.4104970525950193E-002
   4.4106876943260431E-002
   4.4108817353844643E-002
   4.4109434355050325E-002
   4.4109543785452843E-002
   4.4111047871410847E-002
   4.4116440694779158E-002
   4.4117650482803583E-002
   4.4119738973677158E-002
   4.4120674487203360E-002
   4.4121041428297758E-002
   4.4124164152890444E-002
   4.4125446118414402E-002
   4.4128704350441694E-002
   4.4129828922450542E-002
   4.4130048248916864E-002
   4.4132548850029707E-002
   4.4137345161288977E-002
   4.4141080230474472E-002
   4.4144182465970516E-002
   4.4144498649984598E-002
   4.4144754763692617E-002
   4.4150254223495722E-002
   4.4154793955385685E-002
   4.4156246818602085E-002
   4.4158061034977436E-002
   4.4159773271530867E-002
   4.4164959341287613E-002
   4.4170295353978872E-002
   4.4173190370202065E-002
   4.4174592941999435E-002
   4.4176880735903978E-002
   4.4177958741784096E-002
   4.4178886804729700E-002
   4.4183627702295780E-002
   4.4185464736074209E-002
   4.4188487343490124E-002
   4.4188498053699732E-002
   4.4192141387611628E-002
   4.4194187037646770E-002
   4.4195883907377720E-002
   4.4199968688189983E-002
   4.4201933778822422E-002
   4.4207782018929720E-002
   4.4209411367774010E-002
   4.4209936168044806E-002
   4.4210950843989849E-002
   4.4211932923644781E-002
   4.4213021639734507E-002
   4.4214434921741486E-002
   4.4215898960828781E-002
   4.4218177441507578E-002
   4.4220011215656996E-002
   4.4224111363291740E-002
   4.4226195197552443E-002
   4.4226371217519045E-002
   4.4230505824089050E-002
   4.4231429696083069E-002
   4.4233304448425770E-002
   4.4240378309041262E-002
   4.4242205098271370E-002
   4.4248539488762617E-002
   4.4251518324017525E-002
   4.4252812862396240E-002
   4.4252965133637190E-002
   4.4253970030695200E-002
   4.4254309963434935E-002
   4.4255695771425962E-002
   4.4258513022214174E-002
   4.4263293966650963E-002
   4.4263397809118032E-002
   4.4263516087085009E-002
   4.4265063479542732E-002
   4.4265944045037031E-002
   4.4269909150898457E-002
   4.4272129423916340E-002
   4.4275113381445408E-002
   4.4275400228798389E-002
   4.4275945518165827E-002
   4.4275993015617132E-002
   4.4279207475483418E-002
   4.4279543682932854E-002
   4.4280208181589842E-002
   4.4281038921326399E-002
   4.4281597714871168E-002
   4.4282521586865187E-002
   4.4283144641667604E-002
   4.4283695518970490E-002
   4.4285292271524668E-002
   4.4285309500992298E-002
   4.4286306481808424E-002
   4.4288264121860266E-002
   4.4291124679148197E-002
   4.4291233643889427E-002
   4.4292445760220289E-002
   4.4292837381362915E-002
   4.4296552427113056E-002
   4.4299763161689043E-002
   4.4301993213593960E-002
   4.4303271453827620E-002
   4.4307099189609289E-002
   4.4309103395789862E-002
   4.4316367246210575E-002
   4.4317973311990499E-002
   4.4321387540549040E-002
   4.4322715140879154E-002
   4.4325156137347221E-002
   4.4332021381705999E-002
   4.4332287739962339E-002
   4.4335161801427603E-002
   4.4336513616144657E-002
   4.4337527826428413E-002
   4.4338407460600138E-002
   4.4343871995806694E-002
   4.4348414987325668E-002
   4.4348687864840031E-002
   4.4348919298499823E-002
   4.4349833857268095E-002
   4.4352294877171516E-002
   4.4353269971907139E-002
   4.4358455576002598E-002
   4.4359081424772739E-002
   4.4360631145536900E-002
   4.4361292384564877E-002
   4.4361600652337074E-002
   4.4365283567458391E-002
   4.4366313144564629E-002
   4.4367051683366299E-002
   4.4368818867951632E-002
   4.4370450079441071E-002
   4.4371539261192083E-002
   4.4373746961355209E-002
   4.4377170968800783E-002
   4.4377429410815239E-002
   4.4378872029483318E-002
   4.4379372149705887E-002
   4.4379999395459890E-002
   4.4380473904311657E-002
   4.4387116096913815E-002
   4.4390100054442883E-002
   4.4390719849616289E-002
   4.4391347561031580E-002
   4.4393987860530615E-002
   4.4395230710506439E-002
   4.4395992998033762E-002
   4.4398953206837177E-002
   4.4399100355803967E-002
   4.4401916209608316E-002
   4.4407971668988466E-002
   4.4409244786947966E-002
   4.4411779846996069E-002
   4.4419137295335531E-002
   4.4421311933547258E-002
   4.4421449769288301E-002
   4.4426437001675367E-002
   4.4434285257011652E-002
   4.4435637071728706E-002
   4.4437117408961058E-002
   4.4437243137508631E-002
   4.4437463395297527E-002
   4.4437646400183439E-002
   4.4439714401960373E-002
   4.4444249942898750E-002
   4.4445957057178020E-002
   4.4446798507124186E-002
   4.4448044616729021E-002
   4.4449250213801861E-002
   4.4451001565903425E-002
   4.4451103080064058E-002
   4.4453261420130730E-002
   4.4453752692788839E-002
   4.4455415569245815E-002
   4.4456657487899065E-002
   4.4458350166678429E-002
   4.4458501972258091E-002
   4.4458669610321522E-002
   4.4462617021054029E-002
   4.4466748833656311E-002
   4.4468216598033905E-002
   4.4472386129200459E-002
   4.4475999195128679E-002
   4.4476054143160582E-002
   4.4476862065494061E-002
   4.4477754272520542E-002
   4.4480270240455866E-002
   4.4482257682830095E-002
   4.4487935490906239E-002
   4.4488268904387951E-002
   4.4488309882581234E-002
   4.4490489177405834E-002
   4.4493820518255234E-002
   4.4495898764580488E-002
   4.4497136026620865E-002
   4.4498739298433065E-002
   4.4500319287180901E-002
   4.4501826632767916E-002
   4.4503034558147192E-002
   4.4504562858492136E-002
   4.4505442027002573E-002
   4.4506996870040894E-002
   4.4511414598673582E-002
   4.4514623470604420E-002
   4.4515732210129499E-002
   4.4519227463752031E-002
   4.4521983247250319E-002
   4.4524344149976969E-002
   4.4525115750730038E-002
   4.4530319049954414E-002
   4.4532152358442545E-002
   4.4538264162838459E-002
   4.4539611786603928E-002
   4.4542034622281790E-002
   4.4542543124407530E-002
   4.4543023686856031E-002
   4.4543233700096607E-002
   4.4544913806021214E-002
   4.4545297976583242E-002
   4.4546571094542742E-002
   4.4549553655087948E-002
   4.4550963211804628E-002
   4.4552339706569910E-002
   4.4557003304362297E-002
   4.4557757209986448E-002
   4.4558105990290642E-002
   4.4564116746187210E-002
   4.4564219657331705E-002
   4.4565053656697273E-002
   4.4568860903382301E-002
   4.4570283498615026E-002
   4.4571454636752605E-002
   4.4571623206138611E-002
   4.4576989486813545E-002
   4.4585272669792175E-002
   4.4593303464353085E-002
   4.4595588929951191E-002
   4.4601690955460072E-002
   4.4602493289858103E-002
   4.4603358954191208E-002
   4.4607647228986025E-002
   4.4610070995986462E-002
   4.4613997917622328E-002
   4.4614243786782026E-002
   4.4614462181925774E-002
   4.4617878273129463E-002
   4.4621676672250032E-002
   4.4622711371630430E-002
   4.4623006600886583E-002
   4.4623783789575100E-002
   4.4623874127864838E-002
   4.4629437848925591E-002
   4.4634134043008089E-002
   4.4634171761572361E-002
   4.4635190628468990E-002
   4.4635730329900980E-002
   4.4637874234467745E-002
   4.4639023952186108E-002
   4.4641820248216391E-002
   4.4642583932727575E-002
   4.4643044471740723E-002
   4.4643544591963291E-002
   4.4644073117524385E-002
   4.4647454749792814E-002
   4.4648480601608753E-002
   4.4648958835750818E-002
   4.4650156982243061E-002
   4.4651759788393974E-002
   4.4653543271124363E-002
   4.4654053170233965E-002
   4.4655908830463886E-002
   4.4656910933554173E-002
   4.4657740741968155E-002
   4.4661265332251787E-002
   4.4661559630185366E-002
   4.4665124733000994E-002
   4.4669249560683966E-002
   4.4682659208774567E-002
   4.4683544430881739E-002
   4.4684200081974268E-002
   4.4688378926366568E-002
   4.4688843190670013E-002
   4.4691387563943863E-002
   4.4693042524158955E-002
   4.4694689102470875E-002
   4.4695197604596615E-002
   4.4697281904518604E-002
   4.4698679354041815E-002
   4.4699176214635372E-002
   4.4699391815811396E-002
   4.4700162950903177E-002
   4.4700758066028357E-002
   4.4700948055833578E-002
   4.4701223261654377E-002
   4.4703145045787096E-002
   4.4707859400659800E-002
   4.4708142522722483E-002
   4.4714461080729961E-002
   4.4714715331792831E-002
   4.4717774726450443E-002
   4.4723089318722486E-002
   4.4725012499839067E-002
   4.4726013671606779E-002
   4.4727559667080641E-002
   4.4732261449098587E-002
   4.4734528288245201E-002
   4.4734818860888481E-002
   4.4736579991877079E-002
   4.4739901553839445E-002
   4.4745666440576315E-002
   4.4747659470885992E-002
   4.4747886713594198E-002
   4.4751024339348078E-002
   4.4753072783350945E-002
   4.4753515161573887E-002
   4.4766444247215986E-002
   4.4766634237021208E-002
   4.4770514126867056E-002
   4.4771980028599501E-002
   4.4772087596356869E-002
   4.4775153044611216E-002
   4.4775910209864378E-002
   4.4775919057428837E-002
   4.4780569151043892E-002
   4.4781684875488281E-002
   4.4781863223761320E-002
   4.4785934966057539E-002
   4.4787154532968998E-002
   4.4787491206079721E-002
   4.4787720311433077E-002
   4.4791756663471460E-002
   4.4793890789151192E-002
   4.4796690344810486E-002
   4.4797142501920462E-002
   4.4797310605645180E-002
   4.4797700364142656E-002
   4.4799096416682005E-002
   4.4801339507102966E-002
   4.4801607728004456E-002
   4.4803077355027199E-002
   4.4804340228438377E-002
   4.4805122539401054E-002
   4.4806770049035549E-002
   4.4811281841248274E-002
   4.4812062289565802E-002
   4.4812137726694345E-002
   4.4812857639044523E-002
   4.4818959198892117E-002
   4.4823037460446358E-002
   4.4824688229709864E-002
   4.4829295948147774E-002
   4.4830835424363613E-002
   4.4833139050751925E-002
   4.4833616819232702E-002
   4.4833748135715723E-002
   4.4834196101874113E-002
   4.4838164467364550E-002
   4.4839860405772924E-002
   4.4841892551630735E-002
   4.4844944961369038E-002
   4.4845681171864271E-002
   4.4846173841506243E-002
   4.4847937766462564E-002
   4.4849463272839785E-002
   4.4850978534668684E-002
   4.4852789025753736E-002
   4.4852841179817915E-002
   4.4854781124740839E-002
   4.4855003710836172E-002
   4.4856235850602388E-002
   4.4857011176645756E-002
   4.4859891757369041E-002
   4.4861343689262867E-002
   4.4869592878967524E-002
   4.4869761914014816E-002
   4.4869835488498211E-002
   4.4881737791001797E-002
   4.4884750619530678E-002
   4.4888454023748636E-002
   4.4888597447425127E-002
   4.4889065437018871E-002
   4.4890850316733122E-002
   4.4892119243741035E-002
   4.4892875012010336E-002
   4.4893301092088223E-002
   4.4893788173794746E-002
   4.4894921593368053E-002
   4.4897489715367556E-002
   4.4899197760969400E-002
   4.4899248983711004E-002
   4.4900462031364441E-002
   4.4901524670422077E-002
   4.4904463924467564E-002
   4.4905521906912327E-002
   4.4908782001584768E-002
   4.4909744523465633E-002
   4.4911883771419525E-002
   4.4912535697221756E-002
   4.4915892183780670E-002
   4.4916401617228985E-002
   4.4917999766767025E-002
   4.4918068684637547E-002
   4.4920147396624088E-002
   4.4924642890691757E-002
   4.4935517478734255E-002
   4.4937542639672756E-002
   4.4938924256712198E-002
   4.4939635787159204E-002
   4.4945841655135155E-002
   4.4949375558644533E-002
   4.4951338320970535E-002
   4.4953091070055962E-002
   4.4957861769944429E-002
   4.4965417124330997E-002
   4.4965935405343771E-002
   4.4966077432036400E-002
   4.4966684654355049E-002
   4.4967089314013720E-002
   4.4969385955482721E-002
   4.4969812966883183E-002
   4.4970476068556309E-002
   4.4973464682698250E-002
   4.4974122196435928E-002
   4.4974627438932657E-002
   4.4975054915994406E-002
   4.4975615106523037E-002
   4.4976069126278162E-002
   4.4976450968533754E-002
   4.4978703372180462E-002
   4.4979177415370941E-002
   4.4979951810091734E-002
   4.4980025850236416E-002
   4.4981420505791903E-002
   4.4981578364968300E-002
   4.4983298052102327E-002
   4.4983470812439919E-002
   4.4987524859607220E-002
   4.4988723937422037E-002
   4.4989235233515501E-002
   4.4990173075348139E-002
   4.4995472300797701E-002
   4.4997366610914469E-002
   4.4998141005635262E-002
   4.5000042766332626E-002
   4.5004921033978462E-002
   4.5006057713180780E-002
   4.5006344094872475E-002
   4.5008110348135233E-002
   4.5009424909949303E-002
   4.5013095717877150E-002
   4.5014400035142899E-002
   4.5017138589173555E-002
   4.5020215213298798E-002
   4.5025267638266087E-002
   4.5025278814136982E-002
   4.5028198976069689E-002
   4.5031826477497816E-002
   4.5036086346954107E-002
   4.5038676355034113E-002
   4.5039149932563305E-002
   4.5040645636618137E-002
   4.5043997932225466E-002
   4.5047316700220108E-002
   4.5047381892800331E-002
   4.5048971194773912E-002
   4.5051023364067078E-002
   4.5051213353872299E-002
   4.5054696034640074E-002
   4.5055796392261982E-002
   4.5055885799229145E-002
   4.5056095346808434E-002
   4.5060743577778339E-002
   4.5062765013426542E-002
   4.5063084922730923E-002
   4.5063780155032873E-002
   4.5065217185765505E-002
   4.5068345498293638E-002
   4.5071547385305166E-002
   4.5072135515511036E-002
   4.5072298496961594E-002
   4.5076009817421436E-002
   4.5076493173837662E-002
   4.5080081094056368E-002
   4.5080177485942841E-002
   4.5081970281898975E-002
   4.5084240846335888E-002
   4.5087111648172140E-002
   4.5090562663972378E-002
   4.5096871443092823E-002
   4.5097543392330408E-002
   4.5098026748746634E-002
   4.5100734103471041E-002
   4.5103142037987709E-002
   4.5104269403964281E-002
   4.5104408171027899E-002
   4.5105005614459515E-002
   4.5109967235475779E-002
   4.5114960521459579E-002
   4.5115312095731497E-002
   4.5118177775293589E-002
   4.5118415728211403E-002
   4.5118584763258696E-002
   4.5122299809008837E-002
   4.5127888675779104E-002
   4.5128106605261564E-002
   4.5129055157303810E-002
   4.5129572506994009E-002
   4.5132278930395842E-002
   4.5134394895285368E-002
   4.5136175118386745E-002
   4.5141070615500212E-002
   4.5141474343836308E-002
   4.5142151881009340E-002
   4.5150581281632185E-002
   4.5155721250921488E-002
   4.5159512665122747E-002
   4.5161702204495668E-002
   4.5163074042648077E-002
   4.5163645874708891E-002
   4.5163861010223627E-002
   4.5164822135120630E-002
   4.5165221206843853E-002
   4.5166452880948782E-002
   4.5170072466135025E-002
   4.5170271303504705E-002
   4.5172603800892830E-002
   4.5173045247793198E-002
   4.5175090432167053E-002
   4.5175834093242884E-002
   4.5177464373409748E-002
   4.5179033651947975E-002
   4.5179987326264381E-002
   4.5181120280176401E-002
   4.5184101443737745E-002
   4.5188572257757187E-002
   4.5190540142357349E-002
   4.5191630721092224E-002
   4.5192169025540352E-002
   4.5192523859441280E-002
   4.5193336438387632E-002
   4.5193605124950409E-002
   4.5194160193204880E-002
   4.5196945313364267E-002
   4.5197980478405952E-002
   4.5198268257081509E-002
   4.5200332533568144E-002
   4.5201088301837444E-002
   4.5202065724879503E-002
   4.5203646179288626E-002
   4.5204730238765478E-002
   4.5204788446426392E-002
   4.5205623842775822E-002
   4.5210110489279032E-002
   4.5215553138405085E-002
   4.5216124504804611E-002
   4.5216145459562540E-002
   4.5219495426863432E-002
   4.5221076812595129E-002
   4.5221606735140085E-002
   4.5221977867186069E-002
   4.5222794171422720E-002
   4.5223316177725792E-002
   4.5225290581583977E-002
   4.5227474533021450E-002
   4.5227768365293741E-002
   4.5228431932628155E-002
   4.5231000520288944E-002
   4.5231481548398733E-002
   4.5235330238938332E-002
   4.5236654113978148E-002
   4.5239676721394062E-002
   4.5241396408528090E-002
   4.5242209453135729E-002
   4.5242382213473320E-002
   4.5247324276715517E-002
   4.5248492620885372E-002
   4.5255946461111307E-002
   4.5256916899234056E-002
   4.5257961843162775E-002
   4.5260009355843067E-002
   4.5260091777890921E-002
   4.5260650571435690E-002
   4.5262311585247517E-002
   4.5266726054251194E-002
   4.5268135610967875E-002
   4.5268996153026819E-002
   4.5270500704646111E-002
   4.5273842755705118E-002
   4.5275391545146704E-002
   4.5277823228389025E-002
   4.5282063074409962E-002
   4.5282315928488970E-002
   4.5286956708878279E-002
   4.5286960899829865E-002
   4.5287503860890865E-002
   4.5291683636605740E-002
   4.5292562339454889E-002
   4.5292586553841829E-002
   4.5292889233678579E-002
   4.5293818693608046E-002
   4.5299901627004147E-002
   4.5300404075533152E-002
   4.5303491875529289E-002
   4.5304021332412958E-002
   4.5304942876100540E-002
   4.5305635314434767E-002
   4.5307387597858906E-002
   4.5310038141906261E-002
   4.5312974136322737E-002
   4.5316422823816538E-002
   4.5317643787711859E-002
   4.5319099910557270E-002
   4.5319985132664442E-002
   4.5320019125938416E-002
   4.5320979785174131E-002
   4.5323500409722328E-002
   4.5324391219764948E-002
   4.5325834304094315E-002
   4.5326476916670799E-002
   4.5330558903515339E-002
   4.5338899362832308E-002
   4.5344859361648560E-002
   4.5345371123403311E-002
   4.5346532016992569E-002
   4.5346589758992195E-002
   4.5347211416810751E-002
   4.5349332503974438E-002
   4.5349426101893187E-002
   4.5354087371379137E-002
   4.5354543719440699E-002
   4.5356101822108030E-002
   4.5359458308666945E-002
   4.5360214542597532E-002
   4.5366011094301939E-002
   4.5367441605776548E-002
   4.5367464888840914E-002
   4.5369967352598906E-002
   4.5370716135948896E-002
   4.5373751781880856E-002
   4.5378491748124361E-002
   4.5382646378129721E-002
   4.5385021250694990E-002
   4.5385038014501333E-002
   4.5387597288936377E-002
   4.5388611033558846E-002
   4.5389227103441954E-002
   4.5396406203508377E-002
   4.5398590620607138E-002
   4.5400228351354599E-002
   4.5401634648442268E-002
   4.5402140356600285E-002
   4.5407506171613932E-002
   4.5411298982799053E-002
   4.5418431516736746E-002
   4.5419066213071346E-002
   4.5430129393935204E-002
   4.5430549886077642E-002
   4.5434677042067051E-002
   4.5434887986630201E-002
   4.5440990012139082E-002
   4.5441823545843363E-002
   4.5443847309798002E-002
   4.5443934854120016E-002
   4.5444649178534746E-002
   4.5448191929608583E-002
   4.5462956186383963E-002
   4.5463596470654011E-002
   4.5464987866580486E-002
   4.5466494746506214E-002
   4.5467673800885677E-002
   4.5471014920622110E-002
   4.5471753459423780E-002
   4.5472743920981884E-002
   4.5474185608327389E-002
   4.5475322753190994E-002
   4.5476592611521482E-002
   4.5477176085114479E-002
   4.5477311126887798E-002
   4.5477782841771841E-002
   4.5480271801352501E-002
   4.5480346772819757E-002
   4.5485092326998711E-002
   4.5489735435694456E-002
   4.5490611344575882E-002
   4.5496746432036161E-002
   4.5500484295189381E-002
   4.5501963235437870E-002
   4.5505046378821135E-002
   4.5509974006563425E-002
   4.5513058081269264E-002
   4.5513114891946316E-002
   4.5515908859670162E-002
   4.5516689773648977E-002
   4.5519486535340548E-002
   4.5523695647716522E-002
   4.5526215340942144E-002
   4.5526736415922642E-002
   4.5526912901550531E-002
   4.5527740381658077E-002
   4.5529151335358620E-002
   4.5529588125646114E-002
   4.5531028881669044E-002
   4.5531166251748800E-002
   4.5532044488936663E-002
   4.5533622149378061E-002
   4.5534866396337748E-002
   4.5535252429544926E-002
   4.5540008693933487E-002
   4.5540599618107080E-002
   4.5542743522673845E-002
   4.5544606167823076E-002
   4.5545102562755346E-002
   4.5545178931206465E-002
   4.5546436216682196E-002
   4.5547193381935358E-002
   4.5547554735094309E-002
   4.5547608751803637E-002
   4.5549469999969006E-002
   4.5550081413239241E-002
   4.5552943367511034E-002
   4.5560551807284355E-002
   4.5561294071376324E-002
   4.5563971623778343E-002
   4.5570153743028641E-002
   4.5572076458483934E-002
   4.5572308823466301E-002
   4.5573786832392216E-002
   4.5578911434859037E-002
   4.5579665806144476E-002
   4.5582437887787819E-002
   4.5590778812766075E-002
   4.5591509435325861E-002
   4.5591755770146847E-002
   4.5593565329909325E-002
   4.5595048926770687E-002
   4.5595850795507431E-002
   4.5597098302096128E-002
   4.5597276650369167E-002
   4.5599509961903095E-002
   4.5600996818393469E-002
   4.5602966099977493E-002
   4.5603765174746513E-002
   4.5606796164065599E-002
   4.5607754494994879E-002
   4.5609888155013323E-002
   4.5610499102622271E-002
   4.5610626228153706E-002
   4.5614025555551052E-002
   4.5614516828209162E-002
   4.5620465185493231E-002
   4.5622278004884720E-002
   4.5626133680343628E-002
   4.5626929029822350E-002
   4.5631478074938059E-002
   4.5632353052496910E-002
   4.5636334456503391E-002
   4.5637319330126047E-002
   4.5642778743058443E-002
   4.5647094491869211E-002
   4.5650530140846968E-002
   4.5651000924408436E-002
   4.5651368331164122E-002
   4.5652149710804224E-002
   4.5660229399800301E-002
   4.5660980045795441E-002
   4.5663536526262760E-002
   4.5664792414754629E-002
   4.5665445737540722E-002
   4.5668857172131538E-002
   4.5669998507946730E-002
   4.5671043917536736E-002
   4.5676753390580416E-002
   4.5678353868424892E-002
   4.5679822564125061E-002
   4.5680806972086430E-002
   4.5688970945775509E-002
   4.5689835678786039E-002
   4.5690721366554499E-002
   4.5692071318626404E-002
   4.5693508815020323E-002
   4.5694612897932529E-002
   4.5697270426899195E-002
   4.5698723290115595E-002
   4.5701684895902872E-002
   4.5704666059464216E-002
   4.5708056073635817E-002
   4.5708862598985434E-002
   4.5709346886724234E-002
   4.5710967853665352E-002
   4.5712735503911972E-002
   4.5713590458035469E-002
   4.5714546460658312E-002
   4.5714917592704296E-002
   4.5718639157712460E-002
   4.5725173782557249E-002
   4.5726354233920574E-002
   4.5727660879492760E-002
   4.5729164034128189E-002
   4.5731700956821442E-002
   4.5732454396784306E-002
   4.5733434613794088E-002
   4.5733539387583733E-002
   4.5734432525932789E-002
   4.5735331717878580E-002
   4.5737006701529026E-002
   4.5738180167973042E-002
   4.5740370173007250E-002
   4.5741299167275429E-002
   4.5745790936052799E-002
   4.5747059397399426E-002
   4.5749423559755087E-002
   4.5752164442092180E-002
   4.5757461339235306E-002
   4.5759045518934727E-002
   4.5762391295284033E-002
   4.5765650924295187E-002
   4.5766424387693405E-002
   4.5771884266287088E-002
   4.5772465411573648E-002
   4.5773088932037354E-002
   4.5773792080581188E-002
   4.5774280093610287E-002
   4.5775564387440681E-002
   4.5776480343192816E-002
   4.5777102932333946E-002
   4.5777711085975170E-002
   4.5778419356793165E-002
   4.5778797939419746E-002
   4.5780885498970747E-002
   4.5785348396748304E-002
   4.5786782633513212E-002
   4.5789584517478943E-002
   4.5794899109750986E-002
   4.5795109122991562E-002
   4.5796282123774290E-002
   4.5803837012499571E-002
   4.5804148539900780E-002
   4.5804528519511223E-002
   4.5805159024894238E-002
   4.5808197464793921E-002
   4.5810048002749681E-002
   4.5811606571078300E-002
   4.5812990516424179E-002
   4.5813234057277441E-002
   4.5813673175871372E-002
   4.5814641285687685E-002
   4.5818215236067772E-002
   4.5819365419447422E-002
   4.5823421794921160E-002
   4.5826316811144352E-002
   4.5826763380318880E-002
   4.5827390160411596E-002
   4.5829927083104849E-002
   4.5830216258764267E-002
   4.5832037925720215E-002
   4.5834690332412720E-002
   4.5836806762963533E-002
   4.5837892219424248E-002
   4.5838859397917986E-002
   4.5840033330023289E-002
   4.5843165367841721E-002
   4.5845109969377518E-002
   4.5848547946661711E-002
   4.5848654117435217E-002
   4.5848673209547997E-002
   4.5849944464862347E-002
   4.5851357281208038E-002
   4.5852712355554104E-002
   4.5859769918024540E-002
   4.5860205776989460E-002
   4.5862468425184488E-002
   4.5867036562412977E-002
   4.5870910398662090E-002
   4.5875849202275276E-002
   4.5878897886723280E-002
   4.5881827361881733E-002
   4.5888120308518410E-002
   4.5889083761721849E-002
   4.5889620203524828E-002
   4.5890009962022305E-002
   4.5890300069004297E-002
   4.5892331283539534E-002
   4.5893664937466383E-002
   4.5893897768110037E-002
   4.5899308752268553E-002
   4.5900964643806219E-002
   4.5903408434242010E-002
   4.5906180515885353E-002
   4.5907354447990656E-002
   4.5908551197499037E-002
   4.5908966567367315E-002
   4.5910499989986420E-002
   4.5911291148513556E-002
   4.5916263945400715E-002
   4.5919199939817190E-002
   4.5921178068965673E-002
   4.5921206008642912E-002
   4.5923099853098392E-002
   4.5923568774014711E-002
   4.5933586079627275E-002
   4.5934534166008234E-002
   4.5938998460769653E-002
   4.5939873438328505E-002
   4.5942275784909725E-002
   4.5944284647703171E-002
   4.5947068370878696E-002
   4.5951363630592823E-002
   4.5952836517244577E-002
   4.5953798573464155E-002
   4.5954324770718813E-002
   4.5955057721585035E-002
   4.5960506889969110E-002
   4.5960789080709219E-002
   4.5960805844515562E-002
   4.5969831291586161E-002
   4.5977517496794462E-002
   4.5978132169693708E-002
   4.5978294685482979E-002
   4.5979530550539494E-002
   4.5982489362359047E-002
   4.5984683558344841E-002
   4.5984954573214054E-002
   4.5989614445716143E-002
   4.5992436818778515E-002
   4.5993922743946314E-002
   4.5997238717973232E-002
   4.6001817565411329E-002
   4.6004968229681253E-002
   4.6011082362383604E-002
   4.6011731028556824E-002
   4.6012745704501867E-002
   4.6012746170163155E-002
   4.6014239545911551E-002
   4.6015219297260046E-002
   4.6016292180866003E-002
   4.6018738299608231E-002
   4.6019132249057293E-002
   4.6021859161555767E-002
   4.6022364404052496E-002
   4.6024930663406849E-002
   4.6025426127016544E-002
   4.6029459219425917E-002
   4.6030221972614527E-002
   4.6030435245484114E-002
   4.6035257633775473E-002
   4.6035740990191698E-002
   4.6037645544856787E-002
   4.6037704218178988E-002
   4.6038480009883642E-002
   4.6042120084166527E-002
   4.6044847927987576E-002
   4.6046454459428787E-002
   4.6050635632127523E-002
   4.6061519999057055E-002
   4.6062560286372900E-002
   4.6063072048127651E-002
   4.6066004782915115E-002
   4.6066236216574907E-002
   4.6068804804235697E-002
   4.6070185955613852E-002
   4.6071824152022600E-002
   4.6075144782662392E-002
   4.6076601371169090E-002
   4.6078823041170835E-002
   4.6079122461378574E-002
   4.6079971827566624E-002
   4.6087264548987150E-002
   4.6087883878499269E-002
   4.6088129747658968E-002
   4.6088685747236013E-002
   4.6089349314570427E-002
   4.6092961914837360E-002
   4.6095849946141243E-002
   4.6095944941043854E-002
   4.6097498852759600E-002
   4.6098428312689066E-002
   4.6099123544991016E-002
   4.6099711675196886E-002
   4.6100097708404064E-002
   4.6103705186396837E-002
   4.6105757821351290E-002
   4.6107617206871510E-002
   4.6109268907457590E-002
   4.6109507326036692E-002
   4.6111057978123426E-002
   4.6116127632558346E-002
   4.6116627287119627E-002
   4.6119953505694866E-002
   4.6121560968458652E-002
   4.6121798455715179E-002
   4.6125821769237518E-002
   4.6128594782203436E-002
   4.6129782684147358E-002
   4.6131805516779423E-002
   4.6134079340845346E-002
   4.6137819532305002E-002
   4.6139462850987911E-002
   4.6140854246914387E-002
   4.6142077073454857E-002
   4.6142594423145056E-002
   4.6143170911818743E-002
   4.6144110616296530E-002
   4.6145527157932520E-002
   4.6146878506988287E-002
   4.6147308312356472E-002
   4.6147378161549568E-002
   4.6149247791618109E-002
   4.6154401730746031E-002
   4.6157204546034336E-002
   4.6157749835401773E-002
   4.6158976852893829E-002
   4.6159926336258650E-002
   4.6161452308297157E-002
   4.6162036247551441E-002
   4.6163629740476608E-002
   4.6165396459400654E-002
   4.6166350599378347E-002
   4.6167349908500910E-002
   4.6168280765414238E-002
   4.6169908251613379E-002
   4.6170399989932775E-002
   4.6174837742000818E-002
   4.6174954157322645E-002
   4.6175258699804544E-002
   4.6180338133126497E-002
   4.6181864105165005E-002
   4.6186001040041447E-002
   4.6186767518520355E-002
   4.6193462796509266E-002
   4.6194280963391066E-002
   4.6194659546017647E-002
   4.6195857692509890E-002
   4.6196332667022943E-002
   4.6196938026696444E-002
   4.6200325712561607E-002
   4.6202497556805611E-002
   4.6204988844692707E-002
   4.6207114588469267E-002
   4.6209319960325956E-002
   4.6213871799409389E-002
   4.6215148176997900E-002
   4.6217304188758135E-002
   4.6218418516218662E-002
   4.6219397801905870E-002
   4.6225157566368580E-002
   4.6227903105318546E-002
   4.6228924300521612E-002
   4.6230835840106010E-002
   4.6234663575887680E-002
   4.6235296875238419E-002
   4.6239155344665051E-002
   4.6240813564509153E-002
   4.6240885276347399E-002
   4.6241240575909615E-002
   4.6243093442171812E-002
   4.6246930956840515E-002
   4.6250277664512396E-002
   4.6251473482698202E-002
   4.6252167783677578E-002
   4.6252477448433638E-002
   4.6256320551037788E-002
   4.6258547343313694E-002
   4.6259587164968252E-002
   4.6260289382189512E-002
   4.6260455623269081E-002
   4.6260956674814224E-002
   4.6263098251074553E-002
   4.6263413969427347E-002
   4.6265281736850739E-002
   4.6265543904155493E-002
   4.6266159974038601E-002
   4.6266988851130009E-002
   4.6272119972854853E-002
   4.6275912318378687E-002
   4.6277966815978289E-002
   4.6278767287731171E-002
   4.6279128175228834E-002
   4.6284879092127085E-002
   4.6284897252917290E-002
   4.6285153832286596E-002
   4.6286524273455143E-002
   4.6286937315016985E-002
   4.6294826082885265E-002
   4.6294864732772112E-002
   4.6295266132801771E-002
   4.6295469161123037E-002
   4.6296984422951937E-002
   4.6298951376229525E-002
   4.6299171168357134E-002
   4.6300462447106838E-002
   4.6305051073431969E-002
   4.6305752824991941E-002
   4.6311114449054003E-002
   4.6314409468322992E-002
   4.6317274682223797E-002
   4.6318072360008955E-002
   4.6318503096699715E-002
   4.6318507287651300E-002
   4.6319094486534595E-002
   4.6321163419634104E-002
   4.6326652634888887E-002
   4.6327457763254642E-002
   4.6334440354257822E-002
   4.6335415914654732E-002
   4.6335546765476465E-002
   4.6336492057889700E-002
   4.6338010113686323E-002
   4.6338314656168222E-002
   4.6340148430317640E-002
   4.6341806184500456E-002
   4.6342154964804649E-002
   4.6342553570866585E-002
   4.6345787122845650E-002
   4.6351840253919363E-002
   4.6351980883628130E-002
   4.6352576464414597E-002
   4.6358088962733746E-002
   4.6359767206013203E-002
   4.6361038926988840E-002
   4.6364232897758484E-002
   4.6367532107979059E-002
   4.6368076466023922E-002
   4.6368886716663837E-002
   4.6369618270546198E-002
   4.6372013166546822E-002
   4.6374098397791386E-002
   4.6376748941838741E-002
   4.6379797160625458E-002
   4.6383612789213657E-002
   4.6387317590415478E-002
   4.6388825401663780E-002
   4.6389122959226370E-002
   4.6394600998610258E-002
   4.6400927007198334E-002
   4.6407739631831646E-002
   4.6408813446760178E-002
   4.6409454662352800E-002
   4.6412898227572441E-002
   4.6413636300712824E-002
   4.6416381839662790E-002
   4.6420630998909473E-002
   4.6421337407082319E-002
   4.6421999577432871E-002
   4.6423228457570076E-002
   4.6423635911196470E-002
   4.6429141424596310E-002
   4.6431140042841434E-002
   4.6432091854512691E-002
   4.6433296985924244E-002
   4.6435914468020201E-002
   4.6436725184321404E-002
   4.6438046265393496E-002
   4.6441709157079458E-002
   4.6443453989923000E-002
   4.6443539671599865E-002
   4.6445089392364025E-002
   4.6449432615190744E-002
   4.6450704336166382E-002
   4.6452661510556936E-002
   4.6452662907540798E-002
   4.6453703194856644E-002
   4.6454934868961573E-002
   4.6456805896013975E-002
   4.6459606382995844E-002
   4.6460019890218973E-002
   4.6460415236651897E-002
   4.6461141668260098E-002
   4.6461431309580803E-002
   4.6466632280498743E-002
   4.6469253953546286E-002
   4.6473197173327208E-002
   4.6473889611661434E-002
   4.6473957132548094E-002
   4.6477431431412697E-002
   4.6478569041937590E-002
   4.6482977923005819E-002
   4.6490236651152372E-002
   4.6491858083754778E-002
   4.6492520719766617E-002
   4.6493492089211941E-002
   4.6496315859258175E-002
   4.6496983151882887E-002
   4.6502586454153061E-002
   4.6503760386258364E-002
   4.6504641417413950E-002
   4.6506294980645180E-002
   4.6507448889315128E-002
   4.6508308034390211E-002
   4.6509187668561935E-002
   4.6511209569871426E-002
   4.6512838918715715E-002
   4.6514070592820644E-002
   4.6516069211065769E-002
   4.6516847331076860E-002
   4.6520969364792109E-002
   4.6521679032593966E-002
   4.6522280201315880E-002
   4.6523859724402428E-002
   4.6523922123014927E-002
   4.6524010132998228E-002
   4.6524653211236000E-002
   4.6525019221007824E-002
   4.6525046229362488E-002
   4.6526323538273573E-002
   4.6529260464012623E-002
   4.6529465820640326E-002
   4.6530337538570166E-002
   4.6531104017049074E-002
   4.6532768756151199E-002
   4.6534567140042782E-002
   4.6537120360881090E-002
   4.6542020980268717E-002
   4.6542175114154816E-002
   4.6543878968805075E-002
   4.6544954646378756E-002
   4.6546258032321930E-002
   4.6548489946871996E-002
   4.6549850143492222E-002
   4.6550005208700895E-002
   4.6551574021577835E-002
   4.6554798725992441E-002
   4.6558903064578772E-002
   4.6565050724893808E-002
   4.6571089886128902E-002
   4.6571437269449234E-002
   4.6572783030569553E-002
   4.6575368382036686E-002
   4.6576632652431726E-002
   4.6578535344451666E-002
   4.6578839421272278E-002
   4.6585253905504942E-002
   4.6585725620388985E-002
   4.6590576879680157E-002
   4.6590802725404501E-002
   4.6591767575591803E-002
   4.6593960840255022E-002
   4.6594317071139812E-002
   4.6594582498073578E-002
   4.6597212087363005E-002
   4.6598348300904036E-002
   4.6599579509347677E-002
   4.6599629335105419E-002
   4.6600059140473604E-002
   4.6600318513810635E-002
   4.6600546222180128E-002
   4.6600673347711563E-002
   4.6602094545960426E-002
   4.6604503411799669E-002
   4.6606387943029404E-002
   4.6610556077212095E-002
   4.6613049693405628E-002
   4.6613584272563457E-002
   4.6613783109933138E-002
   4.6614642255008221E-002
   4.6616576146334410E-002
   4.6617163810878992E-002
   4.6621867921203375E-002
   4.6622589696198702E-002
   4.6624899376183748E-002
   4.6626349445432425E-002
   4.6628326643258333E-002
   4.6632788144052029E-002
   4.6632798854261637E-002
   4.6634717378765345E-002
   4.6635709702968597E-002
   4.6641041990369558E-002
   4.6641222666949034E-002
   4.6643705107271671E-002
   4.6645523048937321E-002
   4.6646371018141508E-002
   4.6651578973978758E-002
   4.6654406469315290E-002
   4.6661749482154846E-002
   4.6662752050906420E-002
   4.6668664552271366E-002
   4.6670462936162949E-002
   4.6671133022755384E-002
   4.6672265976667404E-002
   4.6672411262989044E-002
   4.6673286240547895E-002
   4.6676140278577805E-002
   4.6683223452419043E-002
   4.6687443275004625E-002
   4.6689165756106377E-002
   4.6689697075635195E-002
   4.6692604664713144E-002
   4.6693747863173485E-002
   4.6693788841366768E-002
   4.6693933196365833E-002
   4.6696338336914778E-002
   4.6699200756847858E-002
   4.6700786799192429E-002
   4.6704757027328014E-002
   4.6706352848559618E-002
   4.6709848102182150E-002
   4.6711717266589403E-002
   4.6714124735444784E-002
   4.6719593927264214E-002
   4.6720106154680252E-002
   4.6720994170755148E-002
   4.6728995162993670E-002
   4.6731616370379925E-002
   4.6732653863728046E-002
   4.6732791699469090E-002
   4.6733215916901827E-002
   4.6736152842640877E-002
   4.6736436430364847E-002
   4.6737172175198793E-002
   4.6738028526306152E-002
   4.6738057862967253E-002
   4.6741766389459372E-002
   4.6745395287871361E-002
   4.6745811123400927E-002
   4.6752178575843573E-002
   4.6756114345043898E-002
   4.6757597941905260E-002
   4.6758734621107578E-002
   4.6760096680372953E-002
   4.6765708830207586E-002
   4.6767381951212883E-002
   4.6767810359597206E-002
   4.6768100932240486E-002
   4.6768301632255316E-002
   4.6768760774284601E-002
   4.6769835986196995E-002
   4.6774195041507483E-002
   4.6778720337897539E-002
   4.6779606025665998E-002
   4.6779843512922525E-002
   4.6780159696936607E-002
   4.6785817015916109E-002
   4.6786239836364985E-002
   4.6789987944066525E-002
   4.6792978886514902E-002
   4.6794061549007893E-002
   4.6794609166681767E-002
   4.6795668546110392E-002
   4.6798439230769873E-002
   4.6802156139165163E-002
   4.6804225072264671E-002
   4.6808271203190088E-002
   4.6815302688628435E-002
   4.6815811656415462E-002
   4.6815948560833931E-002
   4.6816727612167597E-002
   4.6818353235721588E-002
   4.6825843397527933E-002
   4.6831307001411915E-002
   4.6832066494971514E-002
   4.6833671629428864E-002
   4.6836238820105791E-002
   4.6836982015520334E-002
   4.6837233938276768E-002
   4.6840483788400888E-002
   4.6842121984809637E-002
   4.6842448879033327E-002
   4.6842841897159815E-002
   4.6842948533594608E-002
   4.6844049822539091E-002
   4.6850809827446938E-002
   4.6851231716573238E-002
   4.6853682491928339E-002
   4.6854989603161812E-002
   4.6856447122991085E-002
   4.6859211288392544E-002
   4.6859640162438154E-002
   4.6860177535563707E-002
   4.6861341223120689E-002
   4.6861401293426752E-002
   4.6865440439432859E-002
   4.6868275385349989E-002
   4.6869994606822729E-002
   4.6873347833752632E-002
   4.6878381632268429E-002
   4.6882333699613810E-002
   4.6882586088031530E-002
   4.6883683186024427E-002
   4.6886738855391741E-002
   4.6887330245226622E-002
   4.6891255769878626E-002
   4.6891696285456419E-002
   4.6893668826669455E-002
   4.6896073035895824E-002
   4.6897482126951218E-002
   4.6898568049073219E-002
   4.6898773871362209E-002
   4.6899520326405764E-002
   4.6900251414626837E-002
   4.6903974376618862E-002
   4.6904665883630514E-002
   4.6907042153179646E-002
   4.6907363459467888E-002
   4.6907592564821243E-002
   4.6909390948712826E-002
   4.6917469240725040E-002
   4.6921325847506523E-002
   4.6923960093408823E-002
   4.6925133559852839E-002
   4.6931047458201647E-002
   4.6931263525038958E-002
   4.6931377146393061E-002
   4.6931676566600800E-002
   4.6938481740653515E-002
   4.6938867308199406E-002
   4.6942288056015968E-002
   4.6948668546974659E-002
   4.6950574964284897E-002
   4.6958542894572020E-002
   4.6963180415332317E-002
   4.6965964138507843E-002
   4.6967056114226580E-002
   4.6972143463790417E-002
   4.6972268261015415E-002
   4.6974841970950365E-002
   4.6978959813714027E-002
   4.6981045044958591E-002
   4.6984115149825811E-002
   4.6987117268145084E-002
   4.6988841146230698E-002
   4.6991223935037851E-002
   4.6994798816740513E-002
   4.6996627934277058E-002
   4.6997650060802698E-002
   4.7000122722238302E-002
   4.7000288031995296E-002
   4.7000830527395010E-002
   4.7001229133456945E-002
   4.7003001440316439E-002
   4.7005615662783384E-002
   4.7006446402519941E-002
   4.7007105778902769E-002
   4.7008066438138485E-002
   4.7010284382849932E-002
   4.7018590383231640E-002
   4.7022507060319185E-002
   4.7023038379848003E-002
   4.7023359220474958E-002
   4.7023868188261986E-002
   4.7024078667163849E-002
   4.7025173436850309E-002
   4.7025650274008512E-002
   4.7026542481034994E-002
   4.7029338777065277E-002
   4.7030132263898849E-002
   4.7030874527990818E-002
   4.7031681519001722E-002
   4.7033317852765322E-002
   4.7034581657499075E-002
   4.7035166062414646E-002
   4.7035388182848692E-002
   4.7036060597747564E-002
   4.7036487609148026E-002
   4.7046264633536339E-002
   4.7046558000147343E-002
   4.7049591317772865E-002
   4.7052714973688126E-002
   4.7054994851350784E-002
   4.7055231407284737E-002
   4.7059191856533289E-002
   4.7062269411981106E-002
   4.7066096216440201E-002
   4.7067419625818729E-002
   4.7067782841622829E-002
   4.7068995889276266E-002
   4.7075458336621523E-002
   4.7076693270355463E-002
   4.7076811548322439E-002
   4.7077836468815804E-002
   4.7080330085009336E-002
   4.7080366872251034E-002
   4.7082751523703337E-002
   4.7083120327442884E-002
   4.7085886821150780E-002
   4.7086775768548250E-002
   4.7090851236134768E-002
   4.7092552296817303E-002
   4.7093949746340513E-002
   4.7095576301217079E-002
   4.7095981892198324E-002
   4.7098367940634489E-002
   4.7098812647163868E-002
   4.7098863869905472E-002
   4.7101027797907591E-002
   4.7103264369070530E-002
   4.7103589400649071E-002
   4.7110061161220074E-002
   4.7112416476011276E-002
   4.7116536647081375E-002
   4.7118156682699919E-002
   4.7118903603404760E-002
   4.7121502459049225E-002
   4.7121607232838869E-002
   4.7125371173024178E-002
   4.7127184923738241E-002
   4.7128060366958380E-002
   4.7128701582551003E-002
   4.7131373547017574E-002
   4.7132701613008976E-002
   4.7133123502135277E-002
   4.7136542852967978E-002
   4.7137810848653316E-002
   4.7140066046267748E-002
   4.7140491660684347E-002
   4.7143443021923304E-002
   4.7144935000687838E-002
   4.7147267963737249E-002
   4.7151261940598488E-002
   4.7151513863354921E-002
   4.7152405604720116E-002
   4.7153188847005367E-002
   4.7154039144515991E-002
   4.7155497595667839E-002
   4.7161580994725227E-002
   4.7161770053207874E-002
   4.7164777759462595E-002
   4.7164779156446457E-002
   4.7166708856821060E-002
   4.7168416436761618E-002
   4.7172871418297291E-002
   4.7173521947115660E-002
   4.7174316830933094E-002
   4.7176362946629524E-002
   4.7177113592624664E-002
   4.7177849803119898E-002
   4.7180052846670151E-002
   4.7184325288981199E-002
   4.7189693897962570E-002
   4.7191607300192118E-002
   4.7192056197673082E-002
   4.7192512545734644E-002
   4.7197634354233742E-002
   4.7197656240314245E-002
   4.7198642510920763E-002
   4.7200421337038279E-002
   4.7203456982970238E-002
   4.7207578551024199E-002
   4.7214074991643429E-002
   4.7217160463333130E-002
   4.7217945568263531E-002
   4.7217963729053736E-002
   4.7218193765729666E-002
   4.7220908571034670E-002
   4.7221559099853039E-002
   4.7224250622093678E-002
   4.7225317452102900E-002
   4.7225803602486849E-002
   4.7233730554580688E-002
   4.7233875375241041E-002
   4.7237020917236805E-002
   4.7238005790859461E-002
   4.7238729894161224E-002
   4.7239448409527540E-002
   4.7240056097507477E-002
   4.7240222338587046E-002
   4.7242081258445978E-002
   4.7248120885342360E-002
   4.7252179589122534E-002
   4.7253048513084650E-002
   4.7253735829144716E-002
   4.7257564961910248E-002
   4.7260225284844637E-002
   4.7261631581932306E-002
   4.7264558263123035E-002
   4.7265628352761269E-002
   4.7267475165426731E-002
   4.7272867057472467E-002
   4.7273878939449787E-002
   4.7274417243897915E-002
   4.7278728801757097E-002
   4.7279615886509418E-002
   4.7281165141612291E-002
   4.7283810097724199E-002
   4.7284480649977922E-002
   4.7286821063607931E-002
   4.7287909779697657E-002
   4.7289556823670864E-002
   4.7290314454585314E-002
   4.7295929864048958E-002
   4.7295982018113136E-002
   4.7300036530941725E-002
   4.7300891485065222E-002
   4.7301121056079865E-002
   4.7303444705903530E-002
   4.7304373700171709E-002
   4.7304834704846144E-002
   4.7305012121796608E-002
   4.7308380715548992E-002
   4.7308973968029022E-002
   4.7312533017247915E-002
   4.7312652226537466E-002
   4.7313679940998554E-002
   4.7315865289419889E-002
   4.7318702563643456E-002
   4.7319246921688318E-002
   4.7321854159235954E-002
   4.7321955673396587E-002
   4.7322326805442572E-002
   4.7324798069894314E-002
   4.7325392719358206E-002
   4.7328755725175142E-002
   4.7331098932772875E-002
   4.7334903385490179E-002
   4.7336471732705832E-002
   4.7336801886558533E-002
   4.7339384444057941E-002
   4.7339468728750944E-002
   4.7340186778455973E-002
   4.7340474557131529E-002
   4.7341434285044670E-002
   4.7342012636363506E-002
   4.7342347912490368E-002
   4.7343947924673557E-002
   4.7347062267363071E-002
   4.7347098123282194E-002
   4.7347586601972580E-002
   4.7348008491098881E-002
   4.7348793596029282E-002
   4.7349915839731693E-002
   4.7350239474326372E-002
   4.7355449292808771E-002
   4.7356452792882919E-002
   4.7357062343508005E-002
   4.7357304953038692E-002
   4.7363210003823042E-002
   4.7364308498799801E-002
   4.7364551108330488E-002
   4.7366071026772261E-002
   4.7366109676659107E-002
   4.7370651271194220E-002
   4.7376899048686028E-002
   4.7378908377140760E-002
   4.7379704192280769E-002
   4.7380802221596241E-002
   4.7382887918502092E-002
   4.7385610174387693E-002
   4.7385996673256159E-002
   4.7386798076331615E-002
   4.7389059793204069E-002
   4.7390786930918694E-002
   4.7392928972840309E-002
   4.7393023967742920E-002
   4.7394791152328253E-002
   4.7395796980708838E-002
   4.7399029601365328E-002
   4.7401793766766787E-002
   4.7405087389051914E-002
   4.7405684366822243E-002
   4.7405872493982315E-002
   4.7408620361238718E-002
   4.7410367988049984E-002
   4.7414524480700493E-002
   4.7414613422006369E-002
   4.7414921224117279E-002
   4.7417370136827230E-002
   4.7417596448212862E-002
   4.7418705653399229E-002
   4.7418983653187752E-002
   4.7420176677405834E-002
   4.7420900315046310E-002
   4.7423316165804863E-002
   4.7424638643860817E-002
   4.7425266820937395E-002
   4.7425851691514254E-002
   4.7426173929125071E-002
   4.7428201884031296E-002
   4.7429562080651522E-002
   4.7435915563255548E-002
   4.7436178661882877E-002
   4.7441520262509584E-002
   4.7442758455872536E-002
   4.7447990626096725E-002
   4.7447998542338610E-002
   4.7448738478124142E-002
   4.7450642567127943E-002
   4.7453151550143957E-002
   4.7459767665714025E-002
   4.7460591420531273E-002
   4.7460868954658508E-002
   4.7462963964790106E-002
   4.7463450115174055E-002
   4.7463562805205584E-002
   4.7469982877373695E-002
   4.7469997778534889E-002
   4.7475233208388090E-002
   4.7479092609137297E-002
   4.7481699846684933E-002
   4.7483155038207769E-002
   4.7483998350799084E-002
   4.7485115937888622E-002
   4.7486268449574709E-002
   4.7486296854913235E-002
   4.7486902680248022E-002
   4.7488776501268148E-002
   4.7488819342106581E-002
   4.7491851728409529E-002
   4.7492006327956915E-002
   4.7495980747044086E-002
   4.7496248967945576E-002
   4.7496355138719082E-002
   4.7496553510427475E-002
   4.7496843617409468E-002
   4.7497295774519444E-002
   4.7498761676251888E-002
   4.7499510459601879E-002
   4.7501442953944206E-002
   4.7503079287707806E-002
   4.7503093257546425E-002
   4.7506184317171574E-002
   4.7507696319371462E-002
   4.7513382043689489E-002
   4.7513384371995926E-002
   4.7514238394796848E-002
   4.7514908481389284E-002
   4.7516399528831244E-002
   4.7517779283225536E-002
   4.7519490122795105E-002
   4.7521592117846012E-002
   4.7521690372377634E-002
   4.7522076871246099E-002
   4.7522414941340685E-002
   4.7525505069643259E-002
   4.7527076676487923E-002
   4.7529927454888821E-002
   4.7534570097923279E-002
   4.7534949611872435E-002
   4.7535564284771681E-002
   4.7536078840494156E-002
   4.7536205500364304E-002
   4.7536607831716537E-002
   4.7536958009004593E-002
   4.7537079546600580E-002
   4.7541901003569365E-002
   4.7543379478156567E-002
   4.7557950951159000E-002
   4.7559595666825771E-002
   4.7559671103954315E-002
   4.7562659252434969E-002
   4.7564214095473289E-002
   4.7569606453180313E-002
   4.7569707967340946E-002
   4.7572156414389610E-002
   4.7576110810041428E-002
   4.7576382756233215E-002
   4.7576508950442076E-002
   4.7577596269547939E-002
   4.7578108962625265E-002
   4.7580527141690254E-002
   4.7582277096807957E-002
   4.7584376297891140E-002
   4.7586167231202126E-002
   4.7586222179234028E-002
   4.7591219190508127E-002
   4.7592298593372107E-002
   4.7599797602742910E-002
   4.7603827901184559E-002
   4.7607742249965668E-002
   4.7615876886993647E-002
   4.7616202849894762E-002
   4.7617506701499224E-002
   4.7618463169783354E-002
   4.7620070166885853E-002
   4.7622778452932835E-002
   4.7623037826269865E-002
   4.7626336570829153E-002
   4.7627755906432867E-002
   4.7632141504436731E-002
   4.7641855198889971E-002
   4.7642027493566275E-002
   4.7643349505960941E-002
   4.7643890138715506E-002
   4.7648567240685225E-002
   4.7648596111685038E-002
   4.7650907188653946E-002
   4.7653665766119957E-002
   4.7655144240707159E-002
   4.7657653223723173E-002
   4.7662949655205011E-002
   4.7663627658039331E-002
   4.7663925681263208E-002
   4.7664317302405834E-002
   4.7669737599790096E-002
   4.7673273831605911E-002
   4.7673393506556749E-002
   4.7673566266894341E-002
   4.7674066387116909E-002
   4.7677646856755018E-002
   4.7679696232080460E-002
   4.7679767943918705E-002
   4.7684384509921074E-002
   4.7687089536339045E-002
   4.7692803200334311E-002
   4.7697179950773716E-002
   4.7700773924589157E-002
   4.7703916672617197E-002
   4.7706789337098598E-002
   4.7709881328046322E-002
   4.7718144487589598E-002
   4.7719158232212067E-002
   4.7719409223645926E-002
   4.7719669062644243E-002
   4.7724564094096422E-002
   4.7724843025207520E-002
   4.7725477255880833E-002
   4.7725576441735029E-002
   4.7727505210787058E-002
   4.7729696147143841E-002
   4.7731488943099976E-002
   4.7731924336403608E-002
   4.7734295483678579E-002
   4.7734674531966448E-002
   4.7742452938109636E-002
   4.7743075061589479E-002
   4.7744112554937601E-002
   4.7746130265295506E-002
   4.7747794073075056E-002
   4.7751566860824823E-002
   4.7754239290952682E-002
   4.7754426021128893E-002
   4.7754430677741766E-002
   4.7755054198205471E-002
   4.7755764331668615E-002
   4.7755986452102661E-002
   4.7757408581674099E-002
   4.7764340415596962E-002
   4.7766009345650673E-002
   4.7769820317625999E-002
   4.7770403791218996E-002
   4.7774310223758221E-002
   4.7776523511856794E-002
   4.7779708635061979E-002
   4.7782502137124538E-002
   4.7782621812075377E-002
   4.7786731272935867E-002
   4.7789405100047588E-002
   4.7789559233933687E-002
   4.7789854928851128E-002
   4.7794117126613855E-002
   4.7794351354241371E-002
   4.7796141821891069E-002
   4.7796318307518959E-002
   4.7797608654946089E-002
   4.7798674553632736E-002
   4.7798929270356894E-002
   4.7802808694541454E-002
   4.7805049922317266E-002
   4.7806990332901478E-002
   4.7808162868022919E-002
   4.7810256481170654E-002
   4.7812992706894875E-002
   4.7814712394028902E-002
   4.7815252561122179E-002
   4.7815554309636354E-002
   4.7816932201385498E-002
   4.7816992737352848E-002
   4.7818728722631931E-002
   4.7818801831454039E-002
   4.7822247259318829E-002
   4.7822852618992329E-002
   4.7826302703469992E-002
   4.7828542534261942E-002
   4.7830433584749699E-002
   4.7831458039581776E-002
   4.7831926494836807E-002
   4.7831973526626825E-002
   4.7836126759648323E-002
   4.7836577519774437E-002
   4.7838645987212658E-002
   4.7839682083576918E-002
   4.7844161745160818E-002
   4.7847028821706772E-002
   4.7847795765846968E-002
   4.7851382289081812E-002
   4.7853567637503147E-002
   4.7853585332632065E-002
   4.7855141106992960E-002
   4.7857047058641911E-002
   4.7859957907348871E-002
   4.7861141618341208E-002
   4.7866339329630136E-002
   4.7866967041045427E-002
   4.7867885790765285E-002
   4.7870452050119638E-002
   4.7872965689748526E-002
   4.7873634845018387E-002
   4.7878896351903677E-002
   4.7878925222903490E-002
   4.7881159000098705E-002
   4.7882878221571445E-002
   4.7888461034744978E-002
   4.7892104834318161E-002
   4.7892209142446518E-002
   4.7892601694911718E-002
   4.7895499970763922E-002
   4.7896933741867542E-002
   4.7900625504553318E-002
   4.7902761027216911E-002
   4.7905124258249998E-002
   4.7909404616802931E-002
   4.7910430002957582E-002
   4.7911075875163078E-002
   4.7912661451846361E-002
   4.7915089409798384E-002
   4.7916172072291374E-002
   4.7921323217451572E-002
   4.7924190759658813E-002
   4.7926175873726606E-002
   4.7926745843142271E-002
   4.7927287407219410E-002
   4.7932223416864872E-002
   4.7932540997862816E-002
   4.7933923080563545E-002
   4.7937352675944567E-002
   4.7941483091562986E-002
   4.7941912431269884E-002
   4.7942985314875841E-002
   4.7943037003278732E-002
   4.7945979516953230E-002
   4.7949475236237049E-002
   4.7952591441571712E-002
   4.7954247798770666E-002
   4.7954769339412451E-002
   4.7955914400517941E-002
   4.7957719769328833E-002
   4.7959752846509218E-002
   4.7962776850908995E-002
   4.7963661607354879E-002
   4.7964126337319613E-002
   4.7969614621251822E-002
   4.7973036300390959E-002
   4.7973856329917908E-002
   4.7974210232496262E-002
   4.7977681737393141E-002
   4.7979857772588730E-002
   4.7980463132262230E-002
   4.7980693634599447E-002
   4.7982873395085335E-002
   4.7983244992792606E-002
   4.7984133008867502E-002
   4.7984339296817780E-002
   4.7986369114369154E-002
   4.7987385187298059E-002
   4.7988579608500004E-002
   4.7989585902541876E-002
   4.7992468811571598E-002
   4.7994611319154501E-002
   4.7998779453337193E-002
   4.8003461677581072E-002
   4.8008882440626621E-002
   4.8008936457335949E-002
   4.8009386286139488E-002
   4.8010743688791990E-002
   4.8013204243034124E-002
   4.8016333021223545E-002
   4.8022031784057617E-002
   4.8022711649537086E-002
   4.8025267664343119E-002
   4.8025411088019609E-002
   4.8026532400399446E-002
   4.8027727287262678E-002
   4.8027941025793552E-002
   4.8028842546045780E-002
   4.8033662606030703E-002
   4.8035287298262119E-002
   4.8035325482487679E-002
   4.8035481479018927E-002
   4.8038475681096315E-002
   4.8040939029306173E-002
   4.8041375353932381E-002
   4.8044370952993631E-002
   4.8044374678283930E-002
   4.8046303447335958E-002
   4.8048929311335087E-002
   4.8049674369394779E-002
   4.8051730263978243E-002
   4.8052847385406494E-002
   4.8053528182208538E-002
   4.8054991289973259E-002
   4.8057430423796177E-002
   4.8057699576020241E-002
   4.8058042302727699E-002
   4.8059512861073017E-002
   4.8063049558550119E-002
   4.8064097762107849E-002
   4.8065584618598223E-002
   4.8065715935081244E-002
   4.8075295053422451E-002
   4.8076493665575981E-002
   4.8078016377985477E-002
   4.8078213352710009E-002
   4.8089009709656239E-002
   4.8089811112731695E-002
   4.8090894240885973E-002
   4.8093907069414854E-002
   4.8097158316522837E-002
   4.8097158782184124E-002
   4.8098668456077576E-002
   4.8099241685122252E-002
   4.8099838197231293E-002
   4.8099922016263008E-002
   4.8103094100952148E-002
   4.8105585854500532E-002
   4.8105824738740921E-002
   4.8110055271536112E-002
   4.8117409460246563E-002
   4.8117860686033964E-002
   4.8121611122041941E-002
   4.8121781554073095E-002
   4.8122436273843050E-002
   4.8127135261893272E-002
   4.8128789290785789E-002
   4.8129687551409006E-002
   4.8130256123840809E-002
   4.8131582327187061E-002
   4.8136345576494932E-002
   4.8139710444957018E-002
   4.8140793107450008E-002
   4.8141599632799625E-002
   4.8143820837140083E-002
   4.8145753331482410E-002
   4.8151225317269564E-002
   4.8151322174817324E-002
   4.8152196686714888E-002
   4.8155912663787603E-002
   4.8156063072383404E-002
   4.8162433784455061E-002
   4.8163187690079212E-002
   4.8165078274905682E-002
   4.8166789580136538E-002
   4.8173708841204643E-002
   4.8174025025218725E-002
   4.8175944481045008E-002
   4.8180227633565664E-002
   4.8180401325225830E-002
   4.8181676305830479E-002
   4.8181832768023014E-002
   4.8183432314544916E-002
   4.8185955733060837E-002
   4.8186093568801880E-002
   4.8186567611992359E-002
   4.8186675179749727E-002
   4.8192409798502922E-002
   4.8193460330367088E-002
   4.8193547409027815E-002
   4.8194179777055979E-002
   4.8194194678217173E-002
   4.8197581432759762E-002
   4.8198069445788860E-002
   4.8204226419329643E-002
   4.8207419924438000E-002
   4.8210593871772289E-002
   4.8211956396698952E-002
   4.8212595749646425E-002
   4.8214846290647984E-002
   4.8215133138000965E-002
   4.8216478899121284E-002
   4.8216590657830238E-002
   4.8219996504485607E-002
   4.8222519923001528E-002
   4.8223410267382860E-002
   4.8224336933344603E-002
   4.8225077800452709E-002
   4.8235062509775162E-002
   4.8236459027975798E-002
   4.8238834366202354E-002
   4.8248517327010632E-002
   4.8250860068947077E-002
   4.8251495696604252E-002
   4.8251937609165907E-002
   4.8255552072077990E-002
   4.8255886416882277E-002
   4.8256018199026585E-002
   4.8256767448037863E-002
   4.8259727656841278E-002
   4.8260108102113008E-002
   4.8260340001434088E-002
   4.8263801727443933E-002
   4.8266218975186348E-002
   4.8268899787217379E-002
   4.8270928673446178E-002
   4.8271372448652983E-002
   4.8272314947098494E-002
   4.8272557090967894E-002
   4.8273119144141674E-002
   4.8274694476276636E-002
   4.8278083559125662E-002
   4.8282823525369167E-002
   4.8282902222126722E-002
   4.8287142999470234E-002
   4.8289238940924406E-002
   4.8290221951901913E-002
   4.8292879015207291E-002
   4.8294618725776672E-002
   4.8295904416590929E-002
   4.8298145644366741E-002
   4.8298847395926714E-002
   4.8299498856067657E-002
   4.8303182236850262E-002
   4.8303659539669752E-002
   4.8304223921149969E-002
   4.8308468889445066E-002
   4.8309949692338705E-002
   4.8312389757484198E-002
   4.8312415368855000E-002
   4.8313382081687450E-002
   4.8313961829990149E-002
   4.8316549509763718E-002
   4.8318926710635424E-002
   4.8321886919438839E-002
   4.8322691116482019E-002
   4.8323150258511305E-002
   4.8324482981115580E-002
   4.8325929790735245E-002
   4.8328217118978500E-002
   4.8330815508961678E-002
   4.8331106081604958E-002
   4.8331151250749826E-002
   4.8331731464713812E-002
   4.8331906553357840E-002
   4.8332775477319956E-002
   4.8337333835661411E-002
   4.8338090535253286E-002
   4.8340231180191040E-002
   4.8343284055590630E-002
   4.8344111070036888E-002
   4.8346314579248428E-002
   4.8347184900194407E-002
   4.8347734846174717E-002
   4.8347738105803728E-002
   4.8349320422858000E-002
   4.8353611957281828E-002
   4.8355085309594870E-002
   4.8356410581618547E-002
   4.8358384054154158E-002
   4.8367756884545088E-002
   4.8368455376476049E-002
   4.8370266798883677E-002
   4.8370507545769215E-002
   4.8376042861491442E-002
   4.8377520404756069E-002
   4.8378021456301212E-002
   4.8379424028098583E-002
   4.8381679225713015E-002
   4.8381885048002005E-002
   4.8382886219769716E-002
   4.8387444112449884E-002
   4.8388137482106686E-002
   4.8389012459665537E-002
   4.8392177559435368E-002
   4.8392852302640676E-002
   4.8400761559605598E-002
   4.8403179738670588E-002
   4.8404605593532324E-002
   4.8409265931695700E-002
   4.8411518335342407E-002
   4.8414754681289196E-002
   4.8416827339679003E-002
   4.8420902341604233E-002
   4.8424769192934036E-002
   4.8426206223666668E-002
   4.8428524751216173E-002
   4.8429334070533514E-002
   4.8429597169160843E-002
   4.8429621383547783E-002
   4.8431252595037222E-002
   4.8432925250381231E-002
   4.8434212803840637E-002
   4.8439314123243093E-002
   4.8440992832183838E-002
   4.8443808220326900E-002
   4.8443905077874660E-002
   4.8449513036757708E-002
   4.8450690228492022E-002
   4.8451569862663746E-002
   4.8457640223205090E-002
   4.8458887264132500E-002
   4.8459598328918219E-002
   4.8460733611136675E-002
   4.8461308237165213E-002
   4.8466553445905447E-002
   4.8468804918229580E-002
   4.8468964174389839E-002
   4.8471140209585428E-002
   4.8472622875124216E-002
   4.8472957685589790E-002
   4.8474540933966637E-002
   4.8476105090230703E-002
   4.8476527910679579E-002
   4.8476812895387411E-002
   4.8477015923708677E-002
   4.8478890210390091E-002
   4.8483420629054308E-002
   4.8486789222806692E-002
   4.8487816005945206E-002
   4.8487960826605558E-002
   4.8488452564924955E-002
   4.8489633016288280E-002
   4.8490345478057861E-002
   4.8497338779270649E-002
   4.8497737385332584E-002
   4.8500675708055496E-002
   4.8501641489565372E-002
   4.8505264800041914E-002
   4.8506035935133696E-002
   4.8506197053939104E-002
   4.8508522100746632E-002
   4.8509081359952688E-002
   4.8510903026908636E-002
   4.8512009438127279E-002
   4.8512957990169525E-002
   4.8517186194658279E-002
   4.8518984112888575E-002
   4.8518992029130459E-002
   4.8520789481699467E-002
   4.8523056320846081E-002
   4.8528204206377268E-002
   4.8529567662626505E-002
   4.8536771442741156E-002
   4.8539632000029087E-002
   4.8546528909355402E-002
   4.8546738456934690E-002
   4.8549179453402758E-002
   4.8552992288023233E-002
   4.8553123138844967E-002
   4.8557020723819733E-002
   4.8558833543211222E-002
   4.8559205606579781E-002
   4.8559532035142183E-002
   4.8562849406152964E-002
   4.8565144650638103E-002
   4.8565464094281197E-002
   4.8570840153843164E-002
   4.8574700020253658E-002
   4.8579745460301638E-002
   4.8582513350993395E-002
   4.8583487514406443E-002
   4.8583909869194031E-002
   4.8586939927190542E-002
   4.8588614445179701E-002
   4.8590124584734440E-002
   4.8590200021862984E-002
   4.8590413294732571E-002
   4.8591483850032091E-002
   4.8591662198305130E-002
   4.8592188861221075E-002
   4.8592901322990656E-002
   4.8597816843539476E-002
   4.8599192872643471E-002
   4.8600827343761921E-002
   4.8603358212858438E-002
   4.8605426680296659E-002
   4.8605804797261953E-002
   4.8610295634716749E-002
   4.8611093312501907E-002
   4.8620987217873335E-002
   4.8621271271258593E-002
   4.8622157890349627E-002
   4.8623629380017519E-002
   4.8628918826580048E-002
   4.8630238976329565E-002
   4.8631558194756508E-002
   4.8632801044732332E-002
   4.8633281141519547E-002
   4.8637475352734327E-002
   4.8638174775987864E-002
   4.8638706561177969E-002
   4.8639860469847918E-002
   4.8641583882272243E-002
   4.8643662128597498E-002
   4.8646488692611456E-002
   4.8652795143425465E-002
   4.8654186539351940E-002
   4.8654714599251747E-002
   4.8656099010258913E-002
   4.8656247556209564E-002
   4.8657671548426151E-002
   4.8658824060112238E-002
   4.8661164008080959E-002
   4.8661719541996717E-002
   4.8663814552128315E-002
   4.8665417823940516E-002
   4.8668057657778263E-002
   4.8668704926967621E-002
   4.8669711221009493E-002
   4.8674359917640686E-002
   4.8674881923943758E-002
   4.8677281476557255E-002
   4.8681405838578939E-002
   4.8683611676096916E-002
   4.8687686678022146E-002
   4.8688989132642746E-002
   4.8692332580685616E-002
   4.8697404097765684E-002
   4.8698179889470339E-002
   4.8698614351451397E-002
   4.8701615072786808E-002
   4.8703994601964951E-002
   4.8704853747040033E-002
   4.8705691006034613E-002
   4.8707857262343168E-002
   4.8709407914429903E-002
   4.8711131326854229E-002
   4.8711156006902456E-002
   4.8717345111072063E-002
   4.8717696219682693E-002
   4.8719079699367285E-002
   4.8725565429776907E-002
   4.8726643901318312E-002
   4.8728955443948507E-002
   4.8729972448199987E-002
   4.8731102608144283E-002
   4.8732165247201920E-002
   4.8733255825936794E-002
   4.8735124059021473E-002
   4.8735873308032751E-002
   4.8738550394773483E-002
   4.8739987891167402E-002
   4.8741472885012627E-002
   4.8743650782853365E-002
   4.8743830528110266E-002
   4.8750986345112324E-002
   4.8752019181847572E-002
   4.8755154944956303E-002
   4.8755712341517210E-002
   4.8756130039691925E-002
   4.8758030869066715E-002
   4.8759022261947393E-002
   4.8760036006569862E-002
   4.8760872334241867E-002
   4.8762239050120115E-002
   4.8763087484985590E-002
   4.8764529172331095E-002
   4.8764735460281372E-002
   4.8765301238745451E-002
   4.8767292406409979E-002
   4.8775176052004099E-002
   4.8776803538203239E-002
   4.8779877834022045E-002
   4.8781048506498337E-002
   4.8781313467770815E-002
   4.8782098107039928E-002
   4.8782391007989645E-002
   4.8784043639898300E-002
   4.8784825950860977E-002
   4.8789168242365122E-002
   4.8789794556796551E-002
   4.8790007829666138E-002
   4.8801576718688011E-002
   4.8803788609802723E-002
   4.8805102705955505E-002
   4.8806461971253157E-002
   4.8806487582623959E-002
   4.8806584440171719E-002
   4.8808822408318520E-002
   4.8813287168741226E-002
   4.8814726993441582E-002
   4.8817027360200882E-002
   4.8818157520145178E-002
   4.8820426687598228E-002
   4.8822254873812199E-002
   4.8823152668774128E-002
   4.8823795747011900E-002
   4.8825173173099756E-002
   4.8826169688254595E-002
   4.8828386235982180E-002
   4.8830789513885975E-002
   4.8834123648703098E-002
   4.8835275694727898E-002
   4.8836997710168362E-002
   4.8837183043360710E-002
   4.8837754875421524E-002
   4.8838381189852953E-002
   4.8838801681995392E-002
   4.8839237075299025E-002
   4.8839672468602657E-002
   4.8844520002603531E-002
   4.8844876233488321E-002
   4.8845012206584215E-002
   4.8846483230590820E-002
   4.8847808968275785E-002
   4.8847999889403582E-002
   4.8850828781723976E-002
   4.8850951250642538E-002
   4.8853268381208181E-002
   4.8856952693313360E-002
   4.8859769944101572E-002
   4.8860004171729088E-002
   4.8861448187381029E-002
   4.8861514311283827E-002
   4.8862412571907043E-002
   4.8862732946872711E-002
   4.8862836789339781E-002
   4.8866981174796820E-002
   4.8869526945054531E-002
   4.8870469443500042E-002
   4.8872131388634443E-002
   4.8873832449316978E-002
   4.8877446446567774E-002
   4.8881749622523785E-002
   4.8884112853556871E-002
   4.8886457923799753E-002
   4.8886551987379789E-002
   4.8887527082115412E-002
   4.8889194615185261E-002
   4.8890069127082825E-002
   4.8890479374676943E-002
   4.8892099410295486E-002
   4.8893863335251808E-002
   4.8894429113715887E-002
   4.8895168118178844E-002
   4.8899264074862003E-002
   4.8900250345468521E-002
   4.8901003785431385E-002
   4.8902194015681744E-002
   4.8905928153544664E-002
   4.8906955402344465E-002
   4.8907162155956030E-002
   4.8909714445471764E-002
   4.8911196645349264E-002
   4.8913944512605667E-002
   4.8918932676315308E-002
   4.8919414170086384E-002
   4.8919983208179474E-002
   4.8920398112386465E-002
   4.8924320377409458E-002
   4.8924573697149754E-002
   4.8926382325589657E-002
   4.8926759976893663E-002
   4.8926978372037411E-002
   4.8930008895695210E-002
   4.8930108547210693E-002
   4.8931808210909367E-002
   4.8933230340480804E-002
   4.8934143967926502E-002
   4.8935593571513891E-002
   4.8936044797301292E-002
   4.8936177976429462E-002
   4.8938585910946131E-002
   4.8938728403300047E-002
   4.8939817585051060E-002
   4.8940221313387156E-002
   4.8940561246126890E-002
   4.8943156842142344E-002
   4.8943704459816217E-002
   4.8945615999400616E-002
   4.8946816008538008E-002
   4.8947871662676334E-002
   4.8948388081043959E-002
   4.8951463308185339E-002
   4.8954192083328962E-002
   4.8956475686281919E-002
   4.8959622159600258E-002
   4.8959832172840834E-002
   4.8960902728140354E-002
   4.8962436616420746E-002
   4.8962597735226154E-002
   4.8963043373078108E-002
   4.8965589143335819E-002
   4.8966977279633284E-002
   4.8967046663165092E-002
   4.8969169612973928E-002
   4.8969824798405170E-002
   4.8970844596624374E-002
   4.8970865085721016E-002
   4.8973716329783201E-002
   4.8975902143865824E-002
   4.8976220190525055E-002
   4.8977280966937542E-002
   4.8983835149556398E-002
   4.8988427966833115E-002
   4.8988914582878351E-002
   4.8988971393555403E-002
   4.8993691802024841E-002
   4.8994558863341808E-002
   4.8995072487741709E-002
   4.8998842015862465E-002
   4.9000019673258066E-002
   4.9004575703293085E-002
   4.9005955923348665E-002
   4.9009748268872499E-002
   4.9011218361556530E-002
   4.9015278927981853E-002
   4.9020212143659592E-002
   4.9021731596440077E-002
   4.9026125576347113E-002
   4.9032269511371851E-002
   4.9033328425139189E-002
   4.9034395255148411E-002
   4.9045159015804529E-002
   4.9048613756895065E-002
   4.9054697621613741E-002
   4.9058560747653246E-002
   4.9059624783694744E-002
   4.9065565224736929E-002
   4.9066118896007538E-002
   4.9067111220210791E-002
   4.9067832063883543E-002
   4.9071832094341516E-002
   4.9071840941905975E-002
   4.9072905909270048E-002
   4.9075860530138016E-002
   4.9077689182013273E-002
   4.9078099895268679E-002
   4.9078788142651320E-002
   4.9081611912697554E-002
   4.9087075516581535E-002
   4.9087154213339090E-002
   4.9087590072304010E-002
   4.9093454610556364E-002
   4.9095242284238338E-002
   4.9097294453531504E-002
   4.9100423231720924E-002
   4.9100644886493683E-002
   4.9106126651167870E-002
   4.9108700361102819E-002
   4.9110640306025743E-002
   4.9114430788904428E-002
   4.9115673173218966E-002
   4.9116519745439291E-002
   4.9117107409983873E-002
   4.9126282334327698E-002
   4.9128203652799129E-002
   4.9128569662570953E-002
   4.9131157808005810E-002
   4.9134130124002695E-002
   4.9134657252579927E-002
   4.9136304296553135E-002
   4.9137497786432505E-002
   4.9137856345623732E-002
   4.9139619339257479E-002
   4.9140170216560364E-002
   4.9140673596411943E-002
   4.9141460563987494E-002
   4.9143847078084946E-002
   4.9146471545100212E-002
   4.9146655481308699E-002
   4.9149540252983570E-002
   4.9149820581078529E-002
   4.9151703249663115E-002
   4.9152271822094917E-002
   4.9153295811265707E-002
   4.9154115375131369E-002
   4.9155257642269135E-002
   4.9155462067574263E-002
   4.9156272318214178E-002
   4.9158136360347271E-002
   4.9158154055476189E-002
   4.9158297944813967E-002
   4.9159236717969179E-002
   4.9159517046064138E-002
   4.9165510106831789E-002
   4.9166196957230568E-002
   4.9169770441949368E-002
   4.9170040991157293E-002
   4.9170467536896467E-002
   4.9174314830452204E-002
   4.9174829851835966E-002
   4.9176510423421860E-002
   4.9177056644111872E-002
   4.9182225018739700E-002
   4.9184030853211880E-002
   4.9186606425791979E-002
   4.9186728894710541E-002
   4.9189342185854912E-002
   4.9201453570276499E-002
   4.9204023554921150E-002
   4.9204282462596893E-002
   4.9209245946258307E-002
   4.9211877863854170E-002
   4.9211879726499319E-002
   4.9214489292353392E-002
   4.9216286744922400E-002
   4.9216560088098049E-002
   4.9218012951314449E-002
   4.9218020867556334E-002
   4.9220385961234570E-002
   4.9223867710679770E-002
   4.9224109388887882E-002
   4.9224164802581072E-002
   4.9225458875298500E-002
   4.9227224197238684E-002
   4.9227926414459944E-002
   4.9229400698095560E-002
   4.9230135511606932E-002
   4.9231198150664568E-002
   4.9232108052819967E-002
   4.9233031924813986E-002
   4.9233975820243359E-002
   4.9234916921705008E-002
   4.9235936254262924E-002
   4.9238324165344238E-002
   4.9240851774811745E-002
   4.9245139118283987E-002
   4.9246618058532476E-002
   4.9247072078287601E-002
   4.9255505204200745E-002
   4.9256348982453346E-002
   4.9258339684456587E-002
   4.9258923623710871E-002
   4.9260843079537153E-002
   4.9261267762631178E-002
   4.9262446351349354E-002
   4.9264567904174328E-002
   4.9266298301517963E-002
   4.9272155389189720E-002
   4.9273030832409859E-002
   4.9275712575763464E-002
   4.9278336577117443E-002
   4.9280429724603891E-002
   4.9280826933681965E-002
   4.9282246269285679E-002
   4.9284148961305618E-002
   4.9288295675069094E-002
   4.9289222806692123E-002
   4.9292016308754683E-002
   4.9293725751340389E-002
   4.9295156728476286E-002
   4.9295491538941860E-002
   4.9296041484922171E-002
   4.9297388643026352E-002
   4.9298726487904787E-002
   4.9299947451800108E-002
   4.9300524871796370E-002
   4.9305419437587261E-002
   4.9309570342302322E-002
   4.9311344046145678E-002
   4.9314473289996386E-002
   4.9315237440168858E-002
   4.9316215328872204E-002
   4.9318247940391302E-002
   4.9324227031320333E-002
   4.9325058702379465E-002
   4.9325746949762106E-002
   4.9330503214150667E-002
   4.9332078546285629E-002
   4.9335205927491188E-002
   4.9339676275849342E-002
   4.9339950084686279E-002
   4.9342225305736065E-002
   4.9344460945576429E-002
   4.9344772938638926E-002
   4.9347781110554934E-002
   4.9352100118994713E-002
   4.9354538321495056E-002
   4.9355827271938324E-002
   4.9356193281710148E-002
   4.9358047079294920E-002
   4.9358066171407700E-002
   4.9361109267920256E-002
   4.9363894388079643E-002
   4.9366171471774578E-002
   4.9367715138942003E-002
   4.9370009917765856E-002
   4.9371509347110987E-002
   4.9372029490768909E-002
   4.9374432768672705E-002
   4.9376942217350006E-002
   4.9378840718418360E-002
   4.9379513598978519E-002
   4.9385844729840755E-002
   4.9385949969291687E-002
   4.9387475941330194E-002
   4.9389102496206760E-002
   4.9392684828490019E-002
   4.9393412657082081E-002
   4.9394032452255487E-002
   4.9394589848816395E-002
   4.9398598726838827E-002
   4.9404122401028872E-002
   4.9404792487621307E-002
   4.9405473750084639E-002
   4.9407306127250195E-002
   4.9408777616918087E-002
   4.9409826751798391E-002
   4.9411976244300604E-002
   4.9411997199058533E-002
   4.9412109889090061E-002
   4.9420220777392387E-002
   4.9420920200645924E-002
   4.9424188211560249E-002
   4.9425335600972176E-002
   4.9426618963479996E-002
   4.9428577534854412E-002
   4.9432762898504734E-002
   4.9436442553997040E-002
   4.9441809765994549E-002
   4.9441975541412830E-002
   4.9443567637354136E-002
   4.9445661250501871E-002
   4.9449455458670855E-002
   4.9450708087533712E-002
   4.9450788646936417E-002
   4.9451197963207960E-002
   4.9452091567218304E-002
   4.9456027802079916E-002
   4.9456132575869560E-002
   4.9457286018878222E-002
   4.9459220841526985E-002
   4.9462222028523684E-002
   4.9462831113487482E-002
   4.9462895374745131E-002
   4.9463686998933554E-002
   4.9466334283351898E-002
   4.9469219520688057E-002
   4.9469536170363426E-002
   4.9469846766442060E-002
   4.9471574835479259E-002
   4.9472775775939226E-002
   4.9476514570415020E-002
   4.9476736225187778E-002
   4.9477028194814920E-002
   4.9479011911898851E-002
   4.9483148846775293E-002
   4.9484567251056433E-002
   4.9484968651086092E-002
   4.9487563315778971E-002
   4.9491362180560827E-002
   4.9493862781673670E-002
   4.9494598992168903E-002
   4.9496041610836983E-002
   4.9497319385409355E-002
   4.9501422792673111E-002
   4.9502251204103231E-002
   4.9503067974001169E-002
   4.9506417941302061E-002
   4.9507756251841784E-002
   4.9507929012179375E-002
   4.9511015415191650E-002
   4.9512292724102736E-002
   4.9512686207890511E-002
   4.9517093226313591E-002
   4.9521176144480705E-002
   4.9521357286721468E-002
   4.9522132147103548E-002
   4.9528658390045166E-002
   4.9529104493558407E-002
   4.9529677256941795E-002
   4.9531269818544388E-002
   4.9531328957527876E-002
   4.9535303842276335E-002
   4.9536736682057381E-002
   4.9537055660039186E-002
   4.9541691783815622E-002
   4.9541832879185677E-002
   4.9541940446943045E-002
   4.9543060362339020E-002
   4.9543359782546759E-002
   4.9545690417289734E-002
   4.9547253176569939E-002
   4.9550951924175024E-002
   4.9551867414265871E-002
   4.9552878364920616E-002
   4.9555766396224499E-002
   4.9556169193238020E-002
   4.9556355457752943E-002
   4.9557011108845472E-002
   4.9559267703443766E-002
   4.9559279344975948E-002
   4.9562985077500343E-002
   4.9563056789338589E-002
   4.9564533866941929E-002
   4.9565573688596487E-002
   4.9568945541977882E-002
   4.9569986294955015E-002
   4.9575892742723227E-002
   4.9581002444028854E-002
   4.9581322353333235E-002
   4.9581571016460657E-002
   4.9584888387471437E-002
   4.9586698412895203E-002
   4.9586723092943430E-002
   4.9592704977840185E-002
   4.9596362281590700E-002
   4.9599309917539358E-002
   4.9604461062699556E-002
   4.9604939762502909E-002
   4.9605902750045061E-002
   4.9608049914240837E-002
   4.9609005916863680E-002
   4.9609559588134289E-002
   4.9610926304012537E-002
   4.9612113274633884E-002
   4.9613413866609335E-002
   4.9614475574344397E-002
   4.9619731027632952E-002
   4.9620385281741619E-002
   4.9622710794210434E-002
   4.9623708706349134E-002
   4.9624766223132610E-002
   4.9624868202954531E-002
   4.9625333398580551E-002
   4.9626405816525221E-002
   4.9629153218120337E-002
   4.9630240537226200E-002
   4.9631199799478054E-002
   4.9633570015430450E-002
   4.9634300172328949E-002
   4.9635985400527716E-002
   4.9638381693512201E-002
   4.9638425931334496E-002
   4.9640693236142397E-002
   4.9642336554825306E-002
   4.9642655998468399E-002
   4.9642831087112427E-002
   4.9642852041870356E-002
   4.9644175916910172E-002
   4.9644237384200096E-002
   4.9646600149571896E-002
   4.9649225082248449E-002
   4.9649824388325214E-002
   4.9651222303509712E-002
   4.9652325920760632E-002
   4.9653537105768919E-002
   4.9658761825412512E-002
   4.9659512471407652E-002
   4.9665026832371950E-002
   4.9665262456983328E-002
   4.9668098799884319E-002
   4.9668865744024515E-002
   4.9668958876281977E-002
   4.9669914878904819E-002
   4.9675704911351204E-002
   4.9680738244205713E-002
   4.9680826719850302E-002
   4.9682909157127142E-002
   4.9688323866575956E-002
   4.9689718987792730E-002
   4.9690261948853731E-002
   4.9690625630319118E-002
   4.9692991189658642E-002
   4.9696598201990128E-002
   4.9697978422045708E-002
   4.9701643642038107E-002
   4.9701766576617956E-002
   4.9702618271112442E-002
   4.9710757099092007E-002
   4.9723309464752674E-002
   4.9724488053470850E-002
   4.9725263379514217E-002
   4.9728896003216505E-002
   4.9734844826161861E-002
   4.9735383596271276E-002
   4.9738520290702581E-002
   4.9740864429622889E-002
   4.9741318915039301E-002
   4.9743982497602701E-002
   4.9745032098144293E-002
   4.9745264463126659E-002
   4.9746433272957802E-002
   4.9748771358281374E-002
   4.9749468453228474E-002
   4.9751338548958302E-002
   4.9753336235880852E-002
   4.9757476430386305E-002
   4.9758087843656540E-002
   4.9761021975427866E-002
   4.9765656702220440E-002
   4.9766003154218197E-002
   4.9766156822443008E-002
   4.9767205026000738E-002
   4.9768393393605947E-002
   4.9770204816013575E-002
   4.9772155005484819E-002
   4.9772593658417463E-002
   4.9783358816057444E-002
   4.9785315059125423E-002
   4.9788002390414476E-002
   4.9788252916187048E-002
   4.9788488540798426E-002
   4.9788702279329300E-002
   4.9791228026151657E-002
   4.9791525118052959E-002
   4.9791621044278145E-002
   4.9792476929724216E-002
   4.9792556557804346E-002
   4.9793119542300701E-002
   4.9793342594057322E-002
   4.9793510232120752E-002
   4.9794481601566076E-002
   4.9794563092291355E-002
   4.9795948900282383E-002
   4.9796902108937502E-002
   4.9798070453107357E-002
   4.9799234606325626E-002
   4.9803886562585831E-002
   4.9806805793195963E-002
   4.9809035845100880E-002
   4.9809787422418594E-002
   4.9809815362095833E-002
   4.9810282420367002E-002
   4.9810979980975389E-002
   4.9811855889856815E-002
   4.9814556259661913E-002
   4.9816328100860119E-002
   4.9817320425063372E-002
   4.9818573053926229E-002
   4.9818938132375479E-002
   4.9822187051177025E-002
   4.9823294393718243E-002
   4.9826862290501595E-002
   4.9829389434307814E-002
   4.9835395999252796E-002
   4.9836042802780867E-002
   4.9837861675769091E-002
   4.9841316882520914E-002
   4.9845938570797443E-002
   4.9847892485558987E-002
   4.9850548151880503E-002
   4.9851273652166128E-002
   4.9853823147714138E-002
   4.9854069948196411E-002
   4.9855168908834457E-002
   4.9859138671308756E-002
   4.9859189894050360E-002
   4.9859247170388699E-002
   4.9860907718539238E-002
   4.9862190149724483E-002
   4.9863768741488457E-002
   4.9864642787724733E-002
   4.9866167828440666E-002
   4.9867758061736822E-002
   4.9868146423250437E-002
   4.9868394155055285E-002
   4.9870120361447334E-002
   4.9879538360983133E-002
   4.9881350249052048E-002
   4.9885237589478493E-002
   4.9886702094227076E-002
   4.9890837632119656E-002
   4.9898422788828611E-002
   4.9899816047400236E-002
   4.9900026991963387E-002
   4.9901620019227266E-002
   4.9905573017895222E-002
   4.9906828440725803E-002
   4.9906862899661064E-002
   4.9907625652849674E-002
   4.9908781424164772E-002
   4.9912597052752972E-002
   4.9914086703211069E-002
   4.9916718155145645E-002
   4.9917728174477816E-002
   4.9921680241823196E-002
   4.9925847910344601E-002
   4.9928632564842701E-002
   4.9929787404835224E-002
   4.9930993933230639E-002
   4.9931489396840334E-002
   4.9932564143091440E-002
   4.9933565780520439E-002
   4.9935170914977789E-002
   4.9936528317630291E-002
   4.9943898804485798E-002
   4.9947951454669237E-002
   4.9948134925216436E-002
   4.9953261855989695E-002
   4.9954605754464865E-002
   4.9955415539443493E-002
   4.9955611117184162E-002
   4.9965059384703636E-002
   4.9969083163887262E-002
   4.9970624502748251E-002
   4.9971525091677904E-002
   4.9972390756011009E-002
   4.9973740242421627E-002
   4.9975133500993252E-002
   4.9976146314293146E-002
   4.9982726573944092E-002
   4.9983842298388481E-002
   4.9991641659289598E-002
   4.9995571374893188E-002
   4.9997400492429733E-002
   4.9998759292066097E-002
   4.9999019131064415E-002
   5.0001547671854496E-002
   5.0006540026515722E-002
   5.0006738863885403E-002
   5.0009041093289852E-002
   5.0011042971163988E-002
   5.0011236220598221E-002
   5.0012907478958368E-002
   5.0013318192213774E-002
   5.0014065578579903E-002
   5.0014406908303499E-002
   5.0019285641610622E-002
   5.0023300107568502E-002
   5.0026687793433666E-002
   5.0027567893266678E-002
   5.0027796998620033E-002
   5.0028142053633928E-002
   5.0032423809170723E-002
   5.0034270156174898E-002
   5.0034820567816496E-002
   5.0035151187330484E-002
   5.0041471607983112E-002
   5.0041544251143932E-002
   5.0048152450472116E-002
   5.0048897508531809E-002
   5.0051143392920494E-002
   5.0051319878548384E-002
   5.0052274484187365E-002
   5.0052334554493427E-002
   5.0053304061293602E-002
   5.0054296851158142E-002
   5.0058341119438410E-002
   5.0060654990375042E-002
   5.0063425675034523E-002
   5.0064048264175653E-002
   5.0064126495271921E-002
   5.0065997522324324E-002
   5.0067713949829340E-002
   5.0068420823663473E-002
   5.0070120953023434E-002
   5.0072099082171917E-002
   5.0074598286300898E-002
   5.0075385253876448E-002
   5.0076384562999010E-002
   5.0077292602509260E-002
   5.0077399704605341E-002
   5.0080157350748777E-002
   5.0080662127584219E-002
   5.0083530135452747E-002
   5.0084751565009356E-002
   5.0085533410310745E-002
   5.0086039584130049E-002
   5.0087484065443277E-002
   5.0087835639715195E-002
   5.0092674791812897E-002
   5.0094129983335733E-002
   5.0094141624867916E-002
   5.0094932317733765E-002
   5.0095616839826107E-002
   5.0095834303647280E-002
   5.0103127490729094E-002
   5.0104806665331125E-002
   5.0110088195651770E-002
   5.0112789496779442E-002
   5.0113147590309381E-002
   5.0120749510824680E-002
   5.0127805676311255E-002
   5.0129331648349762E-002
